Copyright 1986-2022 Xilinx, Inc. All Rights Reserved. Copyright 2022-2024 Advanced Micro Devices, Inc. All Rights Reserved.
------------------------------------------------------------------------------------------------------------------------------------------------------------------------------------------------------------------------------------------
| Tool Version : Vivado v.2024.1 (lin64) Build 5076996 Wed May 22 18:36:09 MDT 2024
| Date         : Thu Apr 16 18:28:09 2026
| Host         : projet1 running 64-bit Ubuntu 20.04.6 LTS
| Command      : report_timing_summary -max_paths 10 -report_unconstrained -file cva6_zybo_z7_20_timing_summary_routed.rpt -pb cva6_zybo_z7_20_timing_summary_routed.pb -rpx cva6_zybo_z7_20_timing_summary_routed.rpx -warn_on_violation
| Design       : cva6_zybo_z7_20
| Device       : 7z020-clg400
| Speed File   : -1  PRODUCTION 1.12 2019-11-22
| Design State : Routed
------------------------------------------------------------------------------------------------------------------------------------------------------------------------------------------------------------------------------------------

Timing Summary Report

------------------------------------------------------------------------------------------------
| Timer Settings
| --------------
------------------------------------------------------------------------------------------------

  Enable Multi Corner Analysis               :  Yes
  Enable Pessimism Removal                   :  Yes
  Pessimism Removal Resolution               :  Nearest Common Node
  Enable Input Delay Default Clock           :  No
  Enable Preset / Clear Arcs                 :  No
  Disable Flight Delays                      :  No
  Ignore I/O Paths                           :  No
  Timing Early Launch at Borrowing Latches   :  No
  Borrow Time for Max Delay Exceptions       :  Yes
  Merge Timing Exceptions                    :  Yes
  Inter-SLR Compensation                     :  Conservative

  Corner  Analyze    Analyze    
  Name    Max Paths  Min Paths  
  ------  ---------  ---------  
  Slow    Yes        Yes        
  Fast    Yes        Yes        


------------------------------------------------------------------------------------------------
| Report Methodology
| ------------------
------------------------------------------------------------------------------------------------

Rule       Severity          Description                                     Violations  
---------  ----------------  ----------------------------------------------  ----------  
TIMING-6   Critical Warning  No common primary clock between related clocks  1           
TIMING-7   Critical Warning  No common node between related clocks           1           
DPIR-1     Warning           Asynchronous driver check                       576         
LUTAR-1    Warning           LUT drives async reset alert                    4           
SYNTH-10   Warning           Wide multiplier                                 4           
TIMING-10  Warning           Missing property on synchronizer                1           
TIMING-18  Warning           Missing input or output delay                   3           
XDCH-2     Warning           Same min and max delay values on IO port        3           

Note: This report is based on the most recent report_methodology run and may not be up-to-date. Run report_methodology on the current design for the latest report.



check_timing report

Table of Contents
-----------------
1. checking no_clock (0)
2. checking constant_clock (0)
3. checking pulse_width_clock (0)
4. checking unconstrained_internal_endpoints (0)
5. checking no_input_delay (2)
6. checking no_output_delay (1)
7. checking multiple_clock (0)
8. checking generated_clocks (0)
9. checking loops (0)
10. checking partial_input_delay (3)
11. checking partial_output_delay (0)
12. checking latch_loops (0)

1. checking no_clock (0)
------------------------
 There are 0 register/latch pins with no clock.


2. checking constant_clock (0)
------------------------------
 There are 0 register/latch pins with constant_clock.


3. checking pulse_width_clock (0)
---------------------------------
 There are 0 register/latch pins which need pulse_width check


4. checking unconstrained_internal_endpoints (0)
------------------------------------------------
 There are 0 pins that are not constrained for maximum delay.

 There are 0 pins that are not constrained for maximum delay due to constant clock.


5. checking no_input_delay (2)
------------------------------
 There are 2 input ports with no input delay specified. (HIGH)

 There are 0 input ports with no input delay but user has a false path constraint.


6. checking no_output_delay (1)
-------------------------------
 There is 1 port with no output delay specified. (HIGH)

 There are 0 ports with no output delay but user has a false path constraint

 There are 0 ports with no output delay but with a timing clock defined on it or propagating through it


7. checking multiple_clock (0)
------------------------------
 There are 0 register/latch pins with multiple clocks.


8. checking generated_clocks (0)
--------------------------------
 There are 0 generated clocks that are not connected to a clock source.


9. checking loops (0)
---------------------
 There are 0 combinational loops in the design.


10. checking partial_input_delay (3)
------------------------------------
 There are 3 input ports with partial input delay specified. (HIGH)


11. checking partial_output_delay (0)
-------------------------------------
 There are 0 ports with partial output delay specified.


12. checking latch_loops (0)
----------------------------
 There are 0 combinational latch loops in the design through latch input



------------------------------------------------------------------------------------------------
| Design Timing Summary
| ---------------------
------------------------------------------------------------------------------------------------

    WNS(ns)      TNS(ns)  TNS Failing Endpoints  TNS Total Endpoints      WHS(ns)      THS(ns)  THS Failing Endpoints  THS Total Endpoints     WPWS(ns)     TPWS(ns)  TPWS Failing Endpoints  TPWS Total Endpoints  
    -------      -------  ---------------------  -------------------      -------      -------  ---------------------  -------------------     --------     --------  ----------------------  --------------------  
      0.480        0.000                      0                45054        0.017        0.000                      0                45018        2.000        0.000                       0                 15574  


All user specified timing constraints are met.


------------------------------------------------------------------------------------------------
| Clock Summary
| -------------
------------------------------------------------------------------------------------------------

Clock                    Waveform(ns)         Period(ns)      Frequency(MHz)
-----                    ------------         ----------      --------------
clk_sys                  {0.000 4.000}        8.000           125.000         
  clk_out1_xlnx_clk_gen  {0.000 15.625}       31.250          32.000          
  clkfbout_xlnx_clk_gen  {0.000 4.000}        8.000           125.000         
tck                      {0.000 62.500}       125.000         8.000           


------------------------------------------------------------------------------------------------
| Intra Clock Table
| -----------------
------------------------------------------------------------------------------------------------

Clock                        WNS(ns)      TNS(ns)  TNS Failing Endpoints  TNS Total Endpoints      WHS(ns)      THS(ns)  THS Failing Endpoints  THS Total Endpoints     WPWS(ns)     TPWS(ns)  TPWS Failing Endpoints  TPWS Total Endpoints  
-----                        -------      -------  ---------------------  -------------------      -------      -------  ---------------------  -------------------     --------     --------  ----------------------  --------------------  
clk_sys                                                                                                                                                                    2.000        0.000                       0                     1  
  clk_out1_xlnx_clk_gen        0.480        0.000                      0                32917        0.017        0.000                      0                32917       14.375        0.000                       0                 15311  
  clkfbout_xlnx_clk_gen                                                                                                                                                    5.845        0.000                       0                     3  
tck                            1.571        0.000                      0                  453        0.117        0.000                      0                  453       62.000        0.000                       0                   259  


------------------------------------------------------------------------------------------------
| Inter Clock Table
| -----------------
------------------------------------------------------------------------------------------------

From Clock             To Clock                   WNS(ns)      TNS(ns)  TNS Failing Endpoints  TNS Total Endpoints      WHS(ns)      THS(ns)  THS Failing Endpoints  THS Total Endpoints  
----------             --------                   -------      -------  ---------------------  -------------------      -------      -------  ---------------------  -------------------  
tck                    clk_out1_xlnx_clk_gen       20.176        0.000                      0                   43        2.795        0.000                      0                   43  
clk_out1_xlnx_clk_gen  tck                         18.518        0.000                      0                   36                                                                        


------------------------------------------------------------------------------------------------
| Other Path Groups Table
| -----------------------
------------------------------------------------------------------------------------------------

Path Group             From Clock             To Clock                   WNS(ns)      TNS(ns)  TNS Failing Endpoints  TNS Total Endpoints      WHS(ns)      THS(ns)  THS Failing Endpoints  THS Total Endpoints  
----------             ----------             --------                   -------      -------  ---------------------  -------------------      -------      -------  ---------------------  -------------------  
**async_default**      clk_out1_xlnx_clk_gen  clk_out1_xlnx_clk_gen       27.190        0.000                      0                11605        0.557        0.000                      0                11605  


------------------------------------------------------------------------------------------------
| User Ignored Path Table
| -----------------------
------------------------------------------------------------------------------------------------

Path Group             From Clock             To Clock             
----------             ----------             --------             
(none)                 clk_out1_xlnx_clk_gen  clk_out1_xlnx_clk_gen  
(none)                                        tck                    
(none)                 clk_out1_xlnx_clk_gen  tck                    


------------------------------------------------------------------------------------------------
| Unconstrained Path Table
| ------------------------
------------------------------------------------------------------------------------------------

Path Group             From Clock             To Clock             
----------             ----------             --------             
(none)                 clk_out1_xlnx_clk_gen                         
(none)                 clkfbout_xlnx_clk_gen                         
(none)                                        clk_out1_xlnx_clk_gen  


------------------------------------------------------------------------------------------------
| Timing Details
| --------------
------------------------------------------------------------------------------------------------


---------------------------------------------------------------------------------------------------
From Clock:  clk_sys
  To Clock:  clk_sys

Setup :           NA  Failing Endpoints,  Worst Slack           NA  ,  Total Violation           NA
Hold  :           NA  Failing Endpoints,  Worst Slack           NA  ,  Total Violation           NA
PW    :            0  Failing Endpoints,  Worst Slack        2.000ns,  Total Violation        0.000ns
---------------------------------------------------------------------------------------------------


Pulse Width Checks
--------------------------------------------------------------------------------------
Clock Name:         clk_sys
Waveform(ns):       { 0.000 4.000 }
Period(ns):         8.000
Sources:            { clk_sys }

Check Type        Corner  Lib Pin            Reference Pin  Required(ns)  Actual(ns)  Slack(ns)  Location         Pin
Min Period        n/a     MMCME2_ADV/CLKIN1  n/a            1.249         8.000       6.751      MMCME2_ADV_X1Y2  i_xlnx_clk_gen/inst/mmcm_adv_inst/CLKIN1
Max Period        n/a     MMCME2_ADV/CLKIN1  n/a            100.000       8.000       92.000     MMCME2_ADV_X1Y2  i_xlnx_clk_gen/inst/mmcm_adv_inst/CLKIN1
Low Pulse Width   Slow    MMCME2_ADV/CLKIN1  n/a            2.000         4.000       2.000      MMCME2_ADV_X1Y2  i_xlnx_clk_gen/inst/mmcm_adv_inst/CLKIN1
Low Pulse Width   Fast    MMCME2_ADV/CLKIN1  n/a            2.000         4.000       2.000      MMCME2_ADV_X1Y2  i_xlnx_clk_gen/inst/mmcm_adv_inst/CLKIN1
High Pulse Width  Slow    MMCME2_ADV/CLKIN1  n/a            2.000         4.000       2.000      MMCME2_ADV_X1Y2  i_xlnx_clk_gen/inst/mmcm_adv_inst/CLKIN1
High Pulse Width  Fast    MMCME2_ADV/CLKIN1  n/a            2.000         4.000       2.000      MMCME2_ADV_X1Y2  i_xlnx_clk_gen/inst/mmcm_adv_inst/CLKIN1



---------------------------------------------------------------------------------------------------
From Clock:  clk_out1_xlnx_clk_gen
  To Clock:  clk_out1_xlnx_clk_gen

Setup :            0  Failing Endpoints,  Worst Slack        0.480ns,  Total Violation        0.000ns
Hold  :            0  Failing Endpoints,  Worst Slack        0.017ns,  Total Violation        0.000ns
PW    :            0  Failing Endpoints,  Worst Slack       14.375ns,  Total Violation        0.000ns
---------------------------------------------------------------------------------------------------


Max Delay Paths
--------------------------------------------------------------------------------------
Slack (MET) :             0.480ns  (required time - arrival time)
  Source:                 i_ariane/i_cva6/gen_cache_hpd.i_cache_subsystem/i_dcache/i_hpdcache/hpdcache_ctrl_i/hpdcache_memctrl_i/gen_dir_sram[1].dir_sram/ram_i/mem_reg/CLKARDCLK
                            (rising edge-triggered cell RAMB18E1 clocked by clk_out1_xlnx_clk_gen  {rise@0.000ns fall@15.625ns period=31.250ns})
  Destination:            i_ariane/i_cva6/issue_stage_i/i_scoreboard/mem_q_reg[0][sbe][rd][2]/D
                            (rising edge-triggered cell FDCE clocked by clk_out1_xlnx_clk_gen  {rise@0.000ns fall@15.625ns period=31.250ns})
  Path Group:             clk_out1_xlnx_clk_gen
  Path Type:              Setup (Max at Slow Process Corner)
  Requirement:            31.250ns  (clk_out1_xlnx_clk_gen rise@31.250ns - clk_out1_xlnx_clk_gen rise@0.000ns)
  Data Path Delay:        30.113ns  (logic 7.768ns (25.796%)  route 22.345ns (74.204%))
  Logic Levels:           34  (CARRY4=2 LUT2=3 LUT3=1 LUT4=3 LUT5=6 LUT6=18 MUXF7=1)
  Clock Path Skew:        -0.317ns (DCD - SCD + CPR)
    Destination Clock Delay (DCD):    -1.619ns = ( 29.631 - 31.250 ) 
    Source Clock Delay      (SCD):    -0.850ns
    Clock Pessimism Removal (CPR):    0.453ns
  Clock Uncertainty:      0.085ns  ((TSJ^2 + DJ^2)^1/2) / 2 + PE
    Total System Jitter     (TSJ):    0.071ns
    Discrete Jitter          (DJ):    0.155ns
    Phase Error              (PE):    0.000ns

    Location             Delay type                Incr(ns)  Path(ns)    Netlist Resource(s)
  -------------------------------------------------------------------    -------------------
                         (clock clk_out1_xlnx_clk_gen rise edge)
                                                      0.000     0.000 r  
    K17                                               0.000     0.000 r  clk_sys (IN)
                         net (fo=0)                   0.000     0.000    i_xlnx_clk_gen/inst/clk_in1
    K17                  IBUF (Prop_ibuf_I_O)         1.475     1.475 r  i_xlnx_clk_gen/inst/clkin1_ibufg/O
                         net (fo=1, routed)           1.285     2.760    i_xlnx_clk_gen/inst/clk_in1_xlnx_clk_gen
    MMCME2_ADV_X1Y2      MMCME2_ADV (Prop_mmcme2_adv_CLKIN1_CLKOUT0)
                                                     -7.759    -4.999 r  i_xlnx_clk_gen/inst/mmcm_adv_inst/CLKOUT0
                         net (fo=1, routed)           2.206    -2.793    i_xlnx_clk_gen/inst/clk_out1_xlnx_clk_gen
    BUFGCTRL_X0Y16       BUFG (Prop_bufg_I_O)         0.101    -2.692 r  i_xlnx_clk_gen/inst/clkout1_buf/O
                         net (fo=15309, routed)       1.842    -0.850    i_ariane/i_cva6/gen_cache_hpd.i_cache_subsystem/i_dcache/i_hpdcache/hpdcache_ctrl_i/hpdcache_memctrl_i/gen_dir_sram[1].dir_sram/ram_i/clk_out1
    RAMB18_X4Y16         RAMB18E1                                     r  i_ariane/i_cva6/gen_cache_hpd.i_cache_subsystem/i_dcache/i_hpdcache/hpdcache_ctrl_i/hpdcache_memctrl_i/gen_dir_sram[1].dir_sram/ram_i/mem_reg/CLKARDCLK
  -------------------------------------------------------------------    -------------------
    RAMB18_X4Y16         RAMB18E1 (Prop_ramb18e1_CLKARDCLK_DOADO[2])
                                                      2.454     1.604 r  i_ariane/i_cva6/gen_cache_hpd.i_cache_subsystem/i_dcache/i_hpdcache/hpdcache_ctrl_i/hpdcache_memctrl_i/gen_dir_sram[1].dir_sram/ram_i/mem_reg/DOADO[2]
                         net (fo=6, routed)           1.171     2.776    i_ariane/i_cva6/gen_cache_hpd.i_cache_subsystem/i_dcache/i_hpdcache/hpdcache_ctrl_i/hpdcache_memctrl_i/gen_dir_sram[1].dir_sram/ram_i/DOADO[2]
    SLICE_X90Y41         LUT6 (Prop_lut6_I2_O)        0.124     2.900 r  i_ariane/i_cva6/gen_cache_hpd.i_cache_subsystem/i_dcache/i_hpdcache/hpdcache_ctrl_i/hpdcache_memctrl_i/gen_dir_sram[1].dir_sram/ram_i/req_q[0][way_fetch][0]_i_11/O
                         net (fo=1, routed)           0.000     2.900    i_ariane/i_cva6/gen_cache_hpd.i_cache_subsystem/i_dcache/i_hpdcache/hpdcache_ctrl_i/hpdcache_memctrl_i/gen_dir_sram[1].dir_sram/ram_i/req_q[0][way_fetch][0]_i_11_n_0
    SLICE_X90Y41         CARRY4 (Prop_carry4_S[0]_CO[3])
                                                      0.513     3.413 r  i_ariane/i_cva6/gen_cache_hpd.i_cache_subsystem/i_dcache/i_hpdcache/hpdcache_ctrl_i/hpdcache_memctrl_i/gen_dir_sram[1].dir_sram/ram_i/req_q_reg[0][way_fetch][0]_i_3/CO[3]
                         net (fo=1, routed)           0.000     3.413    i_ariane/i_cva6/gen_cache_hpd.i_cache_subsystem/i_dcache/i_hpdcache/hpdcache_ctrl_i/hpdcache_memctrl_i/gen_dir_sram[1].dir_sram/ram_i/req_q_reg[0][way_fetch][0]_i_3_n_0
    SLICE_X90Y42         CARRY4 (Prop_carry4_CI_CO[3])
                                                      0.117     3.530 r  i_ariane/i_cva6/gen_cache_hpd.i_cache_subsystem/i_dcache/i_hpdcache/hpdcache_ctrl_i/hpdcache_memctrl_i/gen_dir_sram[1].dir_sram/ram_i/req_q_reg[0][way_fetch][0]_i_2/CO[3]
                         net (fo=58, routed)          1.142     4.672    i_ariane/i_cva6/gen_cache_hpd.i_cache_subsystem/i_dcache/i_hpdcache/hpdcache_ctrl_i/hpdcache_memctrl_i/gen_dir_sram[1].dir_sram/ram_i/CO[0]
    SLICE_X88Y44         LUT2 (Prop_lut2_I0_O)        0.118     4.790 r  i_ariane/i_cva6/gen_cache_hpd.i_cache_subsystem/i_dcache/i_hpdcache/hpdcache_ctrl_i/hpdcache_memctrl_i/gen_dir_sram[1].dir_sram/ram_i/st2_dir_updt_way_q[1]_i_2/O
                         net (fo=4, routed)           0.685     5.475    i_ariane/i_cva6/gen_cache_hpd.i_cache_subsystem/i_dcache/i_hpdcache/hpdcache_ctrl_i/hpdcache_memctrl_i/gen_dir_sram[0].dir_sram/ram_i/st1_dir_hit_way[0]
    SLICE_X88Y45         LUT6 (Prop_lut6_I4_O)        0.326     5.801 r  i_ariane/i_cva6/gen_cache_hpd.i_cache_subsystem/i_dcache/i_hpdcache/hpdcache_ctrl_i/hpdcache_memctrl_i/gen_dir_sram[0].dir_sram/ram_i/st2_dir_updt_valid_q_i_11/O
                         net (fo=10, routed)          1.014     6.814    i_ariane/i_cva6/gen_cache_hpd.i_cache_subsystem/i_dcache/i_hpdcache/hpdcache_ctrl_i/hpdcache_memctrl_i/gen_dir_sram[0].dir_sram/ram_i/mem_reg_32
    SLICE_X79Y46         LUT5 (Prop_lut5_I2_O)        0.124     6.938 f  i_ariane/i_cva6/gen_cache_hpd.i_cache_subsystem/i_dcache/i_hpdcache/hpdcache_ctrl_i/hpdcache_memctrl_i/gen_dir_sram[0].dir_sram/ram_i/deps_q[0][flush_hit]_i_7/O
                         net (fo=9, routed)           0.698     7.636    i_ariane/i_cva6/gen_cache_hpd.i_cache_subsystem/i_dcache/i_hpdcache/hpdcache_ctrl_i/hpdcache_memctrl_i/gen_dir_sram[0].dir_sram/ram_i/st1_req_q_reg[pma][wr_policy_hint][0]_0
    SLICE_X79Y46         LUT5 (Prop_lut5_I2_O)        0.124     7.760 r  i_ariane/i_cva6/gen_cache_hpd.i_cache_subsystem/i_dcache/i_hpdcache/hpdcache_ctrl_i/hpdcache_memctrl_i/gen_dir_sram[0].dir_sram/ram_i/deps_q[0][wbuf_not_ready]_i_6/O
                         net (fo=2, routed)           0.445     8.205    i_ariane/i_cva6/gen_cache_hpd.i_cache_subsystem/i_dcache/i_hpdcache/hpdcache_ctrl_i/hpdcache_memctrl_i/gen_dir_sram[0].dir_sram/ram_i/mem_reg_37
    SLICE_X79Y46         LUT5 (Prop_lut5_I0_O)        0.124     8.329 r  i_ariane/i_cva6/gen_cache_hpd.i_cache_subsystem/i_dcache/i_hpdcache/hpdcache_ctrl_i/hpdcache_memctrl_i/gen_dir_sram[0].dir_sram/ram_i/FSM_sequential_pop_try_state_q[1]_i_3/O
                         net (fo=5, routed)           0.444     8.773    i_ariane/i_cva6/gen_cache_hpd.i_cache_subsystem/i_dcache/i_hpdcache/hpdcache_ctrl_i/hpdcache_memctrl_i/gen_dir_sram[0].dir_sram/ram_i/wbuf_data_valid_q_reg[0]
    SLICE_X74Y47         LUT6 (Prop_lut6_I0_O)        0.124     8.897 r  i_ariane/i_cva6/gen_cache_hpd.i_cache_subsystem/i_dcache/i_hpdcache/hpdcache_ctrl_i/hpdcache_memctrl_i/gen_dir_sram[0].dir_sram/ram_i/ldbuf_valid_q[1]_i_4/O
                         net (fo=1, routed)           0.786     9.683    i_ariane/i_cva6/gen_cache_hpd.i_cache_subsystem/i_dcache/i_hpdcache/hpdcache_ctrl_i/hpdcache_memctrl_i/gen_dir_sram[0].dir_sram/ram_i/ldbuf_valid_q[1]_i_4_n_0
    SLICE_X67Y55         LUT6 (Prop_lut6_I1_O)        0.124     9.807 f  i_ariane/i_cva6/gen_cache_hpd.i_cache_subsystem/i_dcache/i_hpdcache/hpdcache_ctrl_i/hpdcache_memctrl_i/gen_dir_sram[0].dir_sram/ram_i/ldbuf_valid_q[1]_i_3/O
                         net (fo=5, routed)           0.504    10.311    i_ariane/i_cva6/ex_stage_i/lsu_i/lsu_bypass_i/dcache_req_ports_cache_ex[1][data_rvalid]
    SLICE_X67Y62         LUT4 (Prop_lut4_I2_O)        0.124    10.435 r  i_ariane/i_cva6/ex_stage_i/lsu_i/lsu_bypass_i/i___215_i_6/O
                         net (fo=4, routed)           0.773    11.208    i_ariane/i_cva6/ex_stage_i/lsu_i/lsu_bypass_i/gen_no_mmu.pmp_exception_reg[valid]
    SLICE_X67Y71         LUT5 (Prop_lut5_I1_O)        0.124    11.332 r  i_ariane/i_cva6/ex_stage_i/lsu_i/lsu_bypass_i/i___215_i_5/O
                         net (fo=28, routed)          0.714    12.047    i_ariane/i_cva6/issue_stage_i/i_scoreboard/load_trans_id_ex_id[0]
    SLICE_X67Y76         LUT6 (Prop_lut6_I4_O)        0.124    12.171 f  i_ariane/i_cva6/issue_stage_i/i_scoreboard/i___227_i_1/O
                         net (fo=6, routed)           0.633    12.803    i_ariane/i_cva6/ex_stage_i/lsu_i/i_load_unit/i__i_12
    SLICE_X67Y74         LUT5 (Prop_lut5_I0_O)        0.124    12.927 f  i_ariane/i_cva6/ex_stage_i/lsu_i/i_load_unit/i__i_76/O
                         net (fo=3, routed)           1.037    13.964    i_ariane/i_cva6/issue_stage_i/i_scoreboard/i__i_6_1
    SLICE_X67Y79         LUT6 (Prop_lut6_I0_O)        0.124    14.088 f  i_ariane/i_cva6/issue_stage_i/i_scoreboard/i__i_33/O
                         net (fo=36, routed)          0.906    14.995    i_ariane/i_cva6/issue_stage_i/i_scoreboard/i_issue_read_operands/rs1_fwd_req[0]_98[2]
    SLICE_X81Y80         LUT6 (Prop_lut6_I1_O)        0.124    15.119 f  i_ariane/i_cva6/issue_stage_i/i_scoreboard/i__i_86/O
                         net (fo=6, routed)           0.474    15.592    i_ariane/i_cva6/issue_stage_i/i_scoreboard/i__i_86_n_0
    SLICE_X84Y82         LUT6 (Prop_lut6_I2_O)        0.124    15.716 f  i_ariane/i_cva6/issue_stage_i/i_scoreboard/i__i_61/O
                         net (fo=3, routed)           0.467    16.183    i_ariane/i_cva6/issue_stage_i/i_scoreboard/i__i_61_n_0
    SLICE_X87Y84         LUT2 (Prop_lut2_I0_O)        0.124    16.307 f  i_ariane/i_cva6/issue_stage_i/i_scoreboard/i___206_i_46/O
                         net (fo=1, routed)           0.425    16.732    i_ariane/i_cva6/issue_stage_i/i_scoreboard/i_issue_read_operands/rs1_available
    SLICE_X84Y85         LUT6 (Prop_lut6_I1_O)        0.124    16.856 r  i_ariane/i_cva6/issue_stage_i/i_scoreboard/i___206_i_27/O
                         net (fo=1, routed)           0.686    17.542    i_ariane/i_cva6/id_stage_i/alu_valid_q[0]_i_3_0
    SLICE_X67Y84         LUT4 (Prop_lut4_I3_O)        0.124    17.666 r  i_ariane/i_cva6/id_stage_i/i___206_i_13/O
                         net (fo=4, routed)           0.508    18.174    i_ariane/i_cva6/id_stage_i/i___206_i_13_n_0
    SLICE_X67Y83         LUT6 (Prop_lut6_I1_O)        0.124    18.298 f  i_ariane/i_cva6/id_stage_i/i___206_i_3/O
                         net (fo=3, routed)           0.481    18.779    i_ariane/gen_example_coprocessor.i_cvxif_coprocessor/radix_mem_reg[0]_0
    SLICE_X67Y83         LUT4 (Prop_lut4_I2_O)        0.124    18.903 f  i_ariane/gen_example_coprocessor.i_cvxif_coprocessor/i___24_i_2/O
                         net (fo=3, routed)           0.830    19.733    i_ariane/i_cva6/id_stage_i/cvxif_resp[issue_ready]
    SLICE_X67Y83         LUT3 (Prop_lut3_I0_O)        0.152    19.885 f  i_ariane/i_cva6/id_stage_i/x_transaction_rejected_o_i_2/O
                         net (fo=4, routed)           0.397    20.281    i_ariane/i_cva6/id_stage_i/issue_stage_i/i_issue_read_operands/x_transaction_rejected
    SLICE_X66Y83         LUT6 (Prop_lut6_I5_O)        0.332    20.613 r  i_ariane/i_cva6/id_stage_i/i__i_4__0/O
                         net (fo=1, routed)           0.573    21.186    i_ariane/i_cva6/id_stage_i/i__i_4__0_n_0
    SLICE_X65Y82         LUT6 (Prop_lut6_I2_O)        0.124    21.310 f  i_ariane/i_cva6/id_stage_i/i__i_3/O
                         net (fo=3, routed)           0.315    21.626    i_ariane/i_cva6/issue_stage_i/i_scoreboard/issue_ack_iro_sb
    SLICE_X65Y84         LUT2 (Prop_lut2_I1_O)        0.124    21.750 r  i_ariane/i_cva6/issue_stage_i/i_scoreboard/mem_q[7][sbe][fu][2]_i_2/O
                         net (fo=32, routed)          0.726    22.476    i_ariane/i_cva6/issue_stage_i/i_scoreboard/mem_q[7][sbe][fu][2]_i_2_n_0
    SLICE_X59Y89         LUT6 (Prop_lut6_I1_O)        0.124    22.600 f  i_ariane/i_cva6/issue_stage_i/i_scoreboard/mem_q[1][sbe][fu][2]_i_1/O
                         net (fo=5, routed)           1.115    23.715    i_ariane/i_cva6/issue_stage_i/i_scoreboard/mem_q[1][sbe][fu][2]_i_1_n_0
    SLICE_X60Y85         LUT6 (Prop_lut6_I2_O)        0.124    23.839 r  i_ariane/i_cva6/issue_stage_i/i_scoreboard/i___54/O
                         net (fo=1, routed)           0.936    24.775    i_ariane/i_cva6/issue_stage_i/i_scoreboard/i___54_n_0
    SLICE_X62Y83         LUT6 (Prop_lut6_I0_O)        0.124    24.899 f  i_ariane/i_cva6/issue_stage_i/i_scoreboard/i___52_i_2/O
                         net (fo=1, routed)           0.000    24.899    i_ariane/i_cva6/issue_stage_i/i_scoreboard/i___52_i_2_n_0
    SLICE_X62Y83         MUXF7 (Prop_muxf7_I0_O)      0.209    25.108 f  i_ariane/i_cva6/issue_stage_i/i_scoreboard/i___52_i_1/O
                         net (fo=11, routed)          0.853    25.961    i_ariane/i_cva6/issue_stage_i/i_scoreboard/i___52_i_1_n_0
    SLICE_X60Y82         LUT6 (Prop_lut6_I1_O)        0.297    26.258 r  i_ariane/i_cva6/issue_stage_i/i_scoreboard/i___40_i_2/O
                         net (fo=6, routed)           0.495    26.753    i_ariane/i_cva6/issue_stage_i/i_scoreboard/i___40_i_2_n_0
    SLICE_X59Y80         LUT6 (Prop_lut6_I3_O)        0.124    26.877 r  i_ariane/i_cva6/issue_stage_i/i_scoreboard/i___40/O
                         net (fo=1, routed)           0.858    27.735    i_ariane/i_cva6/issue_stage_i/i_scoreboard/i___40_n_0
    SLICE_X60Y79         LUT6 (Prop_lut6_I2_O)        0.124    27.859 r  i_ariane/i_cva6/issue_stage_i/i_scoreboard/i___34/O
                         net (fo=8, routed)           0.780    28.638    i_ariane/i_cva6/issue_stage_i/i_scoreboard/i___34_n_0
    SLICE_X58Y79         LUT5 (Prop_lut5_I0_O)        0.150    28.788 r  i_ariane/i_cva6/issue_stage_i/i_scoreboard/mem_q[0][sbe][rd][2]_i_1/O
                         net (fo=1, routed)           0.475    29.263    i_ariane/i_cva6/issue_stage_i/i_scoreboard/mem_q[0][sbe][rd][2]_i_1_n_0
    SLICE_X58Y79         FDCE                                         r  i_ariane/i_cva6/issue_stage_i/i_scoreboard/mem_q_reg[0][sbe][rd][2]/D
  -------------------------------------------------------------------    -------------------

                         (clock clk_out1_xlnx_clk_gen rise edge)
                                                     31.250    31.250 r  
    K17                                               0.000    31.250 r  clk_sys (IN)
                         net (fo=0)                   0.000    31.250    i_xlnx_clk_gen/inst/clk_in1
    K17                  IBUF (Prop_ibuf_I_O)         1.404    32.654 r  i_xlnx_clk_gen/inst/clkin1_ibufg/O
                         net (fo=1, routed)           1.162    33.816    i_xlnx_clk_gen/inst/clk_in1_xlnx_clk_gen
    MMCME2_ADV_X1Y2      MMCME2_ADV (Prop_mmcme2_adv_CLKIN1_CLKOUT0)
                                                     -7.814    26.002 r  i_xlnx_clk_gen/inst/mmcm_adv_inst/CLKOUT0
                         net (fo=1, routed)           2.012    28.014    i_xlnx_clk_gen/inst/clk_out1_xlnx_clk_gen
    BUFGCTRL_X0Y16       BUFG (Prop_bufg_I_O)         0.091    28.105 r  i_xlnx_clk_gen/inst/clkout1_buf/O
                         net (fo=15309, routed)       1.526    29.631    i_ariane/i_cva6/issue_stage_i/i_scoreboard/clk_out1
    SLICE_X58Y79         FDCE                                         r  i_ariane/i_cva6/issue_stage_i/i_scoreboard/mem_q_reg[0][sbe][rd][2]/C
                         clock pessimism              0.453    30.083    
                         clock uncertainty           -0.085    29.998    
    SLICE_X58Y79         FDCE (Setup_fdce_C_D)       -0.255    29.743    i_ariane/i_cva6/issue_stage_i/i_scoreboard/mem_q_reg[0][sbe][rd][2]
  -------------------------------------------------------------------
                         required time                         29.743    
                         arrival time                         -29.263    
  -------------------------------------------------------------------
                         slack                                  0.480    

Slack (MET) :             0.483ns  (required time - arrival time)
  Source:                 i_ariane/i_cva6/gen_cache_hpd.i_cache_subsystem/i_dcache/i_hpdcache/hpdcache_ctrl_i/hpdcache_memctrl_i/gen_dir_sram[1].dir_sram/ram_i/mem_reg/CLKARDCLK
                            (rising edge-triggered cell RAMB18E1 clocked by clk_out1_xlnx_clk_gen  {rise@0.000ns fall@15.625ns period=31.250ns})
  Destination:            i_ariane/i_cva6/issue_stage_i/i_scoreboard/mem_q_reg[4][sbe][rd][3]/D
                            (rising edge-triggered cell FDCE clocked by clk_out1_xlnx_clk_gen  {rise@0.000ns fall@15.625ns period=31.250ns})
  Path Group:             clk_out1_xlnx_clk_gen
  Path Type:              Setup (Max at Slow Process Corner)
  Requirement:            31.250ns  (clk_out1_xlnx_clk_gen rise@31.250ns - clk_out1_xlnx_clk_gen rise@0.000ns)
  Data Path Delay:        30.093ns  (logic 7.768ns (25.814%)  route 22.325ns (74.186%))
  Logic Levels:           34  (CARRY4=2 LUT2=3 LUT3=1 LUT4=3 LUT5=6 LUT6=18 MUXF7=1)
  Clock Path Skew:        -0.314ns (DCD - SCD + CPR)
    Destination Clock Delay (DCD):    -1.616ns = ( 29.634 - 31.250 ) 
    Source Clock Delay      (SCD):    -0.850ns
    Clock Pessimism Removal (CPR):    0.453ns
  Clock Uncertainty:      0.085ns  ((TSJ^2 + DJ^2)^1/2) / 2 + PE
    Total System Jitter     (TSJ):    0.071ns
    Discrete Jitter          (DJ):    0.155ns
    Phase Error              (PE):    0.000ns

    Location             Delay type                Incr(ns)  Path(ns)    Netlist Resource(s)
  -------------------------------------------------------------------    -------------------
                         (clock clk_out1_xlnx_clk_gen rise edge)
                                                      0.000     0.000 r  
    K17                                               0.000     0.000 r  clk_sys (IN)
                         net (fo=0)                   0.000     0.000    i_xlnx_clk_gen/inst/clk_in1
    K17                  IBUF (Prop_ibuf_I_O)         1.475     1.475 r  i_xlnx_clk_gen/inst/clkin1_ibufg/O
                         net (fo=1, routed)           1.285     2.760    i_xlnx_clk_gen/inst/clk_in1_xlnx_clk_gen
    MMCME2_ADV_X1Y2      MMCME2_ADV (Prop_mmcme2_adv_CLKIN1_CLKOUT0)
                                                     -7.759    -4.999 r  i_xlnx_clk_gen/inst/mmcm_adv_inst/CLKOUT0
                         net (fo=1, routed)           2.206    -2.793    i_xlnx_clk_gen/inst/clk_out1_xlnx_clk_gen
    BUFGCTRL_X0Y16       BUFG (Prop_bufg_I_O)         0.101    -2.692 r  i_xlnx_clk_gen/inst/clkout1_buf/O
                         net (fo=15309, routed)       1.842    -0.850    i_ariane/i_cva6/gen_cache_hpd.i_cache_subsystem/i_dcache/i_hpdcache/hpdcache_ctrl_i/hpdcache_memctrl_i/gen_dir_sram[1].dir_sram/ram_i/clk_out1
    RAMB18_X4Y16         RAMB18E1                                     r  i_ariane/i_cva6/gen_cache_hpd.i_cache_subsystem/i_dcache/i_hpdcache/hpdcache_ctrl_i/hpdcache_memctrl_i/gen_dir_sram[1].dir_sram/ram_i/mem_reg/CLKARDCLK
  -------------------------------------------------------------------    -------------------
    RAMB18_X4Y16         RAMB18E1 (Prop_ramb18e1_CLKARDCLK_DOADO[2])
                                                      2.454     1.604 r  i_ariane/i_cva6/gen_cache_hpd.i_cache_subsystem/i_dcache/i_hpdcache/hpdcache_ctrl_i/hpdcache_memctrl_i/gen_dir_sram[1].dir_sram/ram_i/mem_reg/DOADO[2]
                         net (fo=6, routed)           1.171     2.776    i_ariane/i_cva6/gen_cache_hpd.i_cache_subsystem/i_dcache/i_hpdcache/hpdcache_ctrl_i/hpdcache_memctrl_i/gen_dir_sram[1].dir_sram/ram_i/DOADO[2]
    SLICE_X90Y41         LUT6 (Prop_lut6_I2_O)        0.124     2.900 r  i_ariane/i_cva6/gen_cache_hpd.i_cache_subsystem/i_dcache/i_hpdcache/hpdcache_ctrl_i/hpdcache_memctrl_i/gen_dir_sram[1].dir_sram/ram_i/req_q[0][way_fetch][0]_i_11/O
                         net (fo=1, routed)           0.000     2.900    i_ariane/i_cva6/gen_cache_hpd.i_cache_subsystem/i_dcache/i_hpdcache/hpdcache_ctrl_i/hpdcache_memctrl_i/gen_dir_sram[1].dir_sram/ram_i/req_q[0][way_fetch][0]_i_11_n_0
    SLICE_X90Y41         CARRY4 (Prop_carry4_S[0]_CO[3])
                                                      0.513     3.413 r  i_ariane/i_cva6/gen_cache_hpd.i_cache_subsystem/i_dcache/i_hpdcache/hpdcache_ctrl_i/hpdcache_memctrl_i/gen_dir_sram[1].dir_sram/ram_i/req_q_reg[0][way_fetch][0]_i_3/CO[3]
                         net (fo=1, routed)           0.000     3.413    i_ariane/i_cva6/gen_cache_hpd.i_cache_subsystem/i_dcache/i_hpdcache/hpdcache_ctrl_i/hpdcache_memctrl_i/gen_dir_sram[1].dir_sram/ram_i/req_q_reg[0][way_fetch][0]_i_3_n_0
    SLICE_X90Y42         CARRY4 (Prop_carry4_CI_CO[3])
                                                      0.117     3.530 r  i_ariane/i_cva6/gen_cache_hpd.i_cache_subsystem/i_dcache/i_hpdcache/hpdcache_ctrl_i/hpdcache_memctrl_i/gen_dir_sram[1].dir_sram/ram_i/req_q_reg[0][way_fetch][0]_i_2/CO[3]
                         net (fo=58, routed)          1.142     4.672    i_ariane/i_cva6/gen_cache_hpd.i_cache_subsystem/i_dcache/i_hpdcache/hpdcache_ctrl_i/hpdcache_memctrl_i/gen_dir_sram[1].dir_sram/ram_i/CO[0]
    SLICE_X88Y44         LUT2 (Prop_lut2_I0_O)        0.118     4.790 r  i_ariane/i_cva6/gen_cache_hpd.i_cache_subsystem/i_dcache/i_hpdcache/hpdcache_ctrl_i/hpdcache_memctrl_i/gen_dir_sram[1].dir_sram/ram_i/st2_dir_updt_way_q[1]_i_2/O
                         net (fo=4, routed)           0.685     5.475    i_ariane/i_cva6/gen_cache_hpd.i_cache_subsystem/i_dcache/i_hpdcache/hpdcache_ctrl_i/hpdcache_memctrl_i/gen_dir_sram[0].dir_sram/ram_i/st1_dir_hit_way[0]
    SLICE_X88Y45         LUT6 (Prop_lut6_I4_O)        0.326     5.801 r  i_ariane/i_cva6/gen_cache_hpd.i_cache_subsystem/i_dcache/i_hpdcache/hpdcache_ctrl_i/hpdcache_memctrl_i/gen_dir_sram[0].dir_sram/ram_i/st2_dir_updt_valid_q_i_11/O
                         net (fo=10, routed)          1.014     6.814    i_ariane/i_cva6/gen_cache_hpd.i_cache_subsystem/i_dcache/i_hpdcache/hpdcache_ctrl_i/hpdcache_memctrl_i/gen_dir_sram[0].dir_sram/ram_i/mem_reg_32
    SLICE_X79Y46         LUT5 (Prop_lut5_I2_O)        0.124     6.938 f  i_ariane/i_cva6/gen_cache_hpd.i_cache_subsystem/i_dcache/i_hpdcache/hpdcache_ctrl_i/hpdcache_memctrl_i/gen_dir_sram[0].dir_sram/ram_i/deps_q[0][flush_hit]_i_7/O
                         net (fo=9, routed)           0.698     7.636    i_ariane/i_cva6/gen_cache_hpd.i_cache_subsystem/i_dcache/i_hpdcache/hpdcache_ctrl_i/hpdcache_memctrl_i/gen_dir_sram[0].dir_sram/ram_i/st1_req_q_reg[pma][wr_policy_hint][0]_0
    SLICE_X79Y46         LUT5 (Prop_lut5_I2_O)        0.124     7.760 r  i_ariane/i_cva6/gen_cache_hpd.i_cache_subsystem/i_dcache/i_hpdcache/hpdcache_ctrl_i/hpdcache_memctrl_i/gen_dir_sram[0].dir_sram/ram_i/deps_q[0][wbuf_not_ready]_i_6/O
                         net (fo=2, routed)           0.445     8.205    i_ariane/i_cva6/gen_cache_hpd.i_cache_subsystem/i_dcache/i_hpdcache/hpdcache_ctrl_i/hpdcache_memctrl_i/gen_dir_sram[0].dir_sram/ram_i/mem_reg_37
    SLICE_X79Y46         LUT5 (Prop_lut5_I0_O)        0.124     8.329 r  i_ariane/i_cva6/gen_cache_hpd.i_cache_subsystem/i_dcache/i_hpdcache/hpdcache_ctrl_i/hpdcache_memctrl_i/gen_dir_sram[0].dir_sram/ram_i/FSM_sequential_pop_try_state_q[1]_i_3/O
                         net (fo=5, routed)           0.444     8.773    i_ariane/i_cva6/gen_cache_hpd.i_cache_subsystem/i_dcache/i_hpdcache/hpdcache_ctrl_i/hpdcache_memctrl_i/gen_dir_sram[0].dir_sram/ram_i/wbuf_data_valid_q_reg[0]
    SLICE_X74Y47         LUT6 (Prop_lut6_I0_O)        0.124     8.897 r  i_ariane/i_cva6/gen_cache_hpd.i_cache_subsystem/i_dcache/i_hpdcache/hpdcache_ctrl_i/hpdcache_memctrl_i/gen_dir_sram[0].dir_sram/ram_i/ldbuf_valid_q[1]_i_4/O
                         net (fo=1, routed)           0.786     9.683    i_ariane/i_cva6/gen_cache_hpd.i_cache_subsystem/i_dcache/i_hpdcache/hpdcache_ctrl_i/hpdcache_memctrl_i/gen_dir_sram[0].dir_sram/ram_i/ldbuf_valid_q[1]_i_4_n_0
    SLICE_X67Y55         LUT6 (Prop_lut6_I1_O)        0.124     9.807 f  i_ariane/i_cva6/gen_cache_hpd.i_cache_subsystem/i_dcache/i_hpdcache/hpdcache_ctrl_i/hpdcache_memctrl_i/gen_dir_sram[0].dir_sram/ram_i/ldbuf_valid_q[1]_i_3/O
                         net (fo=5, routed)           0.504    10.311    i_ariane/i_cva6/ex_stage_i/lsu_i/lsu_bypass_i/dcache_req_ports_cache_ex[1][data_rvalid]
    SLICE_X67Y62         LUT4 (Prop_lut4_I2_O)        0.124    10.435 r  i_ariane/i_cva6/ex_stage_i/lsu_i/lsu_bypass_i/i___215_i_6/O
                         net (fo=4, routed)           0.773    11.208    i_ariane/i_cva6/ex_stage_i/lsu_i/lsu_bypass_i/gen_no_mmu.pmp_exception_reg[valid]
    SLICE_X67Y71         LUT5 (Prop_lut5_I1_O)        0.124    11.332 r  i_ariane/i_cva6/ex_stage_i/lsu_i/lsu_bypass_i/i___215_i_5/O
                         net (fo=28, routed)          0.714    12.047    i_ariane/i_cva6/issue_stage_i/i_scoreboard/load_trans_id_ex_id[0]
    SLICE_X67Y76         LUT6 (Prop_lut6_I4_O)        0.124    12.171 f  i_ariane/i_cva6/issue_stage_i/i_scoreboard/i___227_i_1/O
                         net (fo=6, routed)           0.633    12.803    i_ariane/i_cva6/ex_stage_i/lsu_i/i_load_unit/i__i_12
    SLICE_X67Y74         LUT5 (Prop_lut5_I0_O)        0.124    12.927 f  i_ariane/i_cva6/ex_stage_i/lsu_i/i_load_unit/i__i_76/O
                         net (fo=3, routed)           1.037    13.964    i_ariane/i_cva6/issue_stage_i/i_scoreboard/i__i_6_1
    SLICE_X67Y79         LUT6 (Prop_lut6_I0_O)        0.124    14.088 f  i_ariane/i_cva6/issue_stage_i/i_scoreboard/i__i_33/O
                         net (fo=36, routed)          0.906    14.995    i_ariane/i_cva6/issue_stage_i/i_scoreboard/i_issue_read_operands/rs1_fwd_req[0]_98[2]
    SLICE_X81Y80         LUT6 (Prop_lut6_I1_O)        0.124    15.119 f  i_ariane/i_cva6/issue_stage_i/i_scoreboard/i__i_86/O
                         net (fo=6, routed)           0.474    15.592    i_ariane/i_cva6/issue_stage_i/i_scoreboard/i__i_86_n_0
    SLICE_X84Y82         LUT6 (Prop_lut6_I2_O)        0.124    15.716 f  i_ariane/i_cva6/issue_stage_i/i_scoreboard/i__i_61/O
                         net (fo=3, routed)           0.467    16.183    i_ariane/i_cva6/issue_stage_i/i_scoreboard/i__i_61_n_0
    SLICE_X87Y84         LUT2 (Prop_lut2_I0_O)        0.124    16.307 f  i_ariane/i_cva6/issue_stage_i/i_scoreboard/i___206_i_46/O
                         net (fo=1, routed)           0.425    16.732    i_ariane/i_cva6/issue_stage_i/i_scoreboard/i_issue_read_operands/rs1_available
    SLICE_X84Y85         LUT6 (Prop_lut6_I1_O)        0.124    16.856 r  i_ariane/i_cva6/issue_stage_i/i_scoreboard/i___206_i_27/O
                         net (fo=1, routed)           0.686    17.542    i_ariane/i_cva6/id_stage_i/alu_valid_q[0]_i_3_0
    SLICE_X67Y84         LUT4 (Prop_lut4_I3_O)        0.124    17.666 r  i_ariane/i_cva6/id_stage_i/i___206_i_13/O
                         net (fo=4, routed)           0.508    18.174    i_ariane/i_cva6/id_stage_i/i___206_i_13_n_0
    SLICE_X67Y83         LUT6 (Prop_lut6_I1_O)        0.124    18.298 f  i_ariane/i_cva6/id_stage_i/i___206_i_3/O
                         net (fo=3, routed)           0.481    18.779    i_ariane/gen_example_coprocessor.i_cvxif_coprocessor/radix_mem_reg[0]_0
    SLICE_X67Y83         LUT4 (Prop_lut4_I2_O)        0.124    18.903 f  i_ariane/gen_example_coprocessor.i_cvxif_coprocessor/i___24_i_2/O
                         net (fo=3, routed)           0.830    19.733    i_ariane/i_cva6/id_stage_i/cvxif_resp[issue_ready]
    SLICE_X67Y83         LUT3 (Prop_lut3_I0_O)        0.152    19.885 f  i_ariane/i_cva6/id_stage_i/x_transaction_rejected_o_i_2/O
                         net (fo=4, routed)           0.397    20.281    i_ariane/i_cva6/id_stage_i/issue_stage_i/i_issue_read_operands/x_transaction_rejected
    SLICE_X66Y83         LUT6 (Prop_lut6_I5_O)        0.332    20.613 r  i_ariane/i_cva6/id_stage_i/i__i_4__0/O
                         net (fo=1, routed)           0.573    21.186    i_ariane/i_cva6/id_stage_i/i__i_4__0_n_0
    SLICE_X65Y82         LUT6 (Prop_lut6_I2_O)        0.124    21.310 f  i_ariane/i_cva6/id_stage_i/i__i_3/O
                         net (fo=3, routed)           0.315    21.626    i_ariane/i_cva6/issue_stage_i/i_scoreboard/issue_ack_iro_sb
    SLICE_X65Y84         LUT2 (Prop_lut2_I1_O)        0.124    21.750 r  i_ariane/i_cva6/issue_stage_i/i_scoreboard/mem_q[7][sbe][fu][2]_i_2/O
                         net (fo=32, routed)          0.726    22.476    i_ariane/i_cva6/issue_stage_i/i_scoreboard/mem_q[7][sbe][fu][2]_i_2_n_0
    SLICE_X59Y89         LUT6 (Prop_lut6_I1_O)        0.124    22.600 f  i_ariane/i_cva6/issue_stage_i/i_scoreboard/mem_q[1][sbe][fu][2]_i_1/O
                         net (fo=5, routed)           1.115    23.715    i_ariane/i_cva6/issue_stage_i/i_scoreboard/mem_q[1][sbe][fu][2]_i_1_n_0
    SLICE_X60Y85         LUT6 (Prop_lut6_I2_O)        0.124    23.839 r  i_ariane/i_cva6/issue_stage_i/i_scoreboard/i___54/O
                         net (fo=1, routed)           0.936    24.775    i_ariane/i_cva6/issue_stage_i/i_scoreboard/i___54_n_0
    SLICE_X62Y83         LUT6 (Prop_lut6_I0_O)        0.124    24.899 f  i_ariane/i_cva6/issue_stage_i/i_scoreboard/i___52_i_2/O
                         net (fo=1, routed)           0.000    24.899    i_ariane/i_cva6/issue_stage_i/i_scoreboard/i___52_i_2_n_0
    SLICE_X62Y83         MUXF7 (Prop_muxf7_I0_O)      0.209    25.108 f  i_ariane/i_cva6/issue_stage_i/i_scoreboard/i___52_i_1/O
                         net (fo=11, routed)          0.863    25.971    i_ariane/i_cva6/issue_stage_i/i_scoreboard/i___52_i_1_n_0
    SLICE_X61Y83         LUT6 (Prop_lut6_I0_O)        0.297    26.268 r  i_ariane/i_cva6/issue_stage_i/i_scoreboard/i___23_i_2/O
                         net (fo=9, routed)           0.693    26.960    i_ariane/i_cva6/issue_stage_i/i_scoreboard/i___23_i_2_n_0
    SLICE_X60Y78         LUT6 (Prop_lut6_I4_O)        0.124    27.084 r  i_ariane/i_cva6/issue_stage_i/i_scoreboard/i___27/O
                         net (fo=1, routed)           0.712    27.796    i_ariane/i_cva6/issue_stage_i/i_scoreboard/i___27_n_0
    SLICE_X65Y77         LUT6 (Prop_lut6_I5_O)        0.124    27.920 r  i_ariane/i_cva6/issue_stage_i/i_scoreboard/i___26/O
                         net (fo=8, routed)           0.667    28.587    i_ariane/i_cva6/issue_stage_i/i_scoreboard/i___26_n_0
    SLICE_X65Y78         LUT5 (Prop_lut5_I0_O)        0.150    28.737 r  i_ariane/i_cva6/issue_stage_i/i_scoreboard/mem_q[4][sbe][rd][3]_i_1/O
                         net (fo=1, routed)           0.506    29.243    i_ariane/i_cva6/issue_stage_i/i_scoreboard/mem_q[4][sbe][rd][3]_i_1_n_0
    SLICE_X65Y78         FDCE                                         r  i_ariane/i_cva6/issue_stage_i/i_scoreboard/mem_q_reg[4][sbe][rd][3]/D
  -------------------------------------------------------------------    -------------------

                         (clock clk_out1_xlnx_clk_gen rise edge)
                                                     31.250    31.250 r  
    K17                                               0.000    31.250 r  clk_sys (IN)
                         net (fo=0)                   0.000    31.250    i_xlnx_clk_gen/inst/clk_in1
    K17                  IBUF (Prop_ibuf_I_O)         1.404    32.654 r  i_xlnx_clk_gen/inst/clkin1_ibufg/O
                         net (fo=1, routed)           1.162    33.816    i_xlnx_clk_gen/inst/clk_in1_xlnx_clk_gen
    MMCME2_ADV_X1Y2      MMCME2_ADV (Prop_mmcme2_adv_CLKIN1_CLKOUT0)
                                                     -7.814    26.002 r  i_xlnx_clk_gen/inst/mmcm_adv_inst/CLKOUT0
                         net (fo=1, routed)           2.012    28.014    i_xlnx_clk_gen/inst/clk_out1_xlnx_clk_gen
    BUFGCTRL_X0Y16       BUFG (Prop_bufg_I_O)         0.091    28.105 r  i_xlnx_clk_gen/inst/clkout1_buf/O
                         net (fo=15309, routed)       1.529    29.634    i_ariane/i_cva6/issue_stage_i/i_scoreboard/clk_out1
    SLICE_X65Y78         FDCE                                         r  i_ariane/i_cva6/issue_stage_i/i_scoreboard/mem_q_reg[4][sbe][rd][3]/C
                         clock pessimism              0.453    30.087    
                         clock uncertainty           -0.085    30.001    
    SLICE_X65Y78         FDCE (Setup_fdce_C_D)       -0.275    29.726    i_ariane/i_cva6/issue_stage_i/i_scoreboard/mem_q_reg[4][sbe][rd][3]
  -------------------------------------------------------------------
                         required time                         29.726    
                         arrival time                         -29.243    
  -------------------------------------------------------------------
                         slack                                  0.483    

Slack (MET) :             0.596ns  (required time - arrival time)
  Source:                 i_ariane/i_cva6/gen_cache_hpd.i_cache_subsystem/i_dcache/i_hpdcache/hpdcache_ctrl_i/hpdcache_memctrl_i/gen_dir_sram[1].dir_sram/ram_i/mem_reg/CLKARDCLK
                            (rising edge-triggered cell RAMB18E1 clocked by clk_out1_xlnx_clk_gen  {rise@0.000ns fall@15.625ns period=31.250ns})
  Destination:            i_ariane/i_cva6/issue_stage_i/i_scoreboard/mem_q_reg[5][sbe][rd][3]/D
                            (rising edge-triggered cell FDCE clocked by clk_out1_xlnx_clk_gen  {rise@0.000ns fall@15.625ns period=31.250ns})
  Path Group:             clk_out1_xlnx_clk_gen
  Path Type:              Setup (Max at Slow Process Corner)
  Requirement:            31.250ns  (clk_out1_xlnx_clk_gen rise@31.250ns - clk_out1_xlnx_clk_gen rise@0.000ns)
  Data Path Delay:        29.972ns  (logic 7.768ns (25.918%)  route 22.204ns (74.082%))
  Logic Levels:           34  (CARRY4=2 LUT2=3 LUT3=1 LUT4=3 LUT5=6 LUT6=18 MUXF7=1)
  Clock Path Skew:        -0.314ns (DCD - SCD + CPR)
    Destination Clock Delay (DCD):    -1.616ns = ( 29.634 - 31.250 ) 
    Source Clock Delay      (SCD):    -0.850ns
    Clock Pessimism Removal (CPR):    0.453ns
  Clock Uncertainty:      0.085ns  ((TSJ^2 + DJ^2)^1/2) / 2 + PE
    Total System Jitter     (TSJ):    0.071ns
    Discrete Jitter          (DJ):    0.155ns
    Phase Error              (PE):    0.000ns

    Location             Delay type                Incr(ns)  Path(ns)    Netlist Resource(s)
  -------------------------------------------------------------------    -------------------
                         (clock clk_out1_xlnx_clk_gen rise edge)
                                                      0.000     0.000 r  
    K17                                               0.000     0.000 r  clk_sys (IN)
                         net (fo=0)                   0.000     0.000    i_xlnx_clk_gen/inst/clk_in1
    K17                  IBUF (Prop_ibuf_I_O)         1.475     1.475 r  i_xlnx_clk_gen/inst/clkin1_ibufg/O
                         net (fo=1, routed)           1.285     2.760    i_xlnx_clk_gen/inst/clk_in1_xlnx_clk_gen
    MMCME2_ADV_X1Y2      MMCME2_ADV (Prop_mmcme2_adv_CLKIN1_CLKOUT0)
                                                     -7.759    -4.999 r  i_xlnx_clk_gen/inst/mmcm_adv_inst/CLKOUT0
                         net (fo=1, routed)           2.206    -2.793    i_xlnx_clk_gen/inst/clk_out1_xlnx_clk_gen
    BUFGCTRL_X0Y16       BUFG (Prop_bufg_I_O)         0.101    -2.692 r  i_xlnx_clk_gen/inst/clkout1_buf/O
                         net (fo=15309, routed)       1.842    -0.850    i_ariane/i_cva6/gen_cache_hpd.i_cache_subsystem/i_dcache/i_hpdcache/hpdcache_ctrl_i/hpdcache_memctrl_i/gen_dir_sram[1].dir_sram/ram_i/clk_out1
    RAMB18_X4Y16         RAMB18E1                                     r  i_ariane/i_cva6/gen_cache_hpd.i_cache_subsystem/i_dcache/i_hpdcache/hpdcache_ctrl_i/hpdcache_memctrl_i/gen_dir_sram[1].dir_sram/ram_i/mem_reg/CLKARDCLK
  -------------------------------------------------------------------    -------------------
    RAMB18_X4Y16         RAMB18E1 (Prop_ramb18e1_CLKARDCLK_DOADO[2])
                                                      2.454     1.604 r  i_ariane/i_cva6/gen_cache_hpd.i_cache_subsystem/i_dcache/i_hpdcache/hpdcache_ctrl_i/hpdcache_memctrl_i/gen_dir_sram[1].dir_sram/ram_i/mem_reg/DOADO[2]
                         net (fo=6, routed)           1.171     2.776    i_ariane/i_cva6/gen_cache_hpd.i_cache_subsystem/i_dcache/i_hpdcache/hpdcache_ctrl_i/hpdcache_memctrl_i/gen_dir_sram[1].dir_sram/ram_i/DOADO[2]
    SLICE_X90Y41         LUT6 (Prop_lut6_I2_O)        0.124     2.900 r  i_ariane/i_cva6/gen_cache_hpd.i_cache_subsystem/i_dcache/i_hpdcache/hpdcache_ctrl_i/hpdcache_memctrl_i/gen_dir_sram[1].dir_sram/ram_i/req_q[0][way_fetch][0]_i_11/O
                         net (fo=1, routed)           0.000     2.900    i_ariane/i_cva6/gen_cache_hpd.i_cache_subsystem/i_dcache/i_hpdcache/hpdcache_ctrl_i/hpdcache_memctrl_i/gen_dir_sram[1].dir_sram/ram_i/req_q[0][way_fetch][0]_i_11_n_0
    SLICE_X90Y41         CARRY4 (Prop_carry4_S[0]_CO[3])
                                                      0.513     3.413 r  i_ariane/i_cva6/gen_cache_hpd.i_cache_subsystem/i_dcache/i_hpdcache/hpdcache_ctrl_i/hpdcache_memctrl_i/gen_dir_sram[1].dir_sram/ram_i/req_q_reg[0][way_fetch][0]_i_3/CO[3]
                         net (fo=1, routed)           0.000     3.413    i_ariane/i_cva6/gen_cache_hpd.i_cache_subsystem/i_dcache/i_hpdcache/hpdcache_ctrl_i/hpdcache_memctrl_i/gen_dir_sram[1].dir_sram/ram_i/req_q_reg[0][way_fetch][0]_i_3_n_0
    SLICE_X90Y42         CARRY4 (Prop_carry4_CI_CO[3])
                                                      0.117     3.530 r  i_ariane/i_cva6/gen_cache_hpd.i_cache_subsystem/i_dcache/i_hpdcache/hpdcache_ctrl_i/hpdcache_memctrl_i/gen_dir_sram[1].dir_sram/ram_i/req_q_reg[0][way_fetch][0]_i_2/CO[3]
                         net (fo=58, routed)          1.142     4.672    i_ariane/i_cva6/gen_cache_hpd.i_cache_subsystem/i_dcache/i_hpdcache/hpdcache_ctrl_i/hpdcache_memctrl_i/gen_dir_sram[1].dir_sram/ram_i/CO[0]
    SLICE_X88Y44         LUT2 (Prop_lut2_I0_O)        0.118     4.790 r  i_ariane/i_cva6/gen_cache_hpd.i_cache_subsystem/i_dcache/i_hpdcache/hpdcache_ctrl_i/hpdcache_memctrl_i/gen_dir_sram[1].dir_sram/ram_i/st2_dir_updt_way_q[1]_i_2/O
                         net (fo=4, routed)           0.685     5.475    i_ariane/i_cva6/gen_cache_hpd.i_cache_subsystem/i_dcache/i_hpdcache/hpdcache_ctrl_i/hpdcache_memctrl_i/gen_dir_sram[0].dir_sram/ram_i/st1_dir_hit_way[0]
    SLICE_X88Y45         LUT6 (Prop_lut6_I4_O)        0.326     5.801 r  i_ariane/i_cva6/gen_cache_hpd.i_cache_subsystem/i_dcache/i_hpdcache/hpdcache_ctrl_i/hpdcache_memctrl_i/gen_dir_sram[0].dir_sram/ram_i/st2_dir_updt_valid_q_i_11/O
                         net (fo=10, routed)          1.014     6.814    i_ariane/i_cva6/gen_cache_hpd.i_cache_subsystem/i_dcache/i_hpdcache/hpdcache_ctrl_i/hpdcache_memctrl_i/gen_dir_sram[0].dir_sram/ram_i/mem_reg_32
    SLICE_X79Y46         LUT5 (Prop_lut5_I2_O)        0.124     6.938 f  i_ariane/i_cva6/gen_cache_hpd.i_cache_subsystem/i_dcache/i_hpdcache/hpdcache_ctrl_i/hpdcache_memctrl_i/gen_dir_sram[0].dir_sram/ram_i/deps_q[0][flush_hit]_i_7/O
                         net (fo=9, routed)           0.698     7.636    i_ariane/i_cva6/gen_cache_hpd.i_cache_subsystem/i_dcache/i_hpdcache/hpdcache_ctrl_i/hpdcache_memctrl_i/gen_dir_sram[0].dir_sram/ram_i/st1_req_q_reg[pma][wr_policy_hint][0]_0
    SLICE_X79Y46         LUT5 (Prop_lut5_I2_O)        0.124     7.760 r  i_ariane/i_cva6/gen_cache_hpd.i_cache_subsystem/i_dcache/i_hpdcache/hpdcache_ctrl_i/hpdcache_memctrl_i/gen_dir_sram[0].dir_sram/ram_i/deps_q[0][wbuf_not_ready]_i_6/O
                         net (fo=2, routed)           0.445     8.205    i_ariane/i_cva6/gen_cache_hpd.i_cache_subsystem/i_dcache/i_hpdcache/hpdcache_ctrl_i/hpdcache_memctrl_i/gen_dir_sram[0].dir_sram/ram_i/mem_reg_37
    SLICE_X79Y46         LUT5 (Prop_lut5_I0_O)        0.124     8.329 r  i_ariane/i_cva6/gen_cache_hpd.i_cache_subsystem/i_dcache/i_hpdcache/hpdcache_ctrl_i/hpdcache_memctrl_i/gen_dir_sram[0].dir_sram/ram_i/FSM_sequential_pop_try_state_q[1]_i_3/O
                         net (fo=5, routed)           0.444     8.773    i_ariane/i_cva6/gen_cache_hpd.i_cache_subsystem/i_dcache/i_hpdcache/hpdcache_ctrl_i/hpdcache_memctrl_i/gen_dir_sram[0].dir_sram/ram_i/wbuf_data_valid_q_reg[0]
    SLICE_X74Y47         LUT6 (Prop_lut6_I0_O)        0.124     8.897 r  i_ariane/i_cva6/gen_cache_hpd.i_cache_subsystem/i_dcache/i_hpdcache/hpdcache_ctrl_i/hpdcache_memctrl_i/gen_dir_sram[0].dir_sram/ram_i/ldbuf_valid_q[1]_i_4/O
                         net (fo=1, routed)           0.786     9.683    i_ariane/i_cva6/gen_cache_hpd.i_cache_subsystem/i_dcache/i_hpdcache/hpdcache_ctrl_i/hpdcache_memctrl_i/gen_dir_sram[0].dir_sram/ram_i/ldbuf_valid_q[1]_i_4_n_0
    SLICE_X67Y55         LUT6 (Prop_lut6_I1_O)        0.124     9.807 f  i_ariane/i_cva6/gen_cache_hpd.i_cache_subsystem/i_dcache/i_hpdcache/hpdcache_ctrl_i/hpdcache_memctrl_i/gen_dir_sram[0].dir_sram/ram_i/ldbuf_valid_q[1]_i_3/O
                         net (fo=5, routed)           0.504    10.311    i_ariane/i_cva6/ex_stage_i/lsu_i/lsu_bypass_i/dcache_req_ports_cache_ex[1][data_rvalid]
    SLICE_X67Y62         LUT4 (Prop_lut4_I2_O)        0.124    10.435 r  i_ariane/i_cva6/ex_stage_i/lsu_i/lsu_bypass_i/i___215_i_6/O
                         net (fo=4, routed)           0.773    11.208    i_ariane/i_cva6/ex_stage_i/lsu_i/lsu_bypass_i/gen_no_mmu.pmp_exception_reg[valid]
    SLICE_X67Y71         LUT5 (Prop_lut5_I1_O)        0.124    11.332 r  i_ariane/i_cva6/ex_stage_i/lsu_i/lsu_bypass_i/i___215_i_5/O
                         net (fo=28, routed)          0.714    12.047    i_ariane/i_cva6/issue_stage_i/i_scoreboard/load_trans_id_ex_id[0]
    SLICE_X67Y76         LUT6 (Prop_lut6_I4_O)        0.124    12.171 f  i_ariane/i_cva6/issue_stage_i/i_scoreboard/i___227_i_1/O
                         net (fo=6, routed)           0.633    12.803    i_ariane/i_cva6/ex_stage_i/lsu_i/i_load_unit/i__i_12
    SLICE_X67Y74         LUT5 (Prop_lut5_I0_O)        0.124    12.927 f  i_ariane/i_cva6/ex_stage_i/lsu_i/i_load_unit/i__i_76/O
                         net (fo=3, routed)           1.037    13.964    i_ariane/i_cva6/issue_stage_i/i_scoreboard/i__i_6_1
    SLICE_X67Y79         LUT6 (Prop_lut6_I0_O)        0.124    14.088 f  i_ariane/i_cva6/issue_stage_i/i_scoreboard/i__i_33/O
                         net (fo=36, routed)          0.906    14.995    i_ariane/i_cva6/issue_stage_i/i_scoreboard/i_issue_read_operands/rs1_fwd_req[0]_98[2]
    SLICE_X81Y80         LUT6 (Prop_lut6_I1_O)        0.124    15.119 f  i_ariane/i_cva6/issue_stage_i/i_scoreboard/i__i_86/O
                         net (fo=6, routed)           0.474    15.592    i_ariane/i_cva6/issue_stage_i/i_scoreboard/i__i_86_n_0
    SLICE_X84Y82         LUT6 (Prop_lut6_I2_O)        0.124    15.716 f  i_ariane/i_cva6/issue_stage_i/i_scoreboard/i__i_61/O
                         net (fo=3, routed)           0.467    16.183    i_ariane/i_cva6/issue_stage_i/i_scoreboard/i__i_61_n_0
    SLICE_X87Y84         LUT2 (Prop_lut2_I0_O)        0.124    16.307 f  i_ariane/i_cva6/issue_stage_i/i_scoreboard/i___206_i_46/O
                         net (fo=1, routed)           0.425    16.732    i_ariane/i_cva6/issue_stage_i/i_scoreboard/i_issue_read_operands/rs1_available
    SLICE_X84Y85         LUT6 (Prop_lut6_I1_O)        0.124    16.856 r  i_ariane/i_cva6/issue_stage_i/i_scoreboard/i___206_i_27/O
                         net (fo=1, routed)           0.686    17.542    i_ariane/i_cva6/id_stage_i/alu_valid_q[0]_i_3_0
    SLICE_X67Y84         LUT4 (Prop_lut4_I3_O)        0.124    17.666 r  i_ariane/i_cva6/id_stage_i/i___206_i_13/O
                         net (fo=4, routed)           0.508    18.174    i_ariane/i_cva6/id_stage_i/i___206_i_13_n_0
    SLICE_X67Y83         LUT6 (Prop_lut6_I1_O)        0.124    18.298 f  i_ariane/i_cva6/id_stage_i/i___206_i_3/O
                         net (fo=3, routed)           0.481    18.779    i_ariane/gen_example_coprocessor.i_cvxif_coprocessor/radix_mem_reg[0]_0
    SLICE_X67Y83         LUT4 (Prop_lut4_I2_O)        0.124    18.903 f  i_ariane/gen_example_coprocessor.i_cvxif_coprocessor/i___24_i_2/O
                         net (fo=3, routed)           0.830    19.733    i_ariane/i_cva6/id_stage_i/cvxif_resp[issue_ready]
    SLICE_X67Y83         LUT3 (Prop_lut3_I0_O)        0.152    19.885 f  i_ariane/i_cva6/id_stage_i/x_transaction_rejected_o_i_2/O
                         net (fo=4, routed)           0.397    20.281    i_ariane/i_cva6/id_stage_i/issue_stage_i/i_issue_read_operands/x_transaction_rejected
    SLICE_X66Y83         LUT6 (Prop_lut6_I5_O)        0.332    20.613 r  i_ariane/i_cva6/id_stage_i/i__i_4__0/O
                         net (fo=1, routed)           0.573    21.186    i_ariane/i_cva6/id_stage_i/i__i_4__0_n_0
    SLICE_X65Y82         LUT6 (Prop_lut6_I2_O)        0.124    21.310 f  i_ariane/i_cva6/id_stage_i/i__i_3/O
                         net (fo=3, routed)           0.315    21.626    i_ariane/i_cva6/issue_stage_i/i_scoreboard/issue_ack_iro_sb
    SLICE_X65Y84         LUT2 (Prop_lut2_I1_O)        0.124    21.750 r  i_ariane/i_cva6/issue_stage_i/i_scoreboard/mem_q[7][sbe][fu][2]_i_2/O
                         net (fo=32, routed)          0.726    22.476    i_ariane/i_cva6/issue_stage_i/i_scoreboard/mem_q[7][sbe][fu][2]_i_2_n_0
    SLICE_X59Y89         LUT6 (Prop_lut6_I1_O)        0.124    22.600 f  i_ariane/i_cva6/issue_stage_i/i_scoreboard/mem_q[1][sbe][fu][2]_i_1/O
                         net (fo=5, routed)           1.115    23.715    i_ariane/i_cva6/issue_stage_i/i_scoreboard/mem_q[1][sbe][fu][2]_i_1_n_0
    SLICE_X60Y85         LUT6 (Prop_lut6_I2_O)        0.124    23.839 r  i_ariane/i_cva6/issue_stage_i/i_scoreboard/i___54/O
                         net (fo=1, routed)           0.936    24.775    i_ariane/i_cva6/issue_stage_i/i_scoreboard/i___54_n_0
    SLICE_X62Y83         LUT6 (Prop_lut6_I0_O)        0.124    24.899 f  i_ariane/i_cva6/issue_stage_i/i_scoreboard/i___52_i_2/O
                         net (fo=1, routed)           0.000    24.899    i_ariane/i_cva6/issue_stage_i/i_scoreboard/i___52_i_2_n_0
    SLICE_X62Y83         MUXF7 (Prop_muxf7_I0_O)      0.209    25.108 f  i_ariane/i_cva6/issue_stage_i/i_scoreboard/i___52_i_1/O
                         net (fo=11, routed)          0.863    25.971    i_ariane/i_cva6/issue_stage_i/i_scoreboard/i___52_i_1_n_0
    SLICE_X61Y83         LUT6 (Prop_lut6_I0_O)        0.297    26.268 r  i_ariane/i_cva6/issue_stage_i/i_scoreboard/i___23_i_2/O
                         net (fo=9, routed)           0.693    26.960    i_ariane/i_cva6/issue_stage_i/i_scoreboard/i___23_i_2_n_0
    SLICE_X60Y78         LUT6 (Prop_lut6_I4_O)        0.124    27.084 r  i_ariane/i_cva6/issue_stage_i/i_scoreboard/i___27/O
                         net (fo=1, routed)           0.712    27.796    i_ariane/i_cva6/issue_stage_i/i_scoreboard/i___27_n_0
    SLICE_X65Y77         LUT6 (Prop_lut6_I5_O)        0.124    27.920 r  i_ariane/i_cva6/issue_stage_i/i_scoreboard/i___26/O
                         net (fo=8, routed)           0.669    28.589    i_ariane/i_cva6/issue_stage_i/i_scoreboard/i___26_n_0
    SLICE_X65Y78         LUT5 (Prop_lut5_I0_O)        0.150    28.739 r  i_ariane/i_cva6/issue_stage_i/i_scoreboard/mem_q[5][sbe][rd][3]_i_1/O
                         net (fo=1, routed)           0.382    29.122    i_ariane/i_cva6/issue_stage_i/i_scoreboard/mem_q[5][sbe][rd][3]_i_1_n_0
    SLICE_X65Y78         FDCE                                         r  i_ariane/i_cva6/issue_stage_i/i_scoreboard/mem_q_reg[5][sbe][rd][3]/D
  -------------------------------------------------------------------    -------------------

                         (clock clk_out1_xlnx_clk_gen rise edge)
                                                     31.250    31.250 r  
    K17                                               0.000    31.250 r  clk_sys (IN)
                         net (fo=0)                   0.000    31.250    i_xlnx_clk_gen/inst/clk_in1
    K17                  IBUF (Prop_ibuf_I_O)         1.404    32.654 r  i_xlnx_clk_gen/inst/clkin1_ibufg/O
                         net (fo=1, routed)           1.162    33.816    i_xlnx_clk_gen/inst/clk_in1_xlnx_clk_gen
    MMCME2_ADV_X1Y2      MMCME2_ADV (Prop_mmcme2_adv_CLKIN1_CLKOUT0)
                                                     -7.814    26.002 r  i_xlnx_clk_gen/inst/mmcm_adv_inst/CLKOUT0
                         net (fo=1, routed)           2.012    28.014    i_xlnx_clk_gen/inst/clk_out1_xlnx_clk_gen
    BUFGCTRL_X0Y16       BUFG (Prop_bufg_I_O)         0.091    28.105 r  i_xlnx_clk_gen/inst/clkout1_buf/O
                         net (fo=15309, routed)       1.529    29.634    i_ariane/i_cva6/issue_stage_i/i_scoreboard/clk_out1
    SLICE_X65Y78         FDCE                                         r  i_ariane/i_cva6/issue_stage_i/i_scoreboard/mem_q_reg[5][sbe][rd][3]/C
                         clock pessimism              0.453    30.087    
                         clock uncertainty           -0.085    30.001    
    SLICE_X65Y78         FDCE (Setup_fdce_C_D)       -0.283    29.718    i_ariane/i_cva6/issue_stage_i/i_scoreboard/mem_q_reg[5][sbe][rd][3]
  -------------------------------------------------------------------
                         required time                         29.718    
                         arrival time                         -29.122    
  -------------------------------------------------------------------
                         slack                                  0.596    

Slack (MET) :             0.654ns  (required time - arrival time)
  Source:                 i_ariane/i_cva6/gen_cache_hpd.i_cache_subsystem/i_dcache/i_hpdcache/hpdcache_ctrl_i/hpdcache_memctrl_i/gen_dir_sram[1].dir_sram/ram_i/mem_reg/CLKARDCLK
                            (rising edge-triggered cell RAMB18E1 clocked by clk_out1_xlnx_clk_gen  {rise@0.000ns fall@15.625ns period=31.250ns})
  Destination:            i_ariane/i_cva6/issue_stage_i/i_scoreboard/mem_q_reg[4][sbe][rd][0]/D
                            (rising edge-triggered cell FDCE clocked by clk_out1_xlnx_clk_gen  {rise@0.000ns fall@15.625ns period=31.250ns})
  Path Group:             clk_out1_xlnx_clk_gen
  Path Type:              Setup (Max at Slow Process Corner)
  Requirement:            31.250ns  (clk_out1_xlnx_clk_gen rise@31.250ns - clk_out1_xlnx_clk_gen rise@0.000ns)
  Data Path Delay:        30.228ns  (logic 7.970ns (26.366%)  route 22.258ns (73.634%))
  Logic Levels:           34  (CARRY4=2 LUT2=3 LUT3=1 LUT4=4 LUT5=5 LUT6=18 MUXF7=1)
  Clock Path Skew:        -0.314ns (DCD - SCD + CPR)
    Destination Clock Delay (DCD):    -1.616ns = ( 29.634 - 31.250 ) 
    Source Clock Delay      (SCD):    -0.850ns
    Clock Pessimism Removal (CPR):    0.453ns
  Clock Uncertainty:      0.085ns  ((TSJ^2 + DJ^2)^1/2) / 2 + PE
    Total System Jitter     (TSJ):    0.071ns
    Discrete Jitter          (DJ):    0.155ns
    Phase Error              (PE):    0.000ns

    Location             Delay type                Incr(ns)  Path(ns)    Netlist Resource(s)
  -------------------------------------------------------------------    -------------------
                         (clock clk_out1_xlnx_clk_gen rise edge)
                                                      0.000     0.000 r  
    K17                                               0.000     0.000 r  clk_sys (IN)
                         net (fo=0)                   0.000     0.000    i_xlnx_clk_gen/inst/clk_in1
    K17                  IBUF (Prop_ibuf_I_O)         1.475     1.475 r  i_xlnx_clk_gen/inst/clkin1_ibufg/O
                         net (fo=1, routed)           1.285     2.760    i_xlnx_clk_gen/inst/clk_in1_xlnx_clk_gen
    MMCME2_ADV_X1Y2      MMCME2_ADV (Prop_mmcme2_adv_CLKIN1_CLKOUT0)
                                                     -7.759    -4.999 r  i_xlnx_clk_gen/inst/mmcm_adv_inst/CLKOUT0
                         net (fo=1, routed)           2.206    -2.793    i_xlnx_clk_gen/inst/clk_out1_xlnx_clk_gen
    BUFGCTRL_X0Y16       BUFG (Prop_bufg_I_O)         0.101    -2.692 r  i_xlnx_clk_gen/inst/clkout1_buf/O
                         net (fo=15309, routed)       1.842    -0.850    i_ariane/i_cva6/gen_cache_hpd.i_cache_subsystem/i_dcache/i_hpdcache/hpdcache_ctrl_i/hpdcache_memctrl_i/gen_dir_sram[1].dir_sram/ram_i/clk_out1
    RAMB18_X4Y16         RAMB18E1                                     r  i_ariane/i_cva6/gen_cache_hpd.i_cache_subsystem/i_dcache/i_hpdcache/hpdcache_ctrl_i/hpdcache_memctrl_i/gen_dir_sram[1].dir_sram/ram_i/mem_reg/CLKARDCLK
  -------------------------------------------------------------------    -------------------
    RAMB18_X4Y16         RAMB18E1 (Prop_ramb18e1_CLKARDCLK_DOADO[2])
                                                      2.454     1.604 r  i_ariane/i_cva6/gen_cache_hpd.i_cache_subsystem/i_dcache/i_hpdcache/hpdcache_ctrl_i/hpdcache_memctrl_i/gen_dir_sram[1].dir_sram/ram_i/mem_reg/DOADO[2]
                         net (fo=6, routed)           1.171     2.776    i_ariane/i_cva6/gen_cache_hpd.i_cache_subsystem/i_dcache/i_hpdcache/hpdcache_ctrl_i/hpdcache_memctrl_i/gen_dir_sram[1].dir_sram/ram_i/DOADO[2]
    SLICE_X90Y41         LUT6 (Prop_lut6_I2_O)        0.124     2.900 r  i_ariane/i_cva6/gen_cache_hpd.i_cache_subsystem/i_dcache/i_hpdcache/hpdcache_ctrl_i/hpdcache_memctrl_i/gen_dir_sram[1].dir_sram/ram_i/req_q[0][way_fetch][0]_i_11/O
                         net (fo=1, routed)           0.000     2.900    i_ariane/i_cva6/gen_cache_hpd.i_cache_subsystem/i_dcache/i_hpdcache/hpdcache_ctrl_i/hpdcache_memctrl_i/gen_dir_sram[1].dir_sram/ram_i/req_q[0][way_fetch][0]_i_11_n_0
    SLICE_X90Y41         CARRY4 (Prop_carry4_S[0]_CO[3])
                                                      0.513     3.413 r  i_ariane/i_cva6/gen_cache_hpd.i_cache_subsystem/i_dcache/i_hpdcache/hpdcache_ctrl_i/hpdcache_memctrl_i/gen_dir_sram[1].dir_sram/ram_i/req_q_reg[0][way_fetch][0]_i_3/CO[3]
                         net (fo=1, routed)           0.000     3.413    i_ariane/i_cva6/gen_cache_hpd.i_cache_subsystem/i_dcache/i_hpdcache/hpdcache_ctrl_i/hpdcache_memctrl_i/gen_dir_sram[1].dir_sram/ram_i/req_q_reg[0][way_fetch][0]_i_3_n_0
    SLICE_X90Y42         CARRY4 (Prop_carry4_CI_CO[3])
                                                      0.117     3.530 r  i_ariane/i_cva6/gen_cache_hpd.i_cache_subsystem/i_dcache/i_hpdcache/hpdcache_ctrl_i/hpdcache_memctrl_i/gen_dir_sram[1].dir_sram/ram_i/req_q_reg[0][way_fetch][0]_i_2/CO[3]
                         net (fo=58, routed)          1.142     4.672    i_ariane/i_cva6/gen_cache_hpd.i_cache_subsystem/i_dcache/i_hpdcache/hpdcache_ctrl_i/hpdcache_memctrl_i/gen_dir_sram[1].dir_sram/ram_i/CO[0]
    SLICE_X88Y44         LUT2 (Prop_lut2_I0_O)        0.118     4.790 r  i_ariane/i_cva6/gen_cache_hpd.i_cache_subsystem/i_dcache/i_hpdcache/hpdcache_ctrl_i/hpdcache_memctrl_i/gen_dir_sram[1].dir_sram/ram_i/st2_dir_updt_way_q[1]_i_2/O
                         net (fo=4, routed)           0.685     5.475    i_ariane/i_cva6/gen_cache_hpd.i_cache_subsystem/i_dcache/i_hpdcache/hpdcache_ctrl_i/hpdcache_memctrl_i/gen_dir_sram[0].dir_sram/ram_i/st1_dir_hit_way[0]
    SLICE_X88Y45         LUT6 (Prop_lut6_I4_O)        0.326     5.801 r  i_ariane/i_cva6/gen_cache_hpd.i_cache_subsystem/i_dcache/i_hpdcache/hpdcache_ctrl_i/hpdcache_memctrl_i/gen_dir_sram[0].dir_sram/ram_i/st2_dir_updt_valid_q_i_11/O
                         net (fo=10, routed)          1.014     6.814    i_ariane/i_cva6/gen_cache_hpd.i_cache_subsystem/i_dcache/i_hpdcache/hpdcache_ctrl_i/hpdcache_memctrl_i/gen_dir_sram[0].dir_sram/ram_i/mem_reg_32
    SLICE_X79Y46         LUT5 (Prop_lut5_I2_O)        0.124     6.938 f  i_ariane/i_cva6/gen_cache_hpd.i_cache_subsystem/i_dcache/i_hpdcache/hpdcache_ctrl_i/hpdcache_memctrl_i/gen_dir_sram[0].dir_sram/ram_i/deps_q[0][flush_hit]_i_7/O
                         net (fo=9, routed)           0.698     7.636    i_ariane/i_cva6/gen_cache_hpd.i_cache_subsystem/i_dcache/i_hpdcache/hpdcache_ctrl_i/hpdcache_memctrl_i/gen_dir_sram[0].dir_sram/ram_i/st1_req_q_reg[pma][wr_policy_hint][0]_0
    SLICE_X79Y46         LUT5 (Prop_lut5_I2_O)        0.124     7.760 r  i_ariane/i_cva6/gen_cache_hpd.i_cache_subsystem/i_dcache/i_hpdcache/hpdcache_ctrl_i/hpdcache_memctrl_i/gen_dir_sram[0].dir_sram/ram_i/deps_q[0][wbuf_not_ready]_i_6/O
                         net (fo=2, routed)           0.445     8.205    i_ariane/i_cva6/gen_cache_hpd.i_cache_subsystem/i_dcache/i_hpdcache/hpdcache_ctrl_i/hpdcache_memctrl_i/gen_dir_sram[0].dir_sram/ram_i/mem_reg_37
    SLICE_X79Y46         LUT5 (Prop_lut5_I0_O)        0.124     8.329 r  i_ariane/i_cva6/gen_cache_hpd.i_cache_subsystem/i_dcache/i_hpdcache/hpdcache_ctrl_i/hpdcache_memctrl_i/gen_dir_sram[0].dir_sram/ram_i/FSM_sequential_pop_try_state_q[1]_i_3/O
                         net (fo=5, routed)           0.444     8.773    i_ariane/i_cva6/gen_cache_hpd.i_cache_subsystem/i_dcache/i_hpdcache/hpdcache_ctrl_i/hpdcache_memctrl_i/gen_dir_sram[0].dir_sram/ram_i/wbuf_data_valid_q_reg[0]
    SLICE_X74Y47         LUT6 (Prop_lut6_I0_O)        0.124     8.897 r  i_ariane/i_cva6/gen_cache_hpd.i_cache_subsystem/i_dcache/i_hpdcache/hpdcache_ctrl_i/hpdcache_memctrl_i/gen_dir_sram[0].dir_sram/ram_i/ldbuf_valid_q[1]_i_4/O
                         net (fo=1, routed)           0.786     9.683    i_ariane/i_cva6/gen_cache_hpd.i_cache_subsystem/i_dcache/i_hpdcache/hpdcache_ctrl_i/hpdcache_memctrl_i/gen_dir_sram[0].dir_sram/ram_i/ldbuf_valid_q[1]_i_4_n_0
    SLICE_X67Y55         LUT6 (Prop_lut6_I1_O)        0.124     9.807 f  i_ariane/i_cva6/gen_cache_hpd.i_cache_subsystem/i_dcache/i_hpdcache/hpdcache_ctrl_i/hpdcache_memctrl_i/gen_dir_sram[0].dir_sram/ram_i/ldbuf_valid_q[1]_i_3/O
                         net (fo=5, routed)           0.504    10.311    i_ariane/i_cva6/ex_stage_i/lsu_i/lsu_bypass_i/dcache_req_ports_cache_ex[1][data_rvalid]
    SLICE_X67Y62         LUT4 (Prop_lut4_I2_O)        0.124    10.435 r  i_ariane/i_cva6/ex_stage_i/lsu_i/lsu_bypass_i/i___215_i_6/O
                         net (fo=4, routed)           0.773    11.208    i_ariane/i_cva6/ex_stage_i/lsu_i/lsu_bypass_i/gen_no_mmu.pmp_exception_reg[valid]
    SLICE_X67Y71         LUT5 (Prop_lut5_I1_O)        0.124    11.332 r  i_ariane/i_cva6/ex_stage_i/lsu_i/lsu_bypass_i/i___215_i_5/O
                         net (fo=28, routed)          0.714    12.047    i_ariane/i_cva6/issue_stage_i/i_scoreboard/load_trans_id_ex_id[0]
    SLICE_X67Y76         LUT6 (Prop_lut6_I4_O)        0.124    12.171 f  i_ariane/i_cva6/issue_stage_i/i_scoreboard/i___227_i_1/O
                         net (fo=6, routed)           0.633    12.803    i_ariane/i_cva6/ex_stage_i/lsu_i/i_load_unit/i__i_12
    SLICE_X67Y74         LUT5 (Prop_lut5_I0_O)        0.124    12.927 f  i_ariane/i_cva6/ex_stage_i/lsu_i/i_load_unit/i__i_76/O
                         net (fo=3, routed)           1.037    13.964    i_ariane/i_cva6/issue_stage_i/i_scoreboard/i__i_6_1
    SLICE_X67Y79         LUT6 (Prop_lut6_I0_O)        0.124    14.088 f  i_ariane/i_cva6/issue_stage_i/i_scoreboard/i__i_33/O
                         net (fo=36, routed)          0.906    14.995    i_ariane/i_cva6/issue_stage_i/i_scoreboard/i_issue_read_operands/rs1_fwd_req[0]_98[2]
    SLICE_X81Y80         LUT6 (Prop_lut6_I1_O)        0.124    15.119 f  i_ariane/i_cva6/issue_stage_i/i_scoreboard/i__i_86/O
                         net (fo=6, routed)           0.474    15.592    i_ariane/i_cva6/issue_stage_i/i_scoreboard/i__i_86_n_0
    SLICE_X84Y82         LUT6 (Prop_lut6_I2_O)        0.124    15.716 f  i_ariane/i_cva6/issue_stage_i/i_scoreboard/i__i_61/O
                         net (fo=3, routed)           0.467    16.183    i_ariane/i_cva6/issue_stage_i/i_scoreboard/i__i_61_n_0
    SLICE_X87Y84         LUT2 (Prop_lut2_I0_O)        0.124    16.307 f  i_ariane/i_cva6/issue_stage_i/i_scoreboard/i___206_i_46/O
                         net (fo=1, routed)           0.425    16.732    i_ariane/i_cva6/issue_stage_i/i_scoreboard/i_issue_read_operands/rs1_available
    SLICE_X84Y85         LUT6 (Prop_lut6_I1_O)        0.124    16.856 r  i_ariane/i_cva6/issue_stage_i/i_scoreboard/i___206_i_27/O
                         net (fo=1, routed)           0.686    17.542    i_ariane/i_cva6/id_stage_i/alu_valid_q[0]_i_3_0
    SLICE_X67Y84         LUT4 (Prop_lut4_I3_O)        0.124    17.666 r  i_ariane/i_cva6/id_stage_i/i___206_i_13/O
                         net (fo=4, routed)           0.508    18.174    i_ariane/i_cva6/id_stage_i/i___206_i_13_n_0
    SLICE_X67Y83         LUT6 (Prop_lut6_I1_O)        0.124    18.298 f  i_ariane/i_cva6/id_stage_i/i___206_i_3/O
                         net (fo=3, routed)           0.481    18.779    i_ariane/gen_example_coprocessor.i_cvxif_coprocessor/radix_mem_reg[0]_0
    SLICE_X67Y83         LUT4 (Prop_lut4_I2_O)        0.124    18.903 f  i_ariane/gen_example_coprocessor.i_cvxif_coprocessor/i___24_i_2/O
                         net (fo=3, routed)           0.830    19.733    i_ariane/i_cva6/id_stage_i/cvxif_resp[issue_ready]
    SLICE_X67Y83         LUT3 (Prop_lut3_I0_O)        0.152    19.885 f  i_ariane/i_cva6/id_stage_i/x_transaction_rejected_o_i_2/O
                         net (fo=4, routed)           0.397    20.281    i_ariane/i_cva6/id_stage_i/issue_stage_i/i_issue_read_operands/x_transaction_rejected
    SLICE_X66Y83         LUT6 (Prop_lut6_I5_O)        0.332    20.613 r  i_ariane/i_cva6/id_stage_i/i__i_4__0/O
                         net (fo=1, routed)           0.573    21.186    i_ariane/i_cva6/id_stage_i/i__i_4__0_n_0
    SLICE_X65Y82         LUT6 (Prop_lut6_I2_O)        0.124    21.310 f  i_ariane/i_cva6/id_stage_i/i__i_3/O
                         net (fo=3, routed)           0.315    21.626    i_ariane/i_cva6/issue_stage_i/i_scoreboard/issue_ack_iro_sb
    SLICE_X65Y84         LUT2 (Prop_lut2_I1_O)        0.124    21.750 r  i_ariane/i_cva6/issue_stage_i/i_scoreboard/mem_q[7][sbe][fu][2]_i_2/O
                         net (fo=32, routed)          0.726    22.476    i_ariane/i_cva6/issue_stage_i/i_scoreboard/mem_q[7][sbe][fu][2]_i_2_n_0
    SLICE_X59Y89         LUT6 (Prop_lut6_I1_O)        0.124    22.600 f  i_ariane/i_cva6/issue_stage_i/i_scoreboard/mem_q[1][sbe][fu][2]_i_1/O
                         net (fo=5, routed)           1.115    23.715    i_ariane/i_cva6/issue_stage_i/i_scoreboard/mem_q[1][sbe][fu][2]_i_1_n_0
    SLICE_X60Y85         LUT6 (Prop_lut6_I2_O)        0.124    23.839 r  i_ariane/i_cva6/issue_stage_i/i_scoreboard/i___54/O
                         net (fo=1, routed)           0.936    24.775    i_ariane/i_cva6/issue_stage_i/i_scoreboard/i___54_n_0
    SLICE_X62Y83         LUT6 (Prop_lut6_I0_O)        0.124    24.899 f  i_ariane/i_cva6/issue_stage_i/i_scoreboard/i___52_i_2/O
                         net (fo=1, routed)           0.000    24.899    i_ariane/i_cva6/issue_stage_i/i_scoreboard/i___52_i_2_n_0
    SLICE_X62Y83         MUXF7 (Prop_muxf7_I0_O)      0.209    25.108 f  i_ariane/i_cva6/issue_stage_i/i_scoreboard/i___52_i_1/O
                         net (fo=11, routed)          0.880    25.988    i_ariane/i_cva6/issue_stage_i/i_scoreboard/i___52_i_1_n_0
    SLICE_X61Y81         LUT6 (Prop_lut6_I1_O)        0.297    26.285 r  i_ariane/i_cva6/issue_stage_i/i_scoreboard/i___44_i_2/O
                         net (fo=6, routed)           0.621    26.906    i_ariane/i_cva6/issue_stage_i/i_scoreboard/i___44_i_2_n_0
    SLICE_X61Y79         LUT6 (Prop_lut6_I0_O)        0.124    27.030 f  i_ariane/i_cva6/issue_stage_i/i_scoreboard/mem_q[1][sbe][rd][0]_i_2/O
                         net (fo=2, routed)           0.778    27.808    i_ariane/i_cva6/issue_stage_i/i_scoreboard/mem_q[1][sbe][rd][0]_i_2_n_0
    SLICE_X63Y79         LUT4 (Prop_lut4_I1_O)        0.150    27.958 r  i_ariane/i_cva6/issue_stage_i/i_scoreboard/mem_q[7][sbe][rd][0]_i_3/O
                         net (fo=8, routed)           1.095    29.052    i_ariane/i_cva6/issue_stage_i/i_scoreboard/mem_q[7][sbe][rd][0]_i_3_n_0
    SLICE_X64Y78         LUT6 (Prop_lut6_I2_O)        0.326    29.378 r  i_ariane/i_cva6/issue_stage_i/i_scoreboard/mem_q[4][sbe][rd][0]_i_1/O
                         net (fo=1, routed)           0.000    29.378    i_ariane/i_cva6/issue_stage_i/i_scoreboard/mem_q[4][sbe][rd][0]_i_1_n_0
    SLICE_X64Y78         FDCE                                         r  i_ariane/i_cva6/issue_stage_i/i_scoreboard/mem_q_reg[4][sbe][rd][0]/D
  -------------------------------------------------------------------    -------------------

                         (clock clk_out1_xlnx_clk_gen rise edge)
                                                     31.250    31.250 r  
    K17                                               0.000    31.250 r  clk_sys (IN)
                         net (fo=0)                   0.000    31.250    i_xlnx_clk_gen/inst/clk_in1
    K17                  IBUF (Prop_ibuf_I_O)         1.404    32.654 r  i_xlnx_clk_gen/inst/clkin1_ibufg/O
                         net (fo=1, routed)           1.162    33.816    i_xlnx_clk_gen/inst/clk_in1_xlnx_clk_gen
    MMCME2_ADV_X1Y2      MMCME2_ADV (Prop_mmcme2_adv_CLKIN1_CLKOUT0)
                                                     -7.814    26.002 r  i_xlnx_clk_gen/inst/mmcm_adv_inst/CLKOUT0
                         net (fo=1, routed)           2.012    28.014    i_xlnx_clk_gen/inst/clk_out1_xlnx_clk_gen
    BUFGCTRL_X0Y16       BUFG (Prop_bufg_I_O)         0.091    28.105 r  i_xlnx_clk_gen/inst/clkout1_buf/O
                         net (fo=15309, routed)       1.529    29.634    i_ariane/i_cva6/issue_stage_i/i_scoreboard/clk_out1
    SLICE_X64Y78         FDCE                                         r  i_ariane/i_cva6/issue_stage_i/i_scoreboard/mem_q_reg[4][sbe][rd][0]/C
                         clock pessimism              0.453    30.087    
                         clock uncertainty           -0.085    30.001    
    SLICE_X64Y78         FDCE (Setup_fdce_C_D)        0.031    30.032    i_ariane/i_cva6/issue_stage_i/i_scoreboard/mem_q_reg[4][sbe][rd][0]
  -------------------------------------------------------------------
                         required time                         30.032    
                         arrival time                         -29.378    
  -------------------------------------------------------------------
                         slack                                  0.654    

Slack (MET) :             0.689ns  (required time - arrival time)
  Source:                 i_ariane/i_cva6/gen_cache_hpd.i_cache_subsystem/i_dcache/i_hpdcache/hpdcache_ctrl_i/hpdcache_memctrl_i/gen_dir_sram[1].dir_sram/ram_i/mem_reg/CLKARDCLK
                            (rising edge-triggered cell RAMB18E1 clocked by clk_out1_xlnx_clk_gen  {rise@0.000ns fall@15.625ns period=31.250ns})
  Destination:            i_ariane/i_cva6/issue_stage_i/i_scoreboard/mem_q_reg[7][sbe][rd][3]/D
                            (rising edge-triggered cell FDCE clocked by clk_out1_xlnx_clk_gen  {rise@0.000ns fall@15.625ns period=31.250ns})
  Path Group:             clk_out1_xlnx_clk_gen
  Path Type:              Setup (Max at Slow Process Corner)
  Requirement:            31.250ns  (clk_out1_xlnx_clk_gen rise@31.250ns - clk_out1_xlnx_clk_gen rise@0.000ns)
  Data Path Delay:        29.892ns  (logic 7.736ns (25.880%)  route 22.156ns (74.120%))
  Logic Levels:           34  (CARRY4=2 LUT2=3 LUT3=1 LUT4=3 LUT5=6 LUT6=18 MUXF7=1)
  Clock Path Skew:        -0.315ns (DCD - SCD + CPR)
    Destination Clock Delay (DCD):    -1.617ns = ( 29.633 - 31.250 ) 
    Source Clock Delay      (SCD):    -0.850ns
    Clock Pessimism Removal (CPR):    0.453ns
  Clock Uncertainty:      0.085ns  ((TSJ^2 + DJ^2)^1/2) / 2 + PE
    Total System Jitter     (TSJ):    0.071ns
    Discrete Jitter          (DJ):    0.155ns
    Phase Error              (PE):    0.000ns

    Location             Delay type                Incr(ns)  Path(ns)    Netlist Resource(s)
  -------------------------------------------------------------------    -------------------
                         (clock clk_out1_xlnx_clk_gen rise edge)
                                                      0.000     0.000 r  
    K17                                               0.000     0.000 r  clk_sys (IN)
                         net (fo=0)                   0.000     0.000    i_xlnx_clk_gen/inst/clk_in1
    K17                  IBUF (Prop_ibuf_I_O)         1.475     1.475 r  i_xlnx_clk_gen/inst/clkin1_ibufg/O
                         net (fo=1, routed)           1.285     2.760    i_xlnx_clk_gen/inst/clk_in1_xlnx_clk_gen
    MMCME2_ADV_X1Y2      MMCME2_ADV (Prop_mmcme2_adv_CLKIN1_CLKOUT0)
                                                     -7.759    -4.999 r  i_xlnx_clk_gen/inst/mmcm_adv_inst/CLKOUT0
                         net (fo=1, routed)           2.206    -2.793    i_xlnx_clk_gen/inst/clk_out1_xlnx_clk_gen
    BUFGCTRL_X0Y16       BUFG (Prop_bufg_I_O)         0.101    -2.692 r  i_xlnx_clk_gen/inst/clkout1_buf/O
                         net (fo=15309, routed)       1.842    -0.850    i_ariane/i_cva6/gen_cache_hpd.i_cache_subsystem/i_dcache/i_hpdcache/hpdcache_ctrl_i/hpdcache_memctrl_i/gen_dir_sram[1].dir_sram/ram_i/clk_out1
    RAMB18_X4Y16         RAMB18E1                                     r  i_ariane/i_cva6/gen_cache_hpd.i_cache_subsystem/i_dcache/i_hpdcache/hpdcache_ctrl_i/hpdcache_memctrl_i/gen_dir_sram[1].dir_sram/ram_i/mem_reg/CLKARDCLK
  -------------------------------------------------------------------    -------------------
    RAMB18_X4Y16         RAMB18E1 (Prop_ramb18e1_CLKARDCLK_DOADO[2])
                                                      2.454     1.604 r  i_ariane/i_cva6/gen_cache_hpd.i_cache_subsystem/i_dcache/i_hpdcache/hpdcache_ctrl_i/hpdcache_memctrl_i/gen_dir_sram[1].dir_sram/ram_i/mem_reg/DOADO[2]
                         net (fo=6, routed)           1.171     2.776    i_ariane/i_cva6/gen_cache_hpd.i_cache_subsystem/i_dcache/i_hpdcache/hpdcache_ctrl_i/hpdcache_memctrl_i/gen_dir_sram[1].dir_sram/ram_i/DOADO[2]
    SLICE_X90Y41         LUT6 (Prop_lut6_I2_O)        0.124     2.900 r  i_ariane/i_cva6/gen_cache_hpd.i_cache_subsystem/i_dcache/i_hpdcache/hpdcache_ctrl_i/hpdcache_memctrl_i/gen_dir_sram[1].dir_sram/ram_i/req_q[0][way_fetch][0]_i_11/O
                         net (fo=1, routed)           0.000     2.900    i_ariane/i_cva6/gen_cache_hpd.i_cache_subsystem/i_dcache/i_hpdcache/hpdcache_ctrl_i/hpdcache_memctrl_i/gen_dir_sram[1].dir_sram/ram_i/req_q[0][way_fetch][0]_i_11_n_0
    SLICE_X90Y41         CARRY4 (Prop_carry4_S[0]_CO[3])
                                                      0.513     3.413 r  i_ariane/i_cva6/gen_cache_hpd.i_cache_subsystem/i_dcache/i_hpdcache/hpdcache_ctrl_i/hpdcache_memctrl_i/gen_dir_sram[1].dir_sram/ram_i/req_q_reg[0][way_fetch][0]_i_3/CO[3]
                         net (fo=1, routed)           0.000     3.413    i_ariane/i_cva6/gen_cache_hpd.i_cache_subsystem/i_dcache/i_hpdcache/hpdcache_ctrl_i/hpdcache_memctrl_i/gen_dir_sram[1].dir_sram/ram_i/req_q_reg[0][way_fetch][0]_i_3_n_0
    SLICE_X90Y42         CARRY4 (Prop_carry4_CI_CO[3])
                                                      0.117     3.530 r  i_ariane/i_cva6/gen_cache_hpd.i_cache_subsystem/i_dcache/i_hpdcache/hpdcache_ctrl_i/hpdcache_memctrl_i/gen_dir_sram[1].dir_sram/ram_i/req_q_reg[0][way_fetch][0]_i_2/CO[3]
                         net (fo=58, routed)          1.142     4.672    i_ariane/i_cva6/gen_cache_hpd.i_cache_subsystem/i_dcache/i_hpdcache/hpdcache_ctrl_i/hpdcache_memctrl_i/gen_dir_sram[1].dir_sram/ram_i/CO[0]
    SLICE_X88Y44         LUT2 (Prop_lut2_I0_O)        0.118     4.790 r  i_ariane/i_cva6/gen_cache_hpd.i_cache_subsystem/i_dcache/i_hpdcache/hpdcache_ctrl_i/hpdcache_memctrl_i/gen_dir_sram[1].dir_sram/ram_i/st2_dir_updt_way_q[1]_i_2/O
                         net (fo=4, routed)           0.685     5.475    i_ariane/i_cva6/gen_cache_hpd.i_cache_subsystem/i_dcache/i_hpdcache/hpdcache_ctrl_i/hpdcache_memctrl_i/gen_dir_sram[0].dir_sram/ram_i/st1_dir_hit_way[0]
    SLICE_X88Y45         LUT6 (Prop_lut6_I4_O)        0.326     5.801 r  i_ariane/i_cva6/gen_cache_hpd.i_cache_subsystem/i_dcache/i_hpdcache/hpdcache_ctrl_i/hpdcache_memctrl_i/gen_dir_sram[0].dir_sram/ram_i/st2_dir_updt_valid_q_i_11/O
                         net (fo=10, routed)          1.014     6.814    i_ariane/i_cva6/gen_cache_hpd.i_cache_subsystem/i_dcache/i_hpdcache/hpdcache_ctrl_i/hpdcache_memctrl_i/gen_dir_sram[0].dir_sram/ram_i/mem_reg_32
    SLICE_X79Y46         LUT5 (Prop_lut5_I2_O)        0.124     6.938 f  i_ariane/i_cva6/gen_cache_hpd.i_cache_subsystem/i_dcache/i_hpdcache/hpdcache_ctrl_i/hpdcache_memctrl_i/gen_dir_sram[0].dir_sram/ram_i/deps_q[0][flush_hit]_i_7/O
                         net (fo=9, routed)           0.698     7.636    i_ariane/i_cva6/gen_cache_hpd.i_cache_subsystem/i_dcache/i_hpdcache/hpdcache_ctrl_i/hpdcache_memctrl_i/gen_dir_sram[0].dir_sram/ram_i/st1_req_q_reg[pma][wr_policy_hint][0]_0
    SLICE_X79Y46         LUT5 (Prop_lut5_I2_O)        0.124     7.760 r  i_ariane/i_cva6/gen_cache_hpd.i_cache_subsystem/i_dcache/i_hpdcache/hpdcache_ctrl_i/hpdcache_memctrl_i/gen_dir_sram[0].dir_sram/ram_i/deps_q[0][wbuf_not_ready]_i_6/O
                         net (fo=2, routed)           0.445     8.205    i_ariane/i_cva6/gen_cache_hpd.i_cache_subsystem/i_dcache/i_hpdcache/hpdcache_ctrl_i/hpdcache_memctrl_i/gen_dir_sram[0].dir_sram/ram_i/mem_reg_37
    SLICE_X79Y46         LUT5 (Prop_lut5_I0_O)        0.124     8.329 r  i_ariane/i_cva6/gen_cache_hpd.i_cache_subsystem/i_dcache/i_hpdcache/hpdcache_ctrl_i/hpdcache_memctrl_i/gen_dir_sram[0].dir_sram/ram_i/FSM_sequential_pop_try_state_q[1]_i_3/O
                         net (fo=5, routed)           0.444     8.773    i_ariane/i_cva6/gen_cache_hpd.i_cache_subsystem/i_dcache/i_hpdcache/hpdcache_ctrl_i/hpdcache_memctrl_i/gen_dir_sram[0].dir_sram/ram_i/wbuf_data_valid_q_reg[0]
    SLICE_X74Y47         LUT6 (Prop_lut6_I0_O)        0.124     8.897 r  i_ariane/i_cva6/gen_cache_hpd.i_cache_subsystem/i_dcache/i_hpdcache/hpdcache_ctrl_i/hpdcache_memctrl_i/gen_dir_sram[0].dir_sram/ram_i/ldbuf_valid_q[1]_i_4/O
                         net (fo=1, routed)           0.786     9.683    i_ariane/i_cva6/gen_cache_hpd.i_cache_subsystem/i_dcache/i_hpdcache/hpdcache_ctrl_i/hpdcache_memctrl_i/gen_dir_sram[0].dir_sram/ram_i/ldbuf_valid_q[1]_i_4_n_0
    SLICE_X67Y55         LUT6 (Prop_lut6_I1_O)        0.124     9.807 f  i_ariane/i_cva6/gen_cache_hpd.i_cache_subsystem/i_dcache/i_hpdcache/hpdcache_ctrl_i/hpdcache_memctrl_i/gen_dir_sram[0].dir_sram/ram_i/ldbuf_valid_q[1]_i_3/O
                         net (fo=5, routed)           0.504    10.311    i_ariane/i_cva6/ex_stage_i/lsu_i/lsu_bypass_i/dcache_req_ports_cache_ex[1][data_rvalid]
    SLICE_X67Y62         LUT4 (Prop_lut4_I2_O)        0.124    10.435 r  i_ariane/i_cva6/ex_stage_i/lsu_i/lsu_bypass_i/i___215_i_6/O
                         net (fo=4, routed)           0.773    11.208    i_ariane/i_cva6/ex_stage_i/lsu_i/lsu_bypass_i/gen_no_mmu.pmp_exception_reg[valid]
    SLICE_X67Y71         LUT5 (Prop_lut5_I1_O)        0.124    11.332 r  i_ariane/i_cva6/ex_stage_i/lsu_i/lsu_bypass_i/i___215_i_5/O
                         net (fo=28, routed)          0.714    12.047    i_ariane/i_cva6/issue_stage_i/i_scoreboard/load_trans_id_ex_id[0]
    SLICE_X67Y76         LUT6 (Prop_lut6_I4_O)        0.124    12.171 f  i_ariane/i_cva6/issue_stage_i/i_scoreboard/i___227_i_1/O
                         net (fo=6, routed)           0.633    12.803    i_ariane/i_cva6/ex_stage_i/lsu_i/i_load_unit/i__i_12
    SLICE_X67Y74         LUT5 (Prop_lut5_I0_O)        0.124    12.927 f  i_ariane/i_cva6/ex_stage_i/lsu_i/i_load_unit/i__i_76/O
                         net (fo=3, routed)           1.037    13.964    i_ariane/i_cva6/issue_stage_i/i_scoreboard/i__i_6_1
    SLICE_X67Y79         LUT6 (Prop_lut6_I0_O)        0.124    14.088 f  i_ariane/i_cva6/issue_stage_i/i_scoreboard/i__i_33/O
                         net (fo=36, routed)          0.906    14.995    i_ariane/i_cva6/issue_stage_i/i_scoreboard/i_issue_read_operands/rs1_fwd_req[0]_98[2]
    SLICE_X81Y80         LUT6 (Prop_lut6_I1_O)        0.124    15.119 f  i_ariane/i_cva6/issue_stage_i/i_scoreboard/i__i_86/O
                         net (fo=6, routed)           0.474    15.592    i_ariane/i_cva6/issue_stage_i/i_scoreboard/i__i_86_n_0
    SLICE_X84Y82         LUT6 (Prop_lut6_I2_O)        0.124    15.716 f  i_ariane/i_cva6/issue_stage_i/i_scoreboard/i__i_61/O
                         net (fo=3, routed)           0.467    16.183    i_ariane/i_cva6/issue_stage_i/i_scoreboard/i__i_61_n_0
    SLICE_X87Y84         LUT2 (Prop_lut2_I0_O)        0.124    16.307 f  i_ariane/i_cva6/issue_stage_i/i_scoreboard/i___206_i_46/O
                         net (fo=1, routed)           0.425    16.732    i_ariane/i_cva6/issue_stage_i/i_scoreboard/i_issue_read_operands/rs1_available
    SLICE_X84Y85         LUT6 (Prop_lut6_I1_O)        0.124    16.856 r  i_ariane/i_cva6/issue_stage_i/i_scoreboard/i___206_i_27/O
                         net (fo=1, routed)           0.686    17.542    i_ariane/i_cva6/id_stage_i/alu_valid_q[0]_i_3_0
    SLICE_X67Y84         LUT4 (Prop_lut4_I3_O)        0.124    17.666 r  i_ariane/i_cva6/id_stage_i/i___206_i_13/O
                         net (fo=4, routed)           0.508    18.174    i_ariane/i_cva6/id_stage_i/i___206_i_13_n_0
    SLICE_X67Y83         LUT6 (Prop_lut6_I1_O)        0.124    18.298 f  i_ariane/i_cva6/id_stage_i/i___206_i_3/O
                         net (fo=3, routed)           0.481    18.779    i_ariane/gen_example_coprocessor.i_cvxif_coprocessor/radix_mem_reg[0]_0
    SLICE_X67Y83         LUT4 (Prop_lut4_I2_O)        0.124    18.903 f  i_ariane/gen_example_coprocessor.i_cvxif_coprocessor/i___24_i_2/O
                         net (fo=3, routed)           0.830    19.733    i_ariane/i_cva6/id_stage_i/cvxif_resp[issue_ready]
    SLICE_X67Y83         LUT3 (Prop_lut3_I0_O)        0.152    19.885 f  i_ariane/i_cva6/id_stage_i/x_transaction_rejected_o_i_2/O
                         net (fo=4, routed)           0.397    20.281    i_ariane/i_cva6/id_stage_i/issue_stage_i/i_issue_read_operands/x_transaction_rejected
    SLICE_X66Y83         LUT6 (Prop_lut6_I5_O)        0.332    20.613 r  i_ariane/i_cva6/id_stage_i/i__i_4__0/O
                         net (fo=1, routed)           0.573    21.186    i_ariane/i_cva6/id_stage_i/i__i_4__0_n_0
    SLICE_X65Y82         LUT6 (Prop_lut6_I2_O)        0.124    21.310 f  i_ariane/i_cva6/id_stage_i/i__i_3/O
                         net (fo=3, routed)           0.315    21.626    i_ariane/i_cva6/issue_stage_i/i_scoreboard/issue_ack_iro_sb
    SLICE_X65Y84         LUT2 (Prop_lut2_I1_O)        0.124    21.750 r  i_ariane/i_cva6/issue_stage_i/i_scoreboard/mem_q[7][sbe][fu][2]_i_2/O
                         net (fo=32, routed)          0.726    22.476    i_ariane/i_cva6/issue_stage_i/i_scoreboard/mem_q[7][sbe][fu][2]_i_2_n_0
    SLICE_X59Y89         LUT6 (Prop_lut6_I1_O)        0.124    22.600 f  i_ariane/i_cva6/issue_stage_i/i_scoreboard/mem_q[1][sbe][fu][2]_i_1/O
                         net (fo=5, routed)           1.115    23.715    i_ariane/i_cva6/issue_stage_i/i_scoreboard/mem_q[1][sbe][fu][2]_i_1_n_0
    SLICE_X60Y85         LUT6 (Prop_lut6_I2_O)        0.124    23.839 r  i_ariane/i_cva6/issue_stage_i/i_scoreboard/i___54/O
                         net (fo=1, routed)           0.936    24.775    i_ariane/i_cva6/issue_stage_i/i_scoreboard/i___54_n_0
    SLICE_X62Y83         LUT6 (Prop_lut6_I0_O)        0.124    24.899 f  i_ariane/i_cva6/issue_stage_i/i_scoreboard/i___52_i_2/O
                         net (fo=1, routed)           0.000    24.899    i_ariane/i_cva6/issue_stage_i/i_scoreboard/i___52_i_2_n_0
    SLICE_X62Y83         MUXF7 (Prop_muxf7_I0_O)      0.209    25.108 f  i_ariane/i_cva6/issue_stage_i/i_scoreboard/i___52_i_1/O
                         net (fo=11, routed)          0.863    25.971    i_ariane/i_cva6/issue_stage_i/i_scoreboard/i___52_i_1_n_0
    SLICE_X61Y83         LUT6 (Prop_lut6_I0_O)        0.297    26.268 r  i_ariane/i_cva6/issue_stage_i/i_scoreboard/i___23_i_2/O
                         net (fo=9, routed)           0.693    26.960    i_ariane/i_cva6/issue_stage_i/i_scoreboard/i___23_i_2_n_0
    SLICE_X60Y78         LUT6 (Prop_lut6_I4_O)        0.124    27.084 r  i_ariane/i_cva6/issue_stage_i/i_scoreboard/i___27/O
                         net (fo=1, routed)           0.712    27.796    i_ariane/i_cva6/issue_stage_i/i_scoreboard/i___27_n_0
    SLICE_X65Y77         LUT6 (Prop_lut6_I5_O)        0.124    27.920 r  i_ariane/i_cva6/issue_stage_i/i_scoreboard/i___26/O
                         net (fo=8, routed)           0.512    28.432    i_ariane/i_cva6/issue_stage_i/i_scoreboard/i___26_n_0
    SLICE_X64Y78         LUT5 (Prop_lut5_I0_O)        0.118    28.550 r  i_ariane/i_cva6/issue_stage_i/i_scoreboard/mem_q[7][sbe][rd][3]_i_1/O
                         net (fo=1, routed)           0.492    29.042    i_ariane/i_cva6/issue_stage_i/i_scoreboard/mem_q[7][sbe][rd][3]_i_1_n_0
    SLICE_X63Y78         FDCE                                         r  i_ariane/i_cva6/issue_stage_i/i_scoreboard/mem_q_reg[7][sbe][rd][3]/D
  -------------------------------------------------------------------    -------------------

                         (clock clk_out1_xlnx_clk_gen rise edge)
                                                     31.250    31.250 r  
    K17                                               0.000    31.250 r  clk_sys (IN)
                         net (fo=0)                   0.000    31.250    i_xlnx_clk_gen/inst/clk_in1
    K17                  IBUF (Prop_ibuf_I_O)         1.404    32.654 r  i_xlnx_clk_gen/inst/clkin1_ibufg/O
                         net (fo=1, routed)           1.162    33.816    i_xlnx_clk_gen/inst/clk_in1_xlnx_clk_gen
    MMCME2_ADV_X1Y2      MMCME2_ADV (Prop_mmcme2_adv_CLKIN1_CLKOUT0)
                                                     -7.814    26.002 r  i_xlnx_clk_gen/inst/mmcm_adv_inst/CLKOUT0
                         net (fo=1, routed)           2.012    28.014    i_xlnx_clk_gen/inst/clk_out1_xlnx_clk_gen
    BUFGCTRL_X0Y16       BUFG (Prop_bufg_I_O)         0.091    28.105 r  i_xlnx_clk_gen/inst/clkout1_buf/O
                         net (fo=15309, routed)       1.528    29.633    i_ariane/i_cva6/issue_stage_i/i_scoreboard/clk_out1
    SLICE_X63Y78         FDCE                                         r  i_ariane/i_cva6/issue_stage_i/i_scoreboard/mem_q_reg[7][sbe][rd][3]/C
                         clock pessimism              0.453    30.086    
                         clock uncertainty           -0.085    30.000    
    SLICE_X63Y78         FDCE (Setup_fdce_C_D)       -0.269    29.731    i_ariane/i_cva6/issue_stage_i/i_scoreboard/mem_q_reg[7][sbe][rd][3]
  -------------------------------------------------------------------
                         required time                         29.731    
                         arrival time                         -29.042    
  -------------------------------------------------------------------
                         slack                                  0.689    

Slack (MET) :             0.713ns  (required time - arrival time)
  Source:                 i_ariane/i_cva6/gen_cache_hpd.i_cache_subsystem/i_dcache/i_hpdcache/hpdcache_ctrl_i/hpdcache_memctrl_i/gen_dir_sram[1].dir_sram/ram_i/mem_reg/CLKARDCLK
                            (rising edge-triggered cell RAMB18E1 clocked by clk_out1_xlnx_clk_gen  {rise@0.000ns fall@15.625ns period=31.250ns})
  Destination:            i_ariane/i_cva6/issue_stage_i/i_scoreboard/mem_q_reg[3][sbe][rd][2]/D
                            (rising edge-triggered cell FDCE clocked by clk_out1_xlnx_clk_gen  {rise@0.000ns fall@15.625ns period=31.250ns})
  Path Group:             clk_out1_xlnx_clk_gen
  Path Type:              Setup (Max at Slow Process Corner)
  Requirement:            31.250ns  (clk_out1_xlnx_clk_gen rise@31.250ns - clk_out1_xlnx_clk_gen rise@0.000ns)
  Data Path Delay:        29.886ns  (logic 7.768ns (25.993%)  route 22.118ns (74.007%))
  Logic Levels:           34  (CARRY4=2 LUT2=3 LUT3=1 LUT4=3 LUT5=6 LUT6=18 MUXF7=1)
  Clock Path Skew:        -0.317ns (DCD - SCD + CPR)
    Destination Clock Delay (DCD):    -1.619ns = ( 29.631 - 31.250 ) 
    Source Clock Delay      (SCD):    -0.850ns
    Clock Pessimism Removal (CPR):    0.453ns
  Clock Uncertainty:      0.085ns  ((TSJ^2 + DJ^2)^1/2) / 2 + PE
    Total System Jitter     (TSJ):    0.071ns
    Discrete Jitter          (DJ):    0.155ns
    Phase Error              (PE):    0.000ns

    Location             Delay type                Incr(ns)  Path(ns)    Netlist Resource(s)
  -------------------------------------------------------------------    -------------------
                         (clock clk_out1_xlnx_clk_gen rise edge)
                                                      0.000     0.000 r  
    K17                                               0.000     0.000 r  clk_sys (IN)
                         net (fo=0)                   0.000     0.000    i_xlnx_clk_gen/inst/clk_in1
    K17                  IBUF (Prop_ibuf_I_O)         1.475     1.475 r  i_xlnx_clk_gen/inst/clkin1_ibufg/O
                         net (fo=1, routed)           1.285     2.760    i_xlnx_clk_gen/inst/clk_in1_xlnx_clk_gen
    MMCME2_ADV_X1Y2      MMCME2_ADV (Prop_mmcme2_adv_CLKIN1_CLKOUT0)
                                                     -7.759    -4.999 r  i_xlnx_clk_gen/inst/mmcm_adv_inst/CLKOUT0
                         net (fo=1, routed)           2.206    -2.793    i_xlnx_clk_gen/inst/clk_out1_xlnx_clk_gen
    BUFGCTRL_X0Y16       BUFG (Prop_bufg_I_O)         0.101    -2.692 r  i_xlnx_clk_gen/inst/clkout1_buf/O
                         net (fo=15309, routed)       1.842    -0.850    i_ariane/i_cva6/gen_cache_hpd.i_cache_subsystem/i_dcache/i_hpdcache/hpdcache_ctrl_i/hpdcache_memctrl_i/gen_dir_sram[1].dir_sram/ram_i/clk_out1
    RAMB18_X4Y16         RAMB18E1                                     r  i_ariane/i_cva6/gen_cache_hpd.i_cache_subsystem/i_dcache/i_hpdcache/hpdcache_ctrl_i/hpdcache_memctrl_i/gen_dir_sram[1].dir_sram/ram_i/mem_reg/CLKARDCLK
  -------------------------------------------------------------------    -------------------
    RAMB18_X4Y16         RAMB18E1 (Prop_ramb18e1_CLKARDCLK_DOADO[2])
                                                      2.454     1.604 r  i_ariane/i_cva6/gen_cache_hpd.i_cache_subsystem/i_dcache/i_hpdcache/hpdcache_ctrl_i/hpdcache_memctrl_i/gen_dir_sram[1].dir_sram/ram_i/mem_reg/DOADO[2]
                         net (fo=6, routed)           1.171     2.776    i_ariane/i_cva6/gen_cache_hpd.i_cache_subsystem/i_dcache/i_hpdcache/hpdcache_ctrl_i/hpdcache_memctrl_i/gen_dir_sram[1].dir_sram/ram_i/DOADO[2]
    SLICE_X90Y41         LUT6 (Prop_lut6_I2_O)        0.124     2.900 r  i_ariane/i_cva6/gen_cache_hpd.i_cache_subsystem/i_dcache/i_hpdcache/hpdcache_ctrl_i/hpdcache_memctrl_i/gen_dir_sram[1].dir_sram/ram_i/req_q[0][way_fetch][0]_i_11/O
                         net (fo=1, routed)           0.000     2.900    i_ariane/i_cva6/gen_cache_hpd.i_cache_subsystem/i_dcache/i_hpdcache/hpdcache_ctrl_i/hpdcache_memctrl_i/gen_dir_sram[1].dir_sram/ram_i/req_q[0][way_fetch][0]_i_11_n_0
    SLICE_X90Y41         CARRY4 (Prop_carry4_S[0]_CO[3])
                                                      0.513     3.413 r  i_ariane/i_cva6/gen_cache_hpd.i_cache_subsystem/i_dcache/i_hpdcache/hpdcache_ctrl_i/hpdcache_memctrl_i/gen_dir_sram[1].dir_sram/ram_i/req_q_reg[0][way_fetch][0]_i_3/CO[3]
                         net (fo=1, routed)           0.000     3.413    i_ariane/i_cva6/gen_cache_hpd.i_cache_subsystem/i_dcache/i_hpdcache/hpdcache_ctrl_i/hpdcache_memctrl_i/gen_dir_sram[1].dir_sram/ram_i/req_q_reg[0][way_fetch][0]_i_3_n_0
    SLICE_X90Y42         CARRY4 (Prop_carry4_CI_CO[3])
                                                      0.117     3.530 r  i_ariane/i_cva6/gen_cache_hpd.i_cache_subsystem/i_dcache/i_hpdcache/hpdcache_ctrl_i/hpdcache_memctrl_i/gen_dir_sram[1].dir_sram/ram_i/req_q_reg[0][way_fetch][0]_i_2/CO[3]
                         net (fo=58, routed)          1.142     4.672    i_ariane/i_cva6/gen_cache_hpd.i_cache_subsystem/i_dcache/i_hpdcache/hpdcache_ctrl_i/hpdcache_memctrl_i/gen_dir_sram[1].dir_sram/ram_i/CO[0]
    SLICE_X88Y44         LUT2 (Prop_lut2_I0_O)        0.118     4.790 r  i_ariane/i_cva6/gen_cache_hpd.i_cache_subsystem/i_dcache/i_hpdcache/hpdcache_ctrl_i/hpdcache_memctrl_i/gen_dir_sram[1].dir_sram/ram_i/st2_dir_updt_way_q[1]_i_2/O
                         net (fo=4, routed)           0.685     5.475    i_ariane/i_cva6/gen_cache_hpd.i_cache_subsystem/i_dcache/i_hpdcache/hpdcache_ctrl_i/hpdcache_memctrl_i/gen_dir_sram[0].dir_sram/ram_i/st1_dir_hit_way[0]
    SLICE_X88Y45         LUT6 (Prop_lut6_I4_O)        0.326     5.801 r  i_ariane/i_cva6/gen_cache_hpd.i_cache_subsystem/i_dcache/i_hpdcache/hpdcache_ctrl_i/hpdcache_memctrl_i/gen_dir_sram[0].dir_sram/ram_i/st2_dir_updt_valid_q_i_11/O
                         net (fo=10, routed)          1.014     6.814    i_ariane/i_cva6/gen_cache_hpd.i_cache_subsystem/i_dcache/i_hpdcache/hpdcache_ctrl_i/hpdcache_memctrl_i/gen_dir_sram[0].dir_sram/ram_i/mem_reg_32
    SLICE_X79Y46         LUT5 (Prop_lut5_I2_O)        0.124     6.938 f  i_ariane/i_cva6/gen_cache_hpd.i_cache_subsystem/i_dcache/i_hpdcache/hpdcache_ctrl_i/hpdcache_memctrl_i/gen_dir_sram[0].dir_sram/ram_i/deps_q[0][flush_hit]_i_7/O
                         net (fo=9, routed)           0.698     7.636    i_ariane/i_cva6/gen_cache_hpd.i_cache_subsystem/i_dcache/i_hpdcache/hpdcache_ctrl_i/hpdcache_memctrl_i/gen_dir_sram[0].dir_sram/ram_i/st1_req_q_reg[pma][wr_policy_hint][0]_0
    SLICE_X79Y46         LUT5 (Prop_lut5_I2_O)        0.124     7.760 r  i_ariane/i_cva6/gen_cache_hpd.i_cache_subsystem/i_dcache/i_hpdcache/hpdcache_ctrl_i/hpdcache_memctrl_i/gen_dir_sram[0].dir_sram/ram_i/deps_q[0][wbuf_not_ready]_i_6/O
                         net (fo=2, routed)           0.445     8.205    i_ariane/i_cva6/gen_cache_hpd.i_cache_subsystem/i_dcache/i_hpdcache/hpdcache_ctrl_i/hpdcache_memctrl_i/gen_dir_sram[0].dir_sram/ram_i/mem_reg_37
    SLICE_X79Y46         LUT5 (Prop_lut5_I0_O)        0.124     8.329 r  i_ariane/i_cva6/gen_cache_hpd.i_cache_subsystem/i_dcache/i_hpdcache/hpdcache_ctrl_i/hpdcache_memctrl_i/gen_dir_sram[0].dir_sram/ram_i/FSM_sequential_pop_try_state_q[1]_i_3/O
                         net (fo=5, routed)           0.444     8.773    i_ariane/i_cva6/gen_cache_hpd.i_cache_subsystem/i_dcache/i_hpdcache/hpdcache_ctrl_i/hpdcache_memctrl_i/gen_dir_sram[0].dir_sram/ram_i/wbuf_data_valid_q_reg[0]
    SLICE_X74Y47         LUT6 (Prop_lut6_I0_O)        0.124     8.897 r  i_ariane/i_cva6/gen_cache_hpd.i_cache_subsystem/i_dcache/i_hpdcache/hpdcache_ctrl_i/hpdcache_memctrl_i/gen_dir_sram[0].dir_sram/ram_i/ldbuf_valid_q[1]_i_4/O
                         net (fo=1, routed)           0.786     9.683    i_ariane/i_cva6/gen_cache_hpd.i_cache_subsystem/i_dcache/i_hpdcache/hpdcache_ctrl_i/hpdcache_memctrl_i/gen_dir_sram[0].dir_sram/ram_i/ldbuf_valid_q[1]_i_4_n_0
    SLICE_X67Y55         LUT6 (Prop_lut6_I1_O)        0.124     9.807 f  i_ariane/i_cva6/gen_cache_hpd.i_cache_subsystem/i_dcache/i_hpdcache/hpdcache_ctrl_i/hpdcache_memctrl_i/gen_dir_sram[0].dir_sram/ram_i/ldbuf_valid_q[1]_i_3/O
                         net (fo=5, routed)           0.504    10.311    i_ariane/i_cva6/ex_stage_i/lsu_i/lsu_bypass_i/dcache_req_ports_cache_ex[1][data_rvalid]
    SLICE_X67Y62         LUT4 (Prop_lut4_I2_O)        0.124    10.435 r  i_ariane/i_cva6/ex_stage_i/lsu_i/lsu_bypass_i/i___215_i_6/O
                         net (fo=4, routed)           0.773    11.208    i_ariane/i_cva6/ex_stage_i/lsu_i/lsu_bypass_i/gen_no_mmu.pmp_exception_reg[valid]
    SLICE_X67Y71         LUT5 (Prop_lut5_I1_O)        0.124    11.332 r  i_ariane/i_cva6/ex_stage_i/lsu_i/lsu_bypass_i/i___215_i_5/O
                         net (fo=28, routed)          0.714    12.047    i_ariane/i_cva6/issue_stage_i/i_scoreboard/load_trans_id_ex_id[0]
    SLICE_X67Y76         LUT6 (Prop_lut6_I4_O)        0.124    12.171 f  i_ariane/i_cva6/issue_stage_i/i_scoreboard/i___227_i_1/O
                         net (fo=6, routed)           0.633    12.803    i_ariane/i_cva6/ex_stage_i/lsu_i/i_load_unit/i__i_12
    SLICE_X67Y74         LUT5 (Prop_lut5_I0_O)        0.124    12.927 f  i_ariane/i_cva6/ex_stage_i/lsu_i/i_load_unit/i__i_76/O
                         net (fo=3, routed)           1.037    13.964    i_ariane/i_cva6/issue_stage_i/i_scoreboard/i__i_6_1
    SLICE_X67Y79         LUT6 (Prop_lut6_I0_O)        0.124    14.088 f  i_ariane/i_cva6/issue_stage_i/i_scoreboard/i__i_33/O
                         net (fo=36, routed)          0.906    14.995    i_ariane/i_cva6/issue_stage_i/i_scoreboard/i_issue_read_operands/rs1_fwd_req[0]_98[2]
    SLICE_X81Y80         LUT6 (Prop_lut6_I1_O)        0.124    15.119 f  i_ariane/i_cva6/issue_stage_i/i_scoreboard/i__i_86/O
                         net (fo=6, routed)           0.474    15.592    i_ariane/i_cva6/issue_stage_i/i_scoreboard/i__i_86_n_0
    SLICE_X84Y82         LUT6 (Prop_lut6_I2_O)        0.124    15.716 f  i_ariane/i_cva6/issue_stage_i/i_scoreboard/i__i_61/O
                         net (fo=3, routed)           0.467    16.183    i_ariane/i_cva6/issue_stage_i/i_scoreboard/i__i_61_n_0
    SLICE_X87Y84         LUT2 (Prop_lut2_I0_O)        0.124    16.307 f  i_ariane/i_cva6/issue_stage_i/i_scoreboard/i___206_i_46/O
                         net (fo=1, routed)           0.425    16.732    i_ariane/i_cva6/issue_stage_i/i_scoreboard/i_issue_read_operands/rs1_available
    SLICE_X84Y85         LUT6 (Prop_lut6_I1_O)        0.124    16.856 r  i_ariane/i_cva6/issue_stage_i/i_scoreboard/i___206_i_27/O
                         net (fo=1, routed)           0.686    17.542    i_ariane/i_cva6/id_stage_i/alu_valid_q[0]_i_3_0
    SLICE_X67Y84         LUT4 (Prop_lut4_I3_O)        0.124    17.666 r  i_ariane/i_cva6/id_stage_i/i___206_i_13/O
                         net (fo=4, routed)           0.508    18.174    i_ariane/i_cva6/id_stage_i/i___206_i_13_n_0
    SLICE_X67Y83         LUT6 (Prop_lut6_I1_O)        0.124    18.298 f  i_ariane/i_cva6/id_stage_i/i___206_i_3/O
                         net (fo=3, routed)           0.481    18.779    i_ariane/gen_example_coprocessor.i_cvxif_coprocessor/radix_mem_reg[0]_0
    SLICE_X67Y83         LUT4 (Prop_lut4_I2_O)        0.124    18.903 f  i_ariane/gen_example_coprocessor.i_cvxif_coprocessor/i___24_i_2/O
                         net (fo=3, routed)           0.830    19.733    i_ariane/i_cva6/id_stage_i/cvxif_resp[issue_ready]
    SLICE_X67Y83         LUT3 (Prop_lut3_I0_O)        0.152    19.885 f  i_ariane/i_cva6/id_stage_i/x_transaction_rejected_o_i_2/O
                         net (fo=4, routed)           0.397    20.281    i_ariane/i_cva6/id_stage_i/issue_stage_i/i_issue_read_operands/x_transaction_rejected
    SLICE_X66Y83         LUT6 (Prop_lut6_I5_O)        0.332    20.613 r  i_ariane/i_cva6/id_stage_i/i__i_4__0/O
                         net (fo=1, routed)           0.573    21.186    i_ariane/i_cva6/id_stage_i/i__i_4__0_n_0
    SLICE_X65Y82         LUT6 (Prop_lut6_I2_O)        0.124    21.310 f  i_ariane/i_cva6/id_stage_i/i__i_3/O
                         net (fo=3, routed)           0.315    21.626    i_ariane/i_cva6/issue_stage_i/i_scoreboard/issue_ack_iro_sb
    SLICE_X65Y84         LUT2 (Prop_lut2_I1_O)        0.124    21.750 r  i_ariane/i_cva6/issue_stage_i/i_scoreboard/mem_q[7][sbe][fu][2]_i_2/O
                         net (fo=32, routed)          0.726    22.476    i_ariane/i_cva6/issue_stage_i/i_scoreboard/mem_q[7][sbe][fu][2]_i_2_n_0
    SLICE_X59Y89         LUT6 (Prop_lut6_I1_O)        0.124    22.600 f  i_ariane/i_cva6/issue_stage_i/i_scoreboard/mem_q[1][sbe][fu][2]_i_1/O
                         net (fo=5, routed)           1.115    23.715    i_ariane/i_cva6/issue_stage_i/i_scoreboard/mem_q[1][sbe][fu][2]_i_1_n_0
    SLICE_X60Y85         LUT6 (Prop_lut6_I2_O)        0.124    23.839 r  i_ariane/i_cva6/issue_stage_i/i_scoreboard/i___54/O
                         net (fo=1, routed)           0.936    24.775    i_ariane/i_cva6/issue_stage_i/i_scoreboard/i___54_n_0
    SLICE_X62Y83         LUT6 (Prop_lut6_I0_O)        0.124    24.899 f  i_ariane/i_cva6/issue_stage_i/i_scoreboard/i___52_i_2/O
                         net (fo=1, routed)           0.000    24.899    i_ariane/i_cva6/issue_stage_i/i_scoreboard/i___52_i_2_n_0
    SLICE_X62Y83         MUXF7 (Prop_muxf7_I0_O)      0.209    25.108 f  i_ariane/i_cva6/issue_stage_i/i_scoreboard/i___52_i_1/O
                         net (fo=11, routed)          0.853    25.961    i_ariane/i_cva6/issue_stage_i/i_scoreboard/i___52_i_1_n_0
    SLICE_X60Y82         LUT6 (Prop_lut6_I1_O)        0.297    26.258 r  i_ariane/i_cva6/issue_stage_i/i_scoreboard/i___40_i_2/O
                         net (fo=6, routed)           0.495    26.753    i_ariane/i_cva6/issue_stage_i/i_scoreboard/i___40_i_2_n_0
    SLICE_X59Y80         LUT6 (Prop_lut6_I3_O)        0.124    26.877 r  i_ariane/i_cva6/issue_stage_i/i_scoreboard/i___40/O
                         net (fo=1, routed)           0.858    27.735    i_ariane/i_cva6/issue_stage_i/i_scoreboard/i___40_n_0
    SLICE_X60Y79         LUT6 (Prop_lut6_I2_O)        0.124    27.859 r  i_ariane/i_cva6/issue_stage_i/i_scoreboard/i___34/O
                         net (fo=8, routed)           0.645    28.504    i_ariane/i_cva6/issue_stage_i/i_scoreboard/i___34_n_0
    SLICE_X58Y79         LUT5 (Prop_lut5_I0_O)        0.150    28.654 r  i_ariane/i_cva6/issue_stage_i/i_scoreboard/mem_q[3][sbe][rd][2]_i_1/O
                         net (fo=1, routed)           0.382    29.036    i_ariane/i_cva6/issue_stage_i/i_scoreboard/mem_q[3][sbe][rd][2]_i_1_n_0
    SLICE_X58Y79         FDCE                                         r  i_ariane/i_cva6/issue_stage_i/i_scoreboard/mem_q_reg[3][sbe][rd][2]/D
  -------------------------------------------------------------------    -------------------

                         (clock clk_out1_xlnx_clk_gen rise edge)
                                                     31.250    31.250 r  
    K17                                               0.000    31.250 r  clk_sys (IN)
                         net (fo=0)                   0.000    31.250    i_xlnx_clk_gen/inst/clk_in1
    K17                  IBUF (Prop_ibuf_I_O)         1.404    32.654 r  i_xlnx_clk_gen/inst/clkin1_ibufg/O
                         net (fo=1, routed)           1.162    33.816    i_xlnx_clk_gen/inst/clk_in1_xlnx_clk_gen
    MMCME2_ADV_X1Y2      MMCME2_ADV (Prop_mmcme2_adv_CLKIN1_CLKOUT0)
                                                     -7.814    26.002 r  i_xlnx_clk_gen/inst/mmcm_adv_inst/CLKOUT0
                         net (fo=1, routed)           2.012    28.014    i_xlnx_clk_gen/inst/clk_out1_xlnx_clk_gen
    BUFGCTRL_X0Y16       BUFG (Prop_bufg_I_O)         0.091    28.105 r  i_xlnx_clk_gen/inst/clkout1_buf/O
                         net (fo=15309, routed)       1.526    29.631    i_ariane/i_cva6/issue_stage_i/i_scoreboard/clk_out1
    SLICE_X58Y79         FDCE                                         r  i_ariane/i_cva6/issue_stage_i/i_scoreboard/mem_q_reg[3][sbe][rd][2]/C
                         clock pessimism              0.453    30.083    
                         clock uncertainty           -0.085    29.998    
    SLICE_X58Y79         FDCE (Setup_fdce_C_D)       -0.249    29.749    i_ariane/i_cva6/issue_stage_i/i_scoreboard/mem_q_reg[3][sbe][rd][2]
  -------------------------------------------------------------------
                         required time                         29.749    
                         arrival time                         -29.036    
  -------------------------------------------------------------------
                         slack                                  0.713    

Slack (MET) :             0.717ns  (required time - arrival time)
  Source:                 i_ariane/i_cva6/gen_cache_hpd.i_cache_subsystem/i_dcache/i_hpdcache/hpdcache_ctrl_i/hpdcache_memctrl_i/gen_dir_sram[1].dir_sram/ram_i/mem_reg/CLKARDCLK
                            (rising edge-triggered cell RAMB18E1 clocked by clk_out1_xlnx_clk_gen  {rise@0.000ns fall@15.625ns period=31.250ns})
  Destination:            i_ariane/i_cva6/issue_stage_i/i_scoreboard/mem_q_reg[6][sbe][rd][0]/D
                            (rising edge-triggered cell FDCE clocked by clk_out1_xlnx_clk_gen  {rise@0.000ns fall@15.625ns period=31.250ns})
  Path Group:             clk_out1_xlnx_clk_gen
  Path Type:              Setup (Max at Slow Process Corner)
  Requirement:            31.250ns  (clk_out1_xlnx_clk_gen rise@31.250ns - clk_out1_xlnx_clk_gen rise@0.000ns)
  Data Path Delay:        30.161ns  (logic 7.970ns (26.425%)  route 22.191ns (73.575%))
  Logic Levels:           34  (CARRY4=2 LUT2=3 LUT3=1 LUT4=4 LUT5=5 LUT6=18 MUXF7=1)
  Clock Path Skew:        -0.316ns (DCD - SCD + CPR)
    Destination Clock Delay (DCD):    -1.618ns = ( 29.632 - 31.250 ) 
    Source Clock Delay      (SCD):    -0.850ns
    Clock Pessimism Removal (CPR):    0.453ns
  Clock Uncertainty:      0.085ns  ((TSJ^2 + DJ^2)^1/2) / 2 + PE
    Total System Jitter     (TSJ):    0.071ns
    Discrete Jitter          (DJ):    0.155ns
    Phase Error              (PE):    0.000ns

    Location             Delay type                Incr(ns)  Path(ns)    Netlist Resource(s)
  -------------------------------------------------------------------    -------------------
                         (clock clk_out1_xlnx_clk_gen rise edge)
                                                      0.000     0.000 r  
    K17                                               0.000     0.000 r  clk_sys (IN)
                         net (fo=0)                   0.000     0.000    i_xlnx_clk_gen/inst/clk_in1
    K17                  IBUF (Prop_ibuf_I_O)         1.475     1.475 r  i_xlnx_clk_gen/inst/clkin1_ibufg/O
                         net (fo=1, routed)           1.285     2.760    i_xlnx_clk_gen/inst/clk_in1_xlnx_clk_gen
    MMCME2_ADV_X1Y2      MMCME2_ADV (Prop_mmcme2_adv_CLKIN1_CLKOUT0)
                                                     -7.759    -4.999 r  i_xlnx_clk_gen/inst/mmcm_adv_inst/CLKOUT0
                         net (fo=1, routed)           2.206    -2.793    i_xlnx_clk_gen/inst/clk_out1_xlnx_clk_gen
    BUFGCTRL_X0Y16       BUFG (Prop_bufg_I_O)         0.101    -2.692 r  i_xlnx_clk_gen/inst/clkout1_buf/O
                         net (fo=15309, routed)       1.842    -0.850    i_ariane/i_cva6/gen_cache_hpd.i_cache_subsystem/i_dcache/i_hpdcache/hpdcache_ctrl_i/hpdcache_memctrl_i/gen_dir_sram[1].dir_sram/ram_i/clk_out1
    RAMB18_X4Y16         RAMB18E1                                     r  i_ariane/i_cva6/gen_cache_hpd.i_cache_subsystem/i_dcache/i_hpdcache/hpdcache_ctrl_i/hpdcache_memctrl_i/gen_dir_sram[1].dir_sram/ram_i/mem_reg/CLKARDCLK
  -------------------------------------------------------------------    -------------------
    RAMB18_X4Y16         RAMB18E1 (Prop_ramb18e1_CLKARDCLK_DOADO[2])
                                                      2.454     1.604 r  i_ariane/i_cva6/gen_cache_hpd.i_cache_subsystem/i_dcache/i_hpdcache/hpdcache_ctrl_i/hpdcache_memctrl_i/gen_dir_sram[1].dir_sram/ram_i/mem_reg/DOADO[2]
                         net (fo=6, routed)           1.171     2.776    i_ariane/i_cva6/gen_cache_hpd.i_cache_subsystem/i_dcache/i_hpdcache/hpdcache_ctrl_i/hpdcache_memctrl_i/gen_dir_sram[1].dir_sram/ram_i/DOADO[2]
    SLICE_X90Y41         LUT6 (Prop_lut6_I2_O)        0.124     2.900 r  i_ariane/i_cva6/gen_cache_hpd.i_cache_subsystem/i_dcache/i_hpdcache/hpdcache_ctrl_i/hpdcache_memctrl_i/gen_dir_sram[1].dir_sram/ram_i/req_q[0][way_fetch][0]_i_11/O
                         net (fo=1, routed)           0.000     2.900    i_ariane/i_cva6/gen_cache_hpd.i_cache_subsystem/i_dcache/i_hpdcache/hpdcache_ctrl_i/hpdcache_memctrl_i/gen_dir_sram[1].dir_sram/ram_i/req_q[0][way_fetch][0]_i_11_n_0
    SLICE_X90Y41         CARRY4 (Prop_carry4_S[0]_CO[3])
                                                      0.513     3.413 r  i_ariane/i_cva6/gen_cache_hpd.i_cache_subsystem/i_dcache/i_hpdcache/hpdcache_ctrl_i/hpdcache_memctrl_i/gen_dir_sram[1].dir_sram/ram_i/req_q_reg[0][way_fetch][0]_i_3/CO[3]
                         net (fo=1, routed)           0.000     3.413    i_ariane/i_cva6/gen_cache_hpd.i_cache_subsystem/i_dcache/i_hpdcache/hpdcache_ctrl_i/hpdcache_memctrl_i/gen_dir_sram[1].dir_sram/ram_i/req_q_reg[0][way_fetch][0]_i_3_n_0
    SLICE_X90Y42         CARRY4 (Prop_carry4_CI_CO[3])
                                                      0.117     3.530 r  i_ariane/i_cva6/gen_cache_hpd.i_cache_subsystem/i_dcache/i_hpdcache/hpdcache_ctrl_i/hpdcache_memctrl_i/gen_dir_sram[1].dir_sram/ram_i/req_q_reg[0][way_fetch][0]_i_2/CO[3]
                         net (fo=58, routed)          1.142     4.672    i_ariane/i_cva6/gen_cache_hpd.i_cache_subsystem/i_dcache/i_hpdcache/hpdcache_ctrl_i/hpdcache_memctrl_i/gen_dir_sram[1].dir_sram/ram_i/CO[0]
    SLICE_X88Y44         LUT2 (Prop_lut2_I0_O)        0.118     4.790 r  i_ariane/i_cva6/gen_cache_hpd.i_cache_subsystem/i_dcache/i_hpdcache/hpdcache_ctrl_i/hpdcache_memctrl_i/gen_dir_sram[1].dir_sram/ram_i/st2_dir_updt_way_q[1]_i_2/O
                         net (fo=4, routed)           0.685     5.475    i_ariane/i_cva6/gen_cache_hpd.i_cache_subsystem/i_dcache/i_hpdcache/hpdcache_ctrl_i/hpdcache_memctrl_i/gen_dir_sram[0].dir_sram/ram_i/st1_dir_hit_way[0]
    SLICE_X88Y45         LUT6 (Prop_lut6_I4_O)        0.326     5.801 r  i_ariane/i_cva6/gen_cache_hpd.i_cache_subsystem/i_dcache/i_hpdcache/hpdcache_ctrl_i/hpdcache_memctrl_i/gen_dir_sram[0].dir_sram/ram_i/st2_dir_updt_valid_q_i_11/O
                         net (fo=10, routed)          1.014     6.814    i_ariane/i_cva6/gen_cache_hpd.i_cache_subsystem/i_dcache/i_hpdcache/hpdcache_ctrl_i/hpdcache_memctrl_i/gen_dir_sram[0].dir_sram/ram_i/mem_reg_32
    SLICE_X79Y46         LUT5 (Prop_lut5_I2_O)        0.124     6.938 f  i_ariane/i_cva6/gen_cache_hpd.i_cache_subsystem/i_dcache/i_hpdcache/hpdcache_ctrl_i/hpdcache_memctrl_i/gen_dir_sram[0].dir_sram/ram_i/deps_q[0][flush_hit]_i_7/O
                         net (fo=9, routed)           0.698     7.636    i_ariane/i_cva6/gen_cache_hpd.i_cache_subsystem/i_dcache/i_hpdcache/hpdcache_ctrl_i/hpdcache_memctrl_i/gen_dir_sram[0].dir_sram/ram_i/st1_req_q_reg[pma][wr_policy_hint][0]_0
    SLICE_X79Y46         LUT5 (Prop_lut5_I2_O)        0.124     7.760 r  i_ariane/i_cva6/gen_cache_hpd.i_cache_subsystem/i_dcache/i_hpdcache/hpdcache_ctrl_i/hpdcache_memctrl_i/gen_dir_sram[0].dir_sram/ram_i/deps_q[0][wbuf_not_ready]_i_6/O
                         net (fo=2, routed)           0.445     8.205    i_ariane/i_cva6/gen_cache_hpd.i_cache_subsystem/i_dcache/i_hpdcache/hpdcache_ctrl_i/hpdcache_memctrl_i/gen_dir_sram[0].dir_sram/ram_i/mem_reg_37
    SLICE_X79Y46         LUT5 (Prop_lut5_I0_O)        0.124     8.329 r  i_ariane/i_cva6/gen_cache_hpd.i_cache_subsystem/i_dcache/i_hpdcache/hpdcache_ctrl_i/hpdcache_memctrl_i/gen_dir_sram[0].dir_sram/ram_i/FSM_sequential_pop_try_state_q[1]_i_3/O
                         net (fo=5, routed)           0.444     8.773    i_ariane/i_cva6/gen_cache_hpd.i_cache_subsystem/i_dcache/i_hpdcache/hpdcache_ctrl_i/hpdcache_memctrl_i/gen_dir_sram[0].dir_sram/ram_i/wbuf_data_valid_q_reg[0]
    SLICE_X74Y47         LUT6 (Prop_lut6_I0_O)        0.124     8.897 r  i_ariane/i_cva6/gen_cache_hpd.i_cache_subsystem/i_dcache/i_hpdcache/hpdcache_ctrl_i/hpdcache_memctrl_i/gen_dir_sram[0].dir_sram/ram_i/ldbuf_valid_q[1]_i_4/O
                         net (fo=1, routed)           0.786     9.683    i_ariane/i_cva6/gen_cache_hpd.i_cache_subsystem/i_dcache/i_hpdcache/hpdcache_ctrl_i/hpdcache_memctrl_i/gen_dir_sram[0].dir_sram/ram_i/ldbuf_valid_q[1]_i_4_n_0
    SLICE_X67Y55         LUT6 (Prop_lut6_I1_O)        0.124     9.807 f  i_ariane/i_cva6/gen_cache_hpd.i_cache_subsystem/i_dcache/i_hpdcache/hpdcache_ctrl_i/hpdcache_memctrl_i/gen_dir_sram[0].dir_sram/ram_i/ldbuf_valid_q[1]_i_3/O
                         net (fo=5, routed)           0.504    10.311    i_ariane/i_cva6/ex_stage_i/lsu_i/lsu_bypass_i/dcache_req_ports_cache_ex[1][data_rvalid]
    SLICE_X67Y62         LUT4 (Prop_lut4_I2_O)        0.124    10.435 r  i_ariane/i_cva6/ex_stage_i/lsu_i/lsu_bypass_i/i___215_i_6/O
                         net (fo=4, routed)           0.773    11.208    i_ariane/i_cva6/ex_stage_i/lsu_i/lsu_bypass_i/gen_no_mmu.pmp_exception_reg[valid]
    SLICE_X67Y71         LUT5 (Prop_lut5_I1_O)        0.124    11.332 r  i_ariane/i_cva6/ex_stage_i/lsu_i/lsu_bypass_i/i___215_i_5/O
                         net (fo=28, routed)          0.714    12.047    i_ariane/i_cva6/issue_stage_i/i_scoreboard/load_trans_id_ex_id[0]
    SLICE_X67Y76         LUT6 (Prop_lut6_I4_O)        0.124    12.171 f  i_ariane/i_cva6/issue_stage_i/i_scoreboard/i___227_i_1/O
                         net (fo=6, routed)           0.633    12.803    i_ariane/i_cva6/ex_stage_i/lsu_i/i_load_unit/i__i_12
    SLICE_X67Y74         LUT5 (Prop_lut5_I0_O)        0.124    12.927 f  i_ariane/i_cva6/ex_stage_i/lsu_i/i_load_unit/i__i_76/O
                         net (fo=3, routed)           1.037    13.964    i_ariane/i_cva6/issue_stage_i/i_scoreboard/i__i_6_1
    SLICE_X67Y79         LUT6 (Prop_lut6_I0_O)        0.124    14.088 f  i_ariane/i_cva6/issue_stage_i/i_scoreboard/i__i_33/O
                         net (fo=36, routed)          0.906    14.995    i_ariane/i_cva6/issue_stage_i/i_scoreboard/i_issue_read_operands/rs1_fwd_req[0]_98[2]
    SLICE_X81Y80         LUT6 (Prop_lut6_I1_O)        0.124    15.119 f  i_ariane/i_cva6/issue_stage_i/i_scoreboard/i__i_86/O
                         net (fo=6, routed)           0.474    15.592    i_ariane/i_cva6/issue_stage_i/i_scoreboard/i__i_86_n_0
    SLICE_X84Y82         LUT6 (Prop_lut6_I2_O)        0.124    15.716 f  i_ariane/i_cva6/issue_stage_i/i_scoreboard/i__i_61/O
                         net (fo=3, routed)           0.467    16.183    i_ariane/i_cva6/issue_stage_i/i_scoreboard/i__i_61_n_0
    SLICE_X87Y84         LUT2 (Prop_lut2_I0_O)        0.124    16.307 f  i_ariane/i_cva6/issue_stage_i/i_scoreboard/i___206_i_46/O
                         net (fo=1, routed)           0.425    16.732    i_ariane/i_cva6/issue_stage_i/i_scoreboard/i_issue_read_operands/rs1_available
    SLICE_X84Y85         LUT6 (Prop_lut6_I1_O)        0.124    16.856 r  i_ariane/i_cva6/issue_stage_i/i_scoreboard/i___206_i_27/O
                         net (fo=1, routed)           0.686    17.542    i_ariane/i_cva6/id_stage_i/alu_valid_q[0]_i_3_0
    SLICE_X67Y84         LUT4 (Prop_lut4_I3_O)        0.124    17.666 r  i_ariane/i_cva6/id_stage_i/i___206_i_13/O
                         net (fo=4, routed)           0.508    18.174    i_ariane/i_cva6/id_stage_i/i___206_i_13_n_0
    SLICE_X67Y83         LUT6 (Prop_lut6_I1_O)        0.124    18.298 f  i_ariane/i_cva6/id_stage_i/i___206_i_3/O
                         net (fo=3, routed)           0.481    18.779    i_ariane/gen_example_coprocessor.i_cvxif_coprocessor/radix_mem_reg[0]_0
    SLICE_X67Y83         LUT4 (Prop_lut4_I2_O)        0.124    18.903 f  i_ariane/gen_example_coprocessor.i_cvxif_coprocessor/i___24_i_2/O
                         net (fo=3, routed)           0.830    19.733    i_ariane/i_cva6/id_stage_i/cvxif_resp[issue_ready]
    SLICE_X67Y83         LUT3 (Prop_lut3_I0_O)        0.152    19.885 f  i_ariane/i_cva6/id_stage_i/x_transaction_rejected_o_i_2/O
                         net (fo=4, routed)           0.397    20.281    i_ariane/i_cva6/id_stage_i/issue_stage_i/i_issue_read_operands/x_transaction_rejected
    SLICE_X66Y83         LUT6 (Prop_lut6_I5_O)        0.332    20.613 r  i_ariane/i_cva6/id_stage_i/i__i_4__0/O
                         net (fo=1, routed)           0.573    21.186    i_ariane/i_cva6/id_stage_i/i__i_4__0_n_0
    SLICE_X65Y82         LUT6 (Prop_lut6_I2_O)        0.124    21.310 f  i_ariane/i_cva6/id_stage_i/i__i_3/O
                         net (fo=3, routed)           0.315    21.626    i_ariane/i_cva6/issue_stage_i/i_scoreboard/issue_ack_iro_sb
    SLICE_X65Y84         LUT2 (Prop_lut2_I1_O)        0.124    21.750 r  i_ariane/i_cva6/issue_stage_i/i_scoreboard/mem_q[7][sbe][fu][2]_i_2/O
                         net (fo=32, routed)          0.726    22.476    i_ariane/i_cva6/issue_stage_i/i_scoreboard/mem_q[7][sbe][fu][2]_i_2_n_0
    SLICE_X59Y89         LUT6 (Prop_lut6_I1_O)        0.124    22.600 f  i_ariane/i_cva6/issue_stage_i/i_scoreboard/mem_q[1][sbe][fu][2]_i_1/O
                         net (fo=5, routed)           1.115    23.715    i_ariane/i_cva6/issue_stage_i/i_scoreboard/mem_q[1][sbe][fu][2]_i_1_n_0
    SLICE_X60Y85         LUT6 (Prop_lut6_I2_O)        0.124    23.839 r  i_ariane/i_cva6/issue_stage_i/i_scoreboard/i___54/O
                         net (fo=1, routed)           0.936    24.775    i_ariane/i_cva6/issue_stage_i/i_scoreboard/i___54_n_0
    SLICE_X62Y83         LUT6 (Prop_lut6_I0_O)        0.124    24.899 f  i_ariane/i_cva6/issue_stage_i/i_scoreboard/i___52_i_2/O
                         net (fo=1, routed)           0.000    24.899    i_ariane/i_cva6/issue_stage_i/i_scoreboard/i___52_i_2_n_0
    SLICE_X62Y83         MUXF7 (Prop_muxf7_I0_O)      0.209    25.108 f  i_ariane/i_cva6/issue_stage_i/i_scoreboard/i___52_i_1/O
                         net (fo=11, routed)          0.880    25.988    i_ariane/i_cva6/issue_stage_i/i_scoreboard/i___52_i_1_n_0
    SLICE_X61Y81         LUT6 (Prop_lut6_I1_O)        0.297    26.285 r  i_ariane/i_cva6/issue_stage_i/i_scoreboard/i___44_i_2/O
                         net (fo=6, routed)           0.621    26.906    i_ariane/i_cva6/issue_stage_i/i_scoreboard/i___44_i_2_n_0
    SLICE_X61Y79         LUT6 (Prop_lut6_I0_O)        0.124    27.030 f  i_ariane/i_cva6/issue_stage_i/i_scoreboard/mem_q[1][sbe][rd][0]_i_2/O
                         net (fo=2, routed)           0.778    27.808    i_ariane/i_cva6/issue_stage_i/i_scoreboard/mem_q[1][sbe][rd][0]_i_2_n_0
    SLICE_X63Y79         LUT4 (Prop_lut4_I1_O)        0.150    27.958 r  i_ariane/i_cva6/issue_stage_i/i_scoreboard/mem_q[7][sbe][rd][0]_i_3/O
                         net (fo=8, routed)           1.027    28.985    i_ariane/i_cva6/issue_stage_i/i_scoreboard/mem_q[7][sbe][rd][0]_i_3_n_0
    SLICE_X64Y77         LUT6 (Prop_lut6_I2_O)        0.326    29.311 r  i_ariane/i_cva6/issue_stage_i/i_scoreboard/mem_q[6][sbe][rd][0]_i_1/O
                         net (fo=1, routed)           0.000    29.311    i_ariane/i_cva6/issue_stage_i/i_scoreboard/mem_q[6][sbe][rd][0]_i_1_n_0
    SLICE_X64Y77         FDCE                                         r  i_ariane/i_cva6/issue_stage_i/i_scoreboard/mem_q_reg[6][sbe][rd][0]/D
  -------------------------------------------------------------------    -------------------

                         (clock clk_out1_xlnx_clk_gen rise edge)
                                                     31.250    31.250 r  
    K17                                               0.000    31.250 r  clk_sys (IN)
                         net (fo=0)                   0.000    31.250    i_xlnx_clk_gen/inst/clk_in1
    K17                  IBUF (Prop_ibuf_I_O)         1.404    32.654 r  i_xlnx_clk_gen/inst/clkin1_ibufg/O
                         net (fo=1, routed)           1.162    33.816    i_xlnx_clk_gen/inst/clk_in1_xlnx_clk_gen
    MMCME2_ADV_X1Y2      MMCME2_ADV (Prop_mmcme2_adv_CLKIN1_CLKOUT0)
                                                     -7.814    26.002 r  i_xlnx_clk_gen/inst/mmcm_adv_inst/CLKOUT0
                         net (fo=1, routed)           2.012    28.014    i_xlnx_clk_gen/inst/clk_out1_xlnx_clk_gen
    BUFGCTRL_X0Y16       BUFG (Prop_bufg_I_O)         0.091    28.105 r  i_xlnx_clk_gen/inst/clkout1_buf/O
                         net (fo=15309, routed)       1.527    29.632    i_ariane/i_cva6/issue_stage_i/i_scoreboard/clk_out1
    SLICE_X64Y77         FDCE                                         r  i_ariane/i_cva6/issue_stage_i/i_scoreboard/mem_q_reg[6][sbe][rd][0]/C
                         clock pessimism              0.453    30.084    
                         clock uncertainty           -0.085    29.999    
    SLICE_X64Y77         FDCE (Setup_fdce_C_D)        0.029    30.028    i_ariane/i_cva6/issue_stage_i/i_scoreboard/mem_q_reg[6][sbe][rd][0]
  -------------------------------------------------------------------
                         required time                         30.028    
                         arrival time                         -29.311    
  -------------------------------------------------------------------
                         slack                                  0.717    

Slack (MET) :             0.808ns  (required time - arrival time)
  Source:                 i_ariane/i_cva6/gen_cache_hpd.i_cache_subsystem/i_dcache/i_hpdcache/hpdcache_ctrl_i/hpdcache_memctrl_i/gen_dir_sram[1].dir_sram/ram_i/mem_reg/CLKARDCLK
                            (rising edge-triggered cell RAMB18E1 clocked by clk_out1_xlnx_clk_gen  {rise@0.000ns fall@15.625ns period=31.250ns})
  Destination:            i_ariane/i_cva6/issue_stage_i/i_scoreboard/mem_q_reg[6][sbe][rd][1]/D
                            (rising edge-triggered cell FDCE clocked by clk_out1_xlnx_clk_gen  {rise@0.000ns fall@15.625ns period=31.250ns})
  Path Group:             clk_out1_xlnx_clk_gen
  Path Type:              Setup (Max at Slow Process Corner)
  Requirement:            31.250ns  (clk_out1_xlnx_clk_gen rise@31.250ns - clk_out1_xlnx_clk_gen rise@0.000ns)
  Data Path Delay:        29.776ns  (logic 7.970ns (26.766%)  route 21.806ns (73.234%))
  Logic Levels:           34  (CARRY4=2 LUT2=4 LUT3=1 LUT4=3 LUT5=6 LUT6=17 MUXF7=1)
  Clock Path Skew:        -0.317ns (DCD - SCD + CPR)
    Destination Clock Delay (DCD):    -1.619ns = ( 29.631 - 31.250 ) 
    Source Clock Delay      (SCD):    -0.850ns
    Clock Pessimism Removal (CPR):    0.453ns
  Clock Uncertainty:      0.085ns  ((TSJ^2 + DJ^2)^1/2) / 2 + PE
    Total System Jitter     (TSJ):    0.071ns
    Discrete Jitter          (DJ):    0.155ns
    Phase Error              (PE):    0.000ns

    Location             Delay type                Incr(ns)  Path(ns)    Netlist Resource(s)
  -------------------------------------------------------------------    -------------------
                         (clock clk_out1_xlnx_clk_gen rise edge)
                                                      0.000     0.000 r  
    K17                                               0.000     0.000 r  clk_sys (IN)
                         net (fo=0)                   0.000     0.000    i_xlnx_clk_gen/inst/clk_in1
    K17                  IBUF (Prop_ibuf_I_O)         1.475     1.475 r  i_xlnx_clk_gen/inst/clkin1_ibufg/O
                         net (fo=1, routed)           1.285     2.760    i_xlnx_clk_gen/inst/clk_in1_xlnx_clk_gen
    MMCME2_ADV_X1Y2      MMCME2_ADV (Prop_mmcme2_adv_CLKIN1_CLKOUT0)
                                                     -7.759    -4.999 r  i_xlnx_clk_gen/inst/mmcm_adv_inst/CLKOUT0
                         net (fo=1, routed)           2.206    -2.793    i_xlnx_clk_gen/inst/clk_out1_xlnx_clk_gen
    BUFGCTRL_X0Y16       BUFG (Prop_bufg_I_O)         0.101    -2.692 r  i_xlnx_clk_gen/inst/clkout1_buf/O
                         net (fo=15309, routed)       1.842    -0.850    i_ariane/i_cva6/gen_cache_hpd.i_cache_subsystem/i_dcache/i_hpdcache/hpdcache_ctrl_i/hpdcache_memctrl_i/gen_dir_sram[1].dir_sram/ram_i/clk_out1
    RAMB18_X4Y16         RAMB18E1                                     r  i_ariane/i_cva6/gen_cache_hpd.i_cache_subsystem/i_dcache/i_hpdcache/hpdcache_ctrl_i/hpdcache_memctrl_i/gen_dir_sram[1].dir_sram/ram_i/mem_reg/CLKARDCLK
  -------------------------------------------------------------------    -------------------
    RAMB18_X4Y16         RAMB18E1 (Prop_ramb18e1_CLKARDCLK_DOADO[2])
                                                      2.454     1.604 r  i_ariane/i_cva6/gen_cache_hpd.i_cache_subsystem/i_dcache/i_hpdcache/hpdcache_ctrl_i/hpdcache_memctrl_i/gen_dir_sram[1].dir_sram/ram_i/mem_reg/DOADO[2]
                         net (fo=6, routed)           1.171     2.776    i_ariane/i_cva6/gen_cache_hpd.i_cache_subsystem/i_dcache/i_hpdcache/hpdcache_ctrl_i/hpdcache_memctrl_i/gen_dir_sram[1].dir_sram/ram_i/DOADO[2]
    SLICE_X90Y41         LUT6 (Prop_lut6_I2_O)        0.124     2.900 r  i_ariane/i_cva6/gen_cache_hpd.i_cache_subsystem/i_dcache/i_hpdcache/hpdcache_ctrl_i/hpdcache_memctrl_i/gen_dir_sram[1].dir_sram/ram_i/req_q[0][way_fetch][0]_i_11/O
                         net (fo=1, routed)           0.000     2.900    i_ariane/i_cva6/gen_cache_hpd.i_cache_subsystem/i_dcache/i_hpdcache/hpdcache_ctrl_i/hpdcache_memctrl_i/gen_dir_sram[1].dir_sram/ram_i/req_q[0][way_fetch][0]_i_11_n_0
    SLICE_X90Y41         CARRY4 (Prop_carry4_S[0]_CO[3])
                                                      0.513     3.413 r  i_ariane/i_cva6/gen_cache_hpd.i_cache_subsystem/i_dcache/i_hpdcache/hpdcache_ctrl_i/hpdcache_memctrl_i/gen_dir_sram[1].dir_sram/ram_i/req_q_reg[0][way_fetch][0]_i_3/CO[3]
                         net (fo=1, routed)           0.000     3.413    i_ariane/i_cva6/gen_cache_hpd.i_cache_subsystem/i_dcache/i_hpdcache/hpdcache_ctrl_i/hpdcache_memctrl_i/gen_dir_sram[1].dir_sram/ram_i/req_q_reg[0][way_fetch][0]_i_3_n_0
    SLICE_X90Y42         CARRY4 (Prop_carry4_CI_CO[3])
                                                      0.117     3.530 r  i_ariane/i_cva6/gen_cache_hpd.i_cache_subsystem/i_dcache/i_hpdcache/hpdcache_ctrl_i/hpdcache_memctrl_i/gen_dir_sram[1].dir_sram/ram_i/req_q_reg[0][way_fetch][0]_i_2/CO[3]
                         net (fo=58, routed)          1.142     4.672    i_ariane/i_cva6/gen_cache_hpd.i_cache_subsystem/i_dcache/i_hpdcache/hpdcache_ctrl_i/hpdcache_memctrl_i/gen_dir_sram[1].dir_sram/ram_i/CO[0]
    SLICE_X88Y44         LUT2 (Prop_lut2_I0_O)        0.118     4.790 r  i_ariane/i_cva6/gen_cache_hpd.i_cache_subsystem/i_dcache/i_hpdcache/hpdcache_ctrl_i/hpdcache_memctrl_i/gen_dir_sram[1].dir_sram/ram_i/st2_dir_updt_way_q[1]_i_2/O
                         net (fo=4, routed)           0.685     5.475    i_ariane/i_cva6/gen_cache_hpd.i_cache_subsystem/i_dcache/i_hpdcache/hpdcache_ctrl_i/hpdcache_memctrl_i/gen_dir_sram[0].dir_sram/ram_i/st1_dir_hit_way[0]
    SLICE_X88Y45         LUT6 (Prop_lut6_I4_O)        0.326     5.801 r  i_ariane/i_cva6/gen_cache_hpd.i_cache_subsystem/i_dcache/i_hpdcache/hpdcache_ctrl_i/hpdcache_memctrl_i/gen_dir_sram[0].dir_sram/ram_i/st2_dir_updt_valid_q_i_11/O
                         net (fo=10, routed)          1.014     6.814    i_ariane/i_cva6/gen_cache_hpd.i_cache_subsystem/i_dcache/i_hpdcache/hpdcache_ctrl_i/hpdcache_memctrl_i/gen_dir_sram[0].dir_sram/ram_i/mem_reg_32
    SLICE_X79Y46         LUT5 (Prop_lut5_I2_O)        0.124     6.938 f  i_ariane/i_cva6/gen_cache_hpd.i_cache_subsystem/i_dcache/i_hpdcache/hpdcache_ctrl_i/hpdcache_memctrl_i/gen_dir_sram[0].dir_sram/ram_i/deps_q[0][flush_hit]_i_7/O
                         net (fo=9, routed)           0.698     7.636    i_ariane/i_cva6/gen_cache_hpd.i_cache_subsystem/i_dcache/i_hpdcache/hpdcache_ctrl_i/hpdcache_memctrl_i/gen_dir_sram[0].dir_sram/ram_i/st1_req_q_reg[pma][wr_policy_hint][0]_0
    SLICE_X79Y46         LUT5 (Prop_lut5_I2_O)        0.124     7.760 r  i_ariane/i_cva6/gen_cache_hpd.i_cache_subsystem/i_dcache/i_hpdcache/hpdcache_ctrl_i/hpdcache_memctrl_i/gen_dir_sram[0].dir_sram/ram_i/deps_q[0][wbuf_not_ready]_i_6/O
                         net (fo=2, routed)           0.445     8.205    i_ariane/i_cva6/gen_cache_hpd.i_cache_subsystem/i_dcache/i_hpdcache/hpdcache_ctrl_i/hpdcache_memctrl_i/gen_dir_sram[0].dir_sram/ram_i/mem_reg_37
    SLICE_X79Y46         LUT5 (Prop_lut5_I0_O)        0.124     8.329 r  i_ariane/i_cva6/gen_cache_hpd.i_cache_subsystem/i_dcache/i_hpdcache/hpdcache_ctrl_i/hpdcache_memctrl_i/gen_dir_sram[0].dir_sram/ram_i/FSM_sequential_pop_try_state_q[1]_i_3/O
                         net (fo=5, routed)           0.444     8.773    i_ariane/i_cva6/gen_cache_hpd.i_cache_subsystem/i_dcache/i_hpdcache/hpdcache_ctrl_i/hpdcache_memctrl_i/gen_dir_sram[0].dir_sram/ram_i/wbuf_data_valid_q_reg[0]
    SLICE_X74Y47         LUT6 (Prop_lut6_I0_O)        0.124     8.897 r  i_ariane/i_cva6/gen_cache_hpd.i_cache_subsystem/i_dcache/i_hpdcache/hpdcache_ctrl_i/hpdcache_memctrl_i/gen_dir_sram[0].dir_sram/ram_i/ldbuf_valid_q[1]_i_4/O
                         net (fo=1, routed)           0.786     9.683    i_ariane/i_cva6/gen_cache_hpd.i_cache_subsystem/i_dcache/i_hpdcache/hpdcache_ctrl_i/hpdcache_memctrl_i/gen_dir_sram[0].dir_sram/ram_i/ldbuf_valid_q[1]_i_4_n_0
    SLICE_X67Y55         LUT6 (Prop_lut6_I1_O)        0.124     9.807 f  i_ariane/i_cva6/gen_cache_hpd.i_cache_subsystem/i_dcache/i_hpdcache/hpdcache_ctrl_i/hpdcache_memctrl_i/gen_dir_sram[0].dir_sram/ram_i/ldbuf_valid_q[1]_i_3/O
                         net (fo=5, routed)           0.504    10.311    i_ariane/i_cva6/ex_stage_i/lsu_i/lsu_bypass_i/dcache_req_ports_cache_ex[1][data_rvalid]
    SLICE_X67Y62         LUT4 (Prop_lut4_I2_O)        0.124    10.435 r  i_ariane/i_cva6/ex_stage_i/lsu_i/lsu_bypass_i/i___215_i_6/O
                         net (fo=4, routed)           0.773    11.208    i_ariane/i_cva6/ex_stage_i/lsu_i/lsu_bypass_i/gen_no_mmu.pmp_exception_reg[valid]
    SLICE_X67Y71         LUT5 (Prop_lut5_I1_O)        0.124    11.332 r  i_ariane/i_cva6/ex_stage_i/lsu_i/lsu_bypass_i/i___215_i_5/O
                         net (fo=28, routed)          0.714    12.047    i_ariane/i_cva6/issue_stage_i/i_scoreboard/load_trans_id_ex_id[0]
    SLICE_X67Y76         LUT6 (Prop_lut6_I4_O)        0.124    12.171 f  i_ariane/i_cva6/issue_stage_i/i_scoreboard/i___227_i_1/O
                         net (fo=6, routed)           0.633    12.803    i_ariane/i_cva6/ex_stage_i/lsu_i/i_load_unit/i__i_12
    SLICE_X67Y74         LUT5 (Prop_lut5_I0_O)        0.124    12.927 f  i_ariane/i_cva6/ex_stage_i/lsu_i/i_load_unit/i__i_76/O
                         net (fo=3, routed)           1.037    13.964    i_ariane/i_cva6/issue_stage_i/i_scoreboard/i__i_6_1
    SLICE_X67Y79         LUT6 (Prop_lut6_I0_O)        0.124    14.088 f  i_ariane/i_cva6/issue_stage_i/i_scoreboard/i__i_33/O
                         net (fo=36, routed)          0.906    14.995    i_ariane/i_cva6/issue_stage_i/i_scoreboard/i_issue_read_operands/rs1_fwd_req[0]_98[2]
    SLICE_X81Y80         LUT6 (Prop_lut6_I1_O)        0.124    15.119 f  i_ariane/i_cva6/issue_stage_i/i_scoreboard/i__i_86/O
                         net (fo=6, routed)           0.474    15.592    i_ariane/i_cva6/issue_stage_i/i_scoreboard/i__i_86_n_0
    SLICE_X84Y82         LUT6 (Prop_lut6_I2_O)        0.124    15.716 f  i_ariane/i_cva6/issue_stage_i/i_scoreboard/i__i_61/O
                         net (fo=3, routed)           0.467    16.183    i_ariane/i_cva6/issue_stage_i/i_scoreboard/i__i_61_n_0
    SLICE_X87Y84         LUT2 (Prop_lut2_I0_O)        0.124    16.307 f  i_ariane/i_cva6/issue_stage_i/i_scoreboard/i___206_i_46/O
                         net (fo=1, routed)           0.425    16.732    i_ariane/i_cva6/issue_stage_i/i_scoreboard/i_issue_read_operands/rs1_available
    SLICE_X84Y85         LUT6 (Prop_lut6_I1_O)        0.124    16.856 r  i_ariane/i_cva6/issue_stage_i/i_scoreboard/i___206_i_27/O
                         net (fo=1, routed)           0.686    17.542    i_ariane/i_cva6/id_stage_i/alu_valid_q[0]_i_3_0
    SLICE_X67Y84         LUT4 (Prop_lut4_I3_O)        0.124    17.666 r  i_ariane/i_cva6/id_stage_i/i___206_i_13/O
                         net (fo=4, routed)           0.508    18.174    i_ariane/i_cva6/id_stage_i/i___206_i_13_n_0
    SLICE_X67Y83         LUT6 (Prop_lut6_I1_O)        0.124    18.298 f  i_ariane/i_cva6/id_stage_i/i___206_i_3/O
                         net (fo=3, routed)           0.481    18.779    i_ariane/gen_example_coprocessor.i_cvxif_coprocessor/radix_mem_reg[0]_0
    SLICE_X67Y83         LUT4 (Prop_lut4_I2_O)        0.124    18.903 f  i_ariane/gen_example_coprocessor.i_cvxif_coprocessor/i___24_i_2/O
                         net (fo=3, routed)           0.830    19.733    i_ariane/i_cva6/id_stage_i/cvxif_resp[issue_ready]
    SLICE_X67Y83         LUT3 (Prop_lut3_I0_O)        0.152    19.885 f  i_ariane/i_cva6/id_stage_i/x_transaction_rejected_o_i_2/O
                         net (fo=4, routed)           0.397    20.281    i_ariane/i_cva6/id_stage_i/issue_stage_i/i_issue_read_operands/x_transaction_rejected
    SLICE_X66Y83         LUT6 (Prop_lut6_I5_O)        0.332    20.613 r  i_ariane/i_cva6/id_stage_i/i__i_4__0/O
                         net (fo=1, routed)           0.573    21.186    i_ariane/i_cva6/id_stage_i/i__i_4__0_n_0
    SLICE_X65Y82         LUT6 (Prop_lut6_I2_O)        0.124    21.310 f  i_ariane/i_cva6/id_stage_i/i__i_3/O
                         net (fo=3, routed)           0.315    21.626    i_ariane/i_cva6/issue_stage_i/i_scoreboard/issue_ack_iro_sb
    SLICE_X65Y84         LUT2 (Prop_lut2_I1_O)        0.124    21.750 r  i_ariane/i_cva6/issue_stage_i/i_scoreboard/mem_q[7][sbe][fu][2]_i_2/O
                         net (fo=32, routed)          0.726    22.476    i_ariane/i_cva6/issue_stage_i/i_scoreboard/mem_q[7][sbe][fu][2]_i_2_n_0
    SLICE_X59Y89         LUT6 (Prop_lut6_I1_O)        0.124    22.600 r  i_ariane/i_cva6/issue_stage_i/i_scoreboard/mem_q[1][sbe][fu][2]_i_1/O
                         net (fo=5, routed)           1.115    23.715    i_ariane/i_cva6/issue_stage_i/i_scoreboard/mem_q[1][sbe][fu][2]_i_1_n_0
    SLICE_X60Y85         LUT6 (Prop_lut6_I2_O)        0.124    23.839 f  i_ariane/i_cva6/issue_stage_i/i_scoreboard/i___54/O
                         net (fo=1, routed)           0.936    24.775    i_ariane/i_cva6/issue_stage_i/i_scoreboard/i___54_n_0
    SLICE_X62Y83         LUT6 (Prop_lut6_I0_O)        0.124    24.899 r  i_ariane/i_cva6/issue_stage_i/i_scoreboard/i___52_i_2/O
                         net (fo=1, routed)           0.000    24.899    i_ariane/i_cva6/issue_stage_i/i_scoreboard/i___52_i_2_n_0
    SLICE_X62Y83         MUXF7 (Prop_muxf7_I0_O)      0.209    25.108 r  i_ariane/i_cva6/issue_stage_i/i_scoreboard/i___52_i_1/O
                         net (fo=11, routed)          0.789    25.897    i_ariane/i_cva6/issue_stage_i/i_scoreboard/i___52_i_1_n_0
    SLICE_X61Y81         LUT2 (Prop_lut2_I0_O)        0.323    26.220 r  i_ariane/i_cva6/issue_stage_i/i_scoreboard/i___52/O
                         net (fo=9, routed)           0.454    26.675    i_ariane/i_cva6/issue_stage_i/i_scoreboard/i___52_n_0
    SLICE_X61Y79         LUT6 (Prop_lut6_I3_O)        0.332    27.007 r  i_ariane/i_cva6/issue_stage_i/i_scoreboard/i___29/O
                         net (fo=1, routed)           0.632    27.639    i_ariane/i_cva6/issue_stage_i/i_scoreboard/i___29_n_0
    SLICE_X63Y79         LUT6 (Prop_lut6_I3_O)        0.124    27.763 r  i_ariane/i_cva6/issue_stage_i/i_scoreboard/i___24/O
                         net (fo=8, routed)           0.663    28.426    i_ariane/i_cva6/issue_stage_i/i_scoreboard/i___24_n_0
    SLICE_X63Y77         LUT5 (Prop_lut5_I0_O)        0.118    28.544 r  i_ariane/i_cva6/issue_stage_i/i_scoreboard/mem_q[6][sbe][rd][1]_i_1/O
                         net (fo=1, routed)           0.382    28.927    i_ariane/i_cva6/issue_stage_i/i_scoreboard/mem_q[6][sbe][rd][1]_i_1_n_0
    SLICE_X63Y77         FDCE                                         r  i_ariane/i_cva6/issue_stage_i/i_scoreboard/mem_q_reg[6][sbe][rd][1]/D
  -------------------------------------------------------------------    -------------------

                         (clock clk_out1_xlnx_clk_gen rise edge)
                                                     31.250    31.250 r  
    K17                                               0.000    31.250 r  clk_sys (IN)
                         net (fo=0)                   0.000    31.250    i_xlnx_clk_gen/inst/clk_in1
    K17                  IBUF (Prop_ibuf_I_O)         1.404    32.654 r  i_xlnx_clk_gen/inst/clkin1_ibufg/O
                         net (fo=1, routed)           1.162    33.816    i_xlnx_clk_gen/inst/clk_in1_xlnx_clk_gen
    MMCME2_ADV_X1Y2      MMCME2_ADV (Prop_mmcme2_adv_CLKIN1_CLKOUT0)
                                                     -7.814    26.002 r  i_xlnx_clk_gen/inst/mmcm_adv_inst/CLKOUT0
                         net (fo=1, routed)           2.012    28.014    i_xlnx_clk_gen/inst/clk_out1_xlnx_clk_gen
    BUFGCTRL_X0Y16       BUFG (Prop_bufg_I_O)         0.091    28.105 r  i_xlnx_clk_gen/inst/clkout1_buf/O
                         net (fo=15309, routed)       1.526    29.631    i_ariane/i_cva6/issue_stage_i/i_scoreboard/clk_out1
    SLICE_X63Y77         FDCE                                         r  i_ariane/i_cva6/issue_stage_i/i_scoreboard/mem_q_reg[6][sbe][rd][1]/C
                         clock pessimism              0.453    30.083    
                         clock uncertainty           -0.085    29.998    
    SLICE_X63Y77         FDCE (Setup_fdce_C_D)       -0.264    29.734    i_ariane/i_cva6/issue_stage_i/i_scoreboard/mem_q_reg[6][sbe][rd][1]
  -------------------------------------------------------------------
                         required time                         29.734    
                         arrival time                         -28.927    
  -------------------------------------------------------------------
                         slack                                  0.808    

Slack (MET) :             0.864ns  (required time - arrival time)
  Source:                 i_ariane/i_cva6/gen_cache_hpd.i_cache_subsystem/i_dcache/i_hpdcache/hpdcache_ctrl_i/hpdcache_memctrl_i/gen_dir_sram[1].dir_sram/ram_i/mem_reg/CLKARDCLK
                            (rising edge-triggered cell RAMB18E1 clocked by clk_out1_xlnx_clk_gen  {rise@0.000ns fall@15.625ns period=31.250ns})
  Destination:            i_ariane/i_cva6/issue_stage_i/i_scoreboard/mem_q_reg[4][sbe][rd][1]/D
                            (rising edge-triggered cell FDCE clocked by clk_out1_xlnx_clk_gen  {rise@0.000ns fall@15.625ns period=31.250ns})
  Path Group:             clk_out1_xlnx_clk_gen
  Path Type:              Setup (Max at Slow Process Corner)
  Requirement:            31.250ns  (clk_out1_xlnx_clk_gen rise@31.250ns - clk_out1_xlnx_clk_gen rise@0.000ns)
  Data Path Delay:        29.704ns  (logic 7.972ns (26.839%)  route 21.732ns (73.161%))
  Logic Levels:           34  (CARRY4=2 LUT2=4 LUT3=1 LUT4=3 LUT5=6 LUT6=17 MUXF7=1)
  Clock Path Skew:        -0.313ns (DCD - SCD + CPR)
    Destination Clock Delay (DCD):    -1.615ns = ( 29.635 - 31.250 ) 
    Source Clock Delay      (SCD):    -0.850ns
    Clock Pessimism Removal (CPR):    0.453ns
  Clock Uncertainty:      0.085ns  ((TSJ^2 + DJ^2)^1/2) / 2 + PE
    Total System Jitter     (TSJ):    0.071ns
    Discrete Jitter          (DJ):    0.155ns
    Phase Error              (PE):    0.000ns

    Location             Delay type                Incr(ns)  Path(ns)    Netlist Resource(s)
  -------------------------------------------------------------------    -------------------
                         (clock clk_out1_xlnx_clk_gen rise edge)
                                                      0.000     0.000 r  
    K17                                               0.000     0.000 r  clk_sys (IN)
                         net (fo=0)                   0.000     0.000    i_xlnx_clk_gen/inst/clk_in1
    K17                  IBUF (Prop_ibuf_I_O)         1.475     1.475 r  i_xlnx_clk_gen/inst/clkin1_ibufg/O
                         net (fo=1, routed)           1.285     2.760    i_xlnx_clk_gen/inst/clk_in1_xlnx_clk_gen
    MMCME2_ADV_X1Y2      MMCME2_ADV (Prop_mmcme2_adv_CLKIN1_CLKOUT0)
                                                     -7.759    -4.999 r  i_xlnx_clk_gen/inst/mmcm_adv_inst/CLKOUT0
                         net (fo=1, routed)           2.206    -2.793    i_xlnx_clk_gen/inst/clk_out1_xlnx_clk_gen
    BUFGCTRL_X0Y16       BUFG (Prop_bufg_I_O)         0.101    -2.692 r  i_xlnx_clk_gen/inst/clkout1_buf/O
                         net (fo=15309, routed)       1.842    -0.850    i_ariane/i_cva6/gen_cache_hpd.i_cache_subsystem/i_dcache/i_hpdcache/hpdcache_ctrl_i/hpdcache_memctrl_i/gen_dir_sram[1].dir_sram/ram_i/clk_out1
    RAMB18_X4Y16         RAMB18E1                                     r  i_ariane/i_cva6/gen_cache_hpd.i_cache_subsystem/i_dcache/i_hpdcache/hpdcache_ctrl_i/hpdcache_memctrl_i/gen_dir_sram[1].dir_sram/ram_i/mem_reg/CLKARDCLK
  -------------------------------------------------------------------    -------------------
    RAMB18_X4Y16         RAMB18E1 (Prop_ramb18e1_CLKARDCLK_DOADO[2])
                                                      2.454     1.604 r  i_ariane/i_cva6/gen_cache_hpd.i_cache_subsystem/i_dcache/i_hpdcache/hpdcache_ctrl_i/hpdcache_memctrl_i/gen_dir_sram[1].dir_sram/ram_i/mem_reg/DOADO[2]
                         net (fo=6, routed)           1.171     2.776    i_ariane/i_cva6/gen_cache_hpd.i_cache_subsystem/i_dcache/i_hpdcache/hpdcache_ctrl_i/hpdcache_memctrl_i/gen_dir_sram[1].dir_sram/ram_i/DOADO[2]
    SLICE_X90Y41         LUT6 (Prop_lut6_I2_O)        0.124     2.900 r  i_ariane/i_cva6/gen_cache_hpd.i_cache_subsystem/i_dcache/i_hpdcache/hpdcache_ctrl_i/hpdcache_memctrl_i/gen_dir_sram[1].dir_sram/ram_i/req_q[0][way_fetch][0]_i_11/O
                         net (fo=1, routed)           0.000     2.900    i_ariane/i_cva6/gen_cache_hpd.i_cache_subsystem/i_dcache/i_hpdcache/hpdcache_ctrl_i/hpdcache_memctrl_i/gen_dir_sram[1].dir_sram/ram_i/req_q[0][way_fetch][0]_i_11_n_0
    SLICE_X90Y41         CARRY4 (Prop_carry4_S[0]_CO[3])
                                                      0.513     3.413 r  i_ariane/i_cva6/gen_cache_hpd.i_cache_subsystem/i_dcache/i_hpdcache/hpdcache_ctrl_i/hpdcache_memctrl_i/gen_dir_sram[1].dir_sram/ram_i/req_q_reg[0][way_fetch][0]_i_3/CO[3]
                         net (fo=1, routed)           0.000     3.413    i_ariane/i_cva6/gen_cache_hpd.i_cache_subsystem/i_dcache/i_hpdcache/hpdcache_ctrl_i/hpdcache_memctrl_i/gen_dir_sram[1].dir_sram/ram_i/req_q_reg[0][way_fetch][0]_i_3_n_0
    SLICE_X90Y42         CARRY4 (Prop_carry4_CI_CO[3])
                                                      0.117     3.530 r  i_ariane/i_cva6/gen_cache_hpd.i_cache_subsystem/i_dcache/i_hpdcache/hpdcache_ctrl_i/hpdcache_memctrl_i/gen_dir_sram[1].dir_sram/ram_i/req_q_reg[0][way_fetch][0]_i_2/CO[3]
                         net (fo=58, routed)          1.142     4.672    i_ariane/i_cva6/gen_cache_hpd.i_cache_subsystem/i_dcache/i_hpdcache/hpdcache_ctrl_i/hpdcache_memctrl_i/gen_dir_sram[1].dir_sram/ram_i/CO[0]
    SLICE_X88Y44         LUT2 (Prop_lut2_I0_O)        0.118     4.790 r  i_ariane/i_cva6/gen_cache_hpd.i_cache_subsystem/i_dcache/i_hpdcache/hpdcache_ctrl_i/hpdcache_memctrl_i/gen_dir_sram[1].dir_sram/ram_i/st2_dir_updt_way_q[1]_i_2/O
                         net (fo=4, routed)           0.685     5.475    i_ariane/i_cva6/gen_cache_hpd.i_cache_subsystem/i_dcache/i_hpdcache/hpdcache_ctrl_i/hpdcache_memctrl_i/gen_dir_sram[0].dir_sram/ram_i/st1_dir_hit_way[0]
    SLICE_X88Y45         LUT6 (Prop_lut6_I4_O)        0.326     5.801 r  i_ariane/i_cva6/gen_cache_hpd.i_cache_subsystem/i_dcache/i_hpdcache/hpdcache_ctrl_i/hpdcache_memctrl_i/gen_dir_sram[0].dir_sram/ram_i/st2_dir_updt_valid_q_i_11/O
                         net (fo=10, routed)          1.014     6.814    i_ariane/i_cva6/gen_cache_hpd.i_cache_subsystem/i_dcache/i_hpdcache/hpdcache_ctrl_i/hpdcache_memctrl_i/gen_dir_sram[0].dir_sram/ram_i/mem_reg_32
    SLICE_X79Y46         LUT5 (Prop_lut5_I2_O)        0.124     6.938 f  i_ariane/i_cva6/gen_cache_hpd.i_cache_subsystem/i_dcache/i_hpdcache/hpdcache_ctrl_i/hpdcache_memctrl_i/gen_dir_sram[0].dir_sram/ram_i/deps_q[0][flush_hit]_i_7/O
                         net (fo=9, routed)           0.698     7.636    i_ariane/i_cva6/gen_cache_hpd.i_cache_subsystem/i_dcache/i_hpdcache/hpdcache_ctrl_i/hpdcache_memctrl_i/gen_dir_sram[0].dir_sram/ram_i/st1_req_q_reg[pma][wr_policy_hint][0]_0
    SLICE_X79Y46         LUT5 (Prop_lut5_I2_O)        0.124     7.760 r  i_ariane/i_cva6/gen_cache_hpd.i_cache_subsystem/i_dcache/i_hpdcache/hpdcache_ctrl_i/hpdcache_memctrl_i/gen_dir_sram[0].dir_sram/ram_i/deps_q[0][wbuf_not_ready]_i_6/O
                         net (fo=2, routed)           0.445     8.205    i_ariane/i_cva6/gen_cache_hpd.i_cache_subsystem/i_dcache/i_hpdcache/hpdcache_ctrl_i/hpdcache_memctrl_i/gen_dir_sram[0].dir_sram/ram_i/mem_reg_37
    SLICE_X79Y46         LUT5 (Prop_lut5_I0_O)        0.124     8.329 r  i_ariane/i_cva6/gen_cache_hpd.i_cache_subsystem/i_dcache/i_hpdcache/hpdcache_ctrl_i/hpdcache_memctrl_i/gen_dir_sram[0].dir_sram/ram_i/FSM_sequential_pop_try_state_q[1]_i_3/O
                         net (fo=5, routed)           0.444     8.773    i_ariane/i_cva6/gen_cache_hpd.i_cache_subsystem/i_dcache/i_hpdcache/hpdcache_ctrl_i/hpdcache_memctrl_i/gen_dir_sram[0].dir_sram/ram_i/wbuf_data_valid_q_reg[0]
    SLICE_X74Y47         LUT6 (Prop_lut6_I0_O)        0.124     8.897 r  i_ariane/i_cva6/gen_cache_hpd.i_cache_subsystem/i_dcache/i_hpdcache/hpdcache_ctrl_i/hpdcache_memctrl_i/gen_dir_sram[0].dir_sram/ram_i/ldbuf_valid_q[1]_i_4/O
                         net (fo=1, routed)           0.786     9.683    i_ariane/i_cva6/gen_cache_hpd.i_cache_subsystem/i_dcache/i_hpdcache/hpdcache_ctrl_i/hpdcache_memctrl_i/gen_dir_sram[0].dir_sram/ram_i/ldbuf_valid_q[1]_i_4_n_0
    SLICE_X67Y55         LUT6 (Prop_lut6_I1_O)        0.124     9.807 f  i_ariane/i_cva6/gen_cache_hpd.i_cache_subsystem/i_dcache/i_hpdcache/hpdcache_ctrl_i/hpdcache_memctrl_i/gen_dir_sram[0].dir_sram/ram_i/ldbuf_valid_q[1]_i_3/O
                         net (fo=5, routed)           0.504    10.311    i_ariane/i_cva6/ex_stage_i/lsu_i/lsu_bypass_i/dcache_req_ports_cache_ex[1][data_rvalid]
    SLICE_X67Y62         LUT4 (Prop_lut4_I2_O)        0.124    10.435 r  i_ariane/i_cva6/ex_stage_i/lsu_i/lsu_bypass_i/i___215_i_6/O
                         net (fo=4, routed)           0.773    11.208    i_ariane/i_cva6/ex_stage_i/lsu_i/lsu_bypass_i/gen_no_mmu.pmp_exception_reg[valid]
    SLICE_X67Y71         LUT5 (Prop_lut5_I1_O)        0.124    11.332 r  i_ariane/i_cva6/ex_stage_i/lsu_i/lsu_bypass_i/i___215_i_5/O
                         net (fo=28, routed)          0.714    12.047    i_ariane/i_cva6/issue_stage_i/i_scoreboard/load_trans_id_ex_id[0]
    SLICE_X67Y76         LUT6 (Prop_lut6_I4_O)        0.124    12.171 f  i_ariane/i_cva6/issue_stage_i/i_scoreboard/i___227_i_1/O
                         net (fo=6, routed)           0.633    12.803    i_ariane/i_cva6/ex_stage_i/lsu_i/i_load_unit/i__i_12
    SLICE_X67Y74         LUT5 (Prop_lut5_I0_O)        0.124    12.927 f  i_ariane/i_cva6/ex_stage_i/lsu_i/i_load_unit/i__i_76/O
                         net (fo=3, routed)           1.037    13.964    i_ariane/i_cva6/issue_stage_i/i_scoreboard/i__i_6_1
    SLICE_X67Y79         LUT6 (Prop_lut6_I0_O)        0.124    14.088 f  i_ariane/i_cva6/issue_stage_i/i_scoreboard/i__i_33/O
                         net (fo=36, routed)          0.906    14.995    i_ariane/i_cva6/issue_stage_i/i_scoreboard/i_issue_read_operands/rs1_fwd_req[0]_98[2]
    SLICE_X81Y80         LUT6 (Prop_lut6_I1_O)        0.124    15.119 f  i_ariane/i_cva6/issue_stage_i/i_scoreboard/i__i_86/O
                         net (fo=6, routed)           0.474    15.592    i_ariane/i_cva6/issue_stage_i/i_scoreboard/i__i_86_n_0
    SLICE_X84Y82         LUT6 (Prop_lut6_I2_O)        0.124    15.716 f  i_ariane/i_cva6/issue_stage_i/i_scoreboard/i__i_61/O
                         net (fo=3, routed)           0.467    16.183    i_ariane/i_cva6/issue_stage_i/i_scoreboard/i__i_61_n_0
    SLICE_X87Y84         LUT2 (Prop_lut2_I0_O)        0.124    16.307 f  i_ariane/i_cva6/issue_stage_i/i_scoreboard/i___206_i_46/O
                         net (fo=1, routed)           0.425    16.732    i_ariane/i_cva6/issue_stage_i/i_scoreboard/i_issue_read_operands/rs1_available
    SLICE_X84Y85         LUT6 (Prop_lut6_I1_O)        0.124    16.856 r  i_ariane/i_cva6/issue_stage_i/i_scoreboard/i___206_i_27/O
                         net (fo=1, routed)           0.686    17.542    i_ariane/i_cva6/id_stage_i/alu_valid_q[0]_i_3_0
    SLICE_X67Y84         LUT4 (Prop_lut4_I3_O)        0.124    17.666 r  i_ariane/i_cva6/id_stage_i/i___206_i_13/O
                         net (fo=4, routed)           0.508    18.174    i_ariane/i_cva6/id_stage_i/i___206_i_13_n_0
    SLICE_X67Y83         LUT6 (Prop_lut6_I1_O)        0.124    18.298 f  i_ariane/i_cva6/id_stage_i/i___206_i_3/O
                         net (fo=3, routed)           0.481    18.779    i_ariane/gen_example_coprocessor.i_cvxif_coprocessor/radix_mem_reg[0]_0
    SLICE_X67Y83         LUT4 (Prop_lut4_I2_O)        0.124    18.903 f  i_ariane/gen_example_coprocessor.i_cvxif_coprocessor/i___24_i_2/O
                         net (fo=3, routed)           0.830    19.733    i_ariane/i_cva6/id_stage_i/cvxif_resp[issue_ready]
    SLICE_X67Y83         LUT3 (Prop_lut3_I0_O)        0.152    19.885 f  i_ariane/i_cva6/id_stage_i/x_transaction_rejected_o_i_2/O
                         net (fo=4, routed)           0.397    20.281    i_ariane/i_cva6/id_stage_i/issue_stage_i/i_issue_read_operands/x_transaction_rejected
    SLICE_X66Y83         LUT6 (Prop_lut6_I5_O)        0.332    20.613 r  i_ariane/i_cva6/id_stage_i/i__i_4__0/O
                         net (fo=1, routed)           0.573    21.186    i_ariane/i_cva6/id_stage_i/i__i_4__0_n_0
    SLICE_X65Y82         LUT6 (Prop_lut6_I2_O)        0.124    21.310 f  i_ariane/i_cva6/id_stage_i/i__i_3/O
                         net (fo=3, routed)           0.315    21.626    i_ariane/i_cva6/issue_stage_i/i_scoreboard/issue_ack_iro_sb
    SLICE_X65Y84         LUT2 (Prop_lut2_I1_O)        0.124    21.750 r  i_ariane/i_cva6/issue_stage_i/i_scoreboard/mem_q[7][sbe][fu][2]_i_2/O
                         net (fo=32, routed)          0.726    22.476    i_ariane/i_cva6/issue_stage_i/i_scoreboard/mem_q[7][sbe][fu][2]_i_2_n_0
    SLICE_X59Y89         LUT6 (Prop_lut6_I1_O)        0.124    22.600 r  i_ariane/i_cva6/issue_stage_i/i_scoreboard/mem_q[1][sbe][fu][2]_i_1/O
                         net (fo=5, routed)           1.115    23.715    i_ariane/i_cva6/issue_stage_i/i_scoreboard/mem_q[1][sbe][fu][2]_i_1_n_0
    SLICE_X60Y85         LUT6 (Prop_lut6_I2_O)        0.124    23.839 f  i_ariane/i_cva6/issue_stage_i/i_scoreboard/i___54/O
                         net (fo=1, routed)           0.936    24.775    i_ariane/i_cva6/issue_stage_i/i_scoreboard/i___54_n_0
    SLICE_X62Y83         LUT6 (Prop_lut6_I0_O)        0.124    24.899 r  i_ariane/i_cva6/issue_stage_i/i_scoreboard/i___52_i_2/O
                         net (fo=1, routed)           0.000    24.899    i_ariane/i_cva6/issue_stage_i/i_scoreboard/i___52_i_2_n_0
    SLICE_X62Y83         MUXF7 (Prop_muxf7_I0_O)      0.209    25.108 r  i_ariane/i_cva6/issue_stage_i/i_scoreboard/i___52_i_1/O
                         net (fo=11, routed)          0.789    25.897    i_ariane/i_cva6/issue_stage_i/i_scoreboard/i___52_i_1_n_0
    SLICE_X61Y81         LUT2 (Prop_lut2_I0_O)        0.323    26.220 r  i_ariane/i_cva6/issue_stage_i/i_scoreboard/i___52/O
                         net (fo=9, routed)           0.454    26.675    i_ariane/i_cva6/issue_stage_i/i_scoreboard/i___52_n_0
    SLICE_X61Y79         LUT6 (Prop_lut6_I3_O)        0.332    27.007 r  i_ariane/i_cva6/issue_stage_i/i_scoreboard/i___29/O
                         net (fo=1, routed)           0.632    27.639    i_ariane/i_cva6/issue_stage_i/i_scoreboard/i___29_n_0
    SLICE_X63Y79         LUT6 (Prop_lut6_I3_O)        0.124    27.763 r  i_ariane/i_cva6/issue_stage_i/i_scoreboard/i___24/O
                         net (fo=8, routed)           0.447    28.210    i_ariane/i_cva6/issue_stage_i/i_scoreboard/i___24_n_0
    SLICE_X65Y79         LUT5 (Prop_lut5_I0_O)        0.120    28.330 r  i_ariane/i_cva6/issue_stage_i/i_scoreboard/mem_q[4][sbe][rd][1]_i_1/O
                         net (fo=1, routed)           0.524    28.854    i_ariane/i_cva6/issue_stage_i/i_scoreboard/mem_q[4][sbe][rd][1]_i_1_n_0
    SLICE_X65Y79         FDCE                                         r  i_ariane/i_cva6/issue_stage_i/i_scoreboard/mem_q_reg[4][sbe][rd][1]/D
  -------------------------------------------------------------------    -------------------

                         (clock clk_out1_xlnx_clk_gen rise edge)
                                                     31.250    31.250 r  
    K17                                               0.000    31.250 r  clk_sys (IN)
                         net (fo=0)                   0.000    31.250    i_xlnx_clk_gen/inst/clk_in1
    K17                  IBUF (Prop_ibuf_I_O)         1.404    32.654 r  i_xlnx_clk_gen/inst/clkin1_ibufg/O
                         net (fo=1, routed)           1.162    33.816    i_xlnx_clk_gen/inst/clk_in1_xlnx_clk_gen
    MMCME2_ADV_X1Y2      MMCME2_ADV (Prop_mmcme2_adv_CLKIN1_CLKOUT0)
                                                     -7.814    26.002 r  i_xlnx_clk_gen/inst/mmcm_adv_inst/CLKOUT0
                         net (fo=1, routed)           2.012    28.014    i_xlnx_clk_gen/inst/clk_out1_xlnx_clk_gen
    BUFGCTRL_X0Y16       BUFG (Prop_bufg_I_O)         0.091    28.105 r  i_xlnx_clk_gen/inst/clkout1_buf/O
                         net (fo=15309, routed)       1.530    29.635    i_ariane/i_cva6/issue_stage_i/i_scoreboard/clk_out1
    SLICE_X65Y79         FDCE                                         r  i_ariane/i_cva6/issue_stage_i/i_scoreboard/mem_q_reg[4][sbe][rd][1]/C
                         clock pessimism              0.453    30.087    
                         clock uncertainty           -0.085    30.002    
    SLICE_X65Y79         FDCE (Setup_fdce_C_D)       -0.284    29.718    i_ariane/i_cva6/issue_stage_i/i_scoreboard/mem_q_reg[4][sbe][rd][1]
  -------------------------------------------------------------------
                         required time                         29.718    
                         arrival time                         -28.854    
  -------------------------------------------------------------------
                         slack                                  0.864    

Slack (MET) :             0.880ns  (required time - arrival time)
  Source:                 i_ariane/i_cva6/gen_cache_hpd.i_cache_subsystem/i_dcache/i_hpdcache/hpdcache_ctrl_i/hpdcache_memctrl_i/gen_dir_sram[1].dir_sram/ram_i/mem_reg/CLKARDCLK
                            (rising edge-triggered cell RAMB18E1 clocked by clk_out1_xlnx_clk_gen  {rise@0.000ns fall@15.625ns period=31.250ns})
  Destination:            i_ariane/i_cva6/issue_stage_i/i_scoreboard/mem_q_reg[1][sbe][rd][0]/D
                            (rising edge-triggered cell FDCE clocked by clk_out1_xlnx_clk_gen  {rise@0.000ns fall@15.625ns period=31.250ns})
  Path Group:             clk_out1_xlnx_clk_gen
  Path Type:              Setup (Max at Slow Process Corner)
  Requirement:            31.250ns  (clk_out1_xlnx_clk_gen rise@31.250ns - clk_out1_xlnx_clk_gen rise@0.000ns)
  Data Path Delay:        30.000ns  (logic 7.970ns (26.566%)  route 22.030ns (73.434%))
  Logic Levels:           34  (CARRY4=2 LUT2=3 LUT3=1 LUT4=4 LUT5=5 LUT6=18 MUXF7=1)
  Clock Path Skew:        -0.313ns (DCD - SCD + CPR)
    Destination Clock Delay (DCD):    -1.615ns = ( 29.635 - 31.250 ) 
    Source Clock Delay      (SCD):    -0.850ns
    Clock Pessimism Removal (CPR):    0.453ns
  Clock Uncertainty:      0.085ns  ((TSJ^2 + DJ^2)^1/2) / 2 + PE
    Total System Jitter     (TSJ):    0.071ns
    Discrete Jitter          (DJ):    0.155ns
    Phase Error              (PE):    0.000ns

    Location             Delay type                Incr(ns)  Path(ns)    Netlist Resource(s)
  -------------------------------------------------------------------    -------------------
                         (clock clk_out1_xlnx_clk_gen rise edge)
                                                      0.000     0.000 r  
    K17                                               0.000     0.000 r  clk_sys (IN)
                         net (fo=0)                   0.000     0.000    i_xlnx_clk_gen/inst/clk_in1
    K17                  IBUF (Prop_ibuf_I_O)         1.475     1.475 r  i_xlnx_clk_gen/inst/clkin1_ibufg/O
                         net (fo=1, routed)           1.285     2.760    i_xlnx_clk_gen/inst/clk_in1_xlnx_clk_gen
    MMCME2_ADV_X1Y2      MMCME2_ADV (Prop_mmcme2_adv_CLKIN1_CLKOUT0)
                                                     -7.759    -4.999 r  i_xlnx_clk_gen/inst/mmcm_adv_inst/CLKOUT0
                         net (fo=1, routed)           2.206    -2.793    i_xlnx_clk_gen/inst/clk_out1_xlnx_clk_gen
    BUFGCTRL_X0Y16       BUFG (Prop_bufg_I_O)         0.101    -2.692 r  i_xlnx_clk_gen/inst/clkout1_buf/O
                         net (fo=15309, routed)       1.842    -0.850    i_ariane/i_cva6/gen_cache_hpd.i_cache_subsystem/i_dcache/i_hpdcache/hpdcache_ctrl_i/hpdcache_memctrl_i/gen_dir_sram[1].dir_sram/ram_i/clk_out1
    RAMB18_X4Y16         RAMB18E1                                     r  i_ariane/i_cva6/gen_cache_hpd.i_cache_subsystem/i_dcache/i_hpdcache/hpdcache_ctrl_i/hpdcache_memctrl_i/gen_dir_sram[1].dir_sram/ram_i/mem_reg/CLKARDCLK
  -------------------------------------------------------------------    -------------------
    RAMB18_X4Y16         RAMB18E1 (Prop_ramb18e1_CLKARDCLK_DOADO[2])
                                                      2.454     1.604 r  i_ariane/i_cva6/gen_cache_hpd.i_cache_subsystem/i_dcache/i_hpdcache/hpdcache_ctrl_i/hpdcache_memctrl_i/gen_dir_sram[1].dir_sram/ram_i/mem_reg/DOADO[2]
                         net (fo=6, routed)           1.171     2.776    i_ariane/i_cva6/gen_cache_hpd.i_cache_subsystem/i_dcache/i_hpdcache/hpdcache_ctrl_i/hpdcache_memctrl_i/gen_dir_sram[1].dir_sram/ram_i/DOADO[2]
    SLICE_X90Y41         LUT6 (Prop_lut6_I2_O)        0.124     2.900 r  i_ariane/i_cva6/gen_cache_hpd.i_cache_subsystem/i_dcache/i_hpdcache/hpdcache_ctrl_i/hpdcache_memctrl_i/gen_dir_sram[1].dir_sram/ram_i/req_q[0][way_fetch][0]_i_11/O
                         net (fo=1, routed)           0.000     2.900    i_ariane/i_cva6/gen_cache_hpd.i_cache_subsystem/i_dcache/i_hpdcache/hpdcache_ctrl_i/hpdcache_memctrl_i/gen_dir_sram[1].dir_sram/ram_i/req_q[0][way_fetch][0]_i_11_n_0
    SLICE_X90Y41         CARRY4 (Prop_carry4_S[0]_CO[3])
                                                      0.513     3.413 r  i_ariane/i_cva6/gen_cache_hpd.i_cache_subsystem/i_dcache/i_hpdcache/hpdcache_ctrl_i/hpdcache_memctrl_i/gen_dir_sram[1].dir_sram/ram_i/req_q_reg[0][way_fetch][0]_i_3/CO[3]
                         net (fo=1, routed)           0.000     3.413    i_ariane/i_cva6/gen_cache_hpd.i_cache_subsystem/i_dcache/i_hpdcache/hpdcache_ctrl_i/hpdcache_memctrl_i/gen_dir_sram[1].dir_sram/ram_i/req_q_reg[0][way_fetch][0]_i_3_n_0
    SLICE_X90Y42         CARRY4 (Prop_carry4_CI_CO[3])
                                                      0.117     3.530 r  i_ariane/i_cva6/gen_cache_hpd.i_cache_subsystem/i_dcache/i_hpdcache/hpdcache_ctrl_i/hpdcache_memctrl_i/gen_dir_sram[1].dir_sram/ram_i/req_q_reg[0][way_fetch][0]_i_2/CO[3]
                         net (fo=58, routed)          1.142     4.672    i_ariane/i_cva6/gen_cache_hpd.i_cache_subsystem/i_dcache/i_hpdcache/hpdcache_ctrl_i/hpdcache_memctrl_i/gen_dir_sram[1].dir_sram/ram_i/CO[0]
    SLICE_X88Y44         LUT2 (Prop_lut2_I0_O)        0.118     4.790 r  i_ariane/i_cva6/gen_cache_hpd.i_cache_subsystem/i_dcache/i_hpdcache/hpdcache_ctrl_i/hpdcache_memctrl_i/gen_dir_sram[1].dir_sram/ram_i/st2_dir_updt_way_q[1]_i_2/O
                         net (fo=4, routed)           0.685     5.475    i_ariane/i_cva6/gen_cache_hpd.i_cache_subsystem/i_dcache/i_hpdcache/hpdcache_ctrl_i/hpdcache_memctrl_i/gen_dir_sram[0].dir_sram/ram_i/st1_dir_hit_way[0]
    SLICE_X88Y45         LUT6 (Prop_lut6_I4_O)        0.326     5.801 r  i_ariane/i_cva6/gen_cache_hpd.i_cache_subsystem/i_dcache/i_hpdcache/hpdcache_ctrl_i/hpdcache_memctrl_i/gen_dir_sram[0].dir_sram/ram_i/st2_dir_updt_valid_q_i_11/O
                         net (fo=10, routed)          1.014     6.814    i_ariane/i_cva6/gen_cache_hpd.i_cache_subsystem/i_dcache/i_hpdcache/hpdcache_ctrl_i/hpdcache_memctrl_i/gen_dir_sram[0].dir_sram/ram_i/mem_reg_32
    SLICE_X79Y46         LUT5 (Prop_lut5_I2_O)        0.124     6.938 f  i_ariane/i_cva6/gen_cache_hpd.i_cache_subsystem/i_dcache/i_hpdcache/hpdcache_ctrl_i/hpdcache_memctrl_i/gen_dir_sram[0].dir_sram/ram_i/deps_q[0][flush_hit]_i_7/O
                         net (fo=9, routed)           0.698     7.636    i_ariane/i_cva6/gen_cache_hpd.i_cache_subsystem/i_dcache/i_hpdcache/hpdcache_ctrl_i/hpdcache_memctrl_i/gen_dir_sram[0].dir_sram/ram_i/st1_req_q_reg[pma][wr_policy_hint][0]_0
    SLICE_X79Y46         LUT5 (Prop_lut5_I2_O)        0.124     7.760 r  i_ariane/i_cva6/gen_cache_hpd.i_cache_subsystem/i_dcache/i_hpdcache/hpdcache_ctrl_i/hpdcache_memctrl_i/gen_dir_sram[0].dir_sram/ram_i/deps_q[0][wbuf_not_ready]_i_6/O
                         net (fo=2, routed)           0.445     8.205    i_ariane/i_cva6/gen_cache_hpd.i_cache_subsystem/i_dcache/i_hpdcache/hpdcache_ctrl_i/hpdcache_memctrl_i/gen_dir_sram[0].dir_sram/ram_i/mem_reg_37
    SLICE_X79Y46         LUT5 (Prop_lut5_I0_O)        0.124     8.329 r  i_ariane/i_cva6/gen_cache_hpd.i_cache_subsystem/i_dcache/i_hpdcache/hpdcache_ctrl_i/hpdcache_memctrl_i/gen_dir_sram[0].dir_sram/ram_i/FSM_sequential_pop_try_state_q[1]_i_3/O
                         net (fo=5, routed)           0.444     8.773    i_ariane/i_cva6/gen_cache_hpd.i_cache_subsystem/i_dcache/i_hpdcache/hpdcache_ctrl_i/hpdcache_memctrl_i/gen_dir_sram[0].dir_sram/ram_i/wbuf_data_valid_q_reg[0]
    SLICE_X74Y47         LUT6 (Prop_lut6_I0_O)        0.124     8.897 r  i_ariane/i_cva6/gen_cache_hpd.i_cache_subsystem/i_dcache/i_hpdcache/hpdcache_ctrl_i/hpdcache_memctrl_i/gen_dir_sram[0].dir_sram/ram_i/ldbuf_valid_q[1]_i_4/O
                         net (fo=1, routed)           0.786     9.683    i_ariane/i_cva6/gen_cache_hpd.i_cache_subsystem/i_dcache/i_hpdcache/hpdcache_ctrl_i/hpdcache_memctrl_i/gen_dir_sram[0].dir_sram/ram_i/ldbuf_valid_q[1]_i_4_n_0
    SLICE_X67Y55         LUT6 (Prop_lut6_I1_O)        0.124     9.807 f  i_ariane/i_cva6/gen_cache_hpd.i_cache_subsystem/i_dcache/i_hpdcache/hpdcache_ctrl_i/hpdcache_memctrl_i/gen_dir_sram[0].dir_sram/ram_i/ldbuf_valid_q[1]_i_3/O
                         net (fo=5, routed)           0.504    10.311    i_ariane/i_cva6/ex_stage_i/lsu_i/lsu_bypass_i/dcache_req_ports_cache_ex[1][data_rvalid]
    SLICE_X67Y62         LUT4 (Prop_lut4_I2_O)        0.124    10.435 r  i_ariane/i_cva6/ex_stage_i/lsu_i/lsu_bypass_i/i___215_i_6/O
                         net (fo=4, routed)           0.773    11.208    i_ariane/i_cva6/ex_stage_i/lsu_i/lsu_bypass_i/gen_no_mmu.pmp_exception_reg[valid]
    SLICE_X67Y71         LUT5 (Prop_lut5_I1_O)        0.124    11.332 r  i_ariane/i_cva6/ex_stage_i/lsu_i/lsu_bypass_i/i___215_i_5/O
                         net (fo=28, routed)          0.714    12.047    i_ariane/i_cva6/issue_stage_i/i_scoreboard/load_trans_id_ex_id[0]
    SLICE_X67Y76         LUT6 (Prop_lut6_I4_O)        0.124    12.171 f  i_ariane/i_cva6/issue_stage_i/i_scoreboard/i___227_i_1/O
                         net (fo=6, routed)           0.633    12.803    i_ariane/i_cva6/ex_stage_i/lsu_i/i_load_unit/i__i_12
    SLICE_X67Y74         LUT5 (Prop_lut5_I0_O)        0.124    12.927 f  i_ariane/i_cva6/ex_stage_i/lsu_i/i_load_unit/i__i_76/O
                         net (fo=3, routed)           1.037    13.964    i_ariane/i_cva6/issue_stage_i/i_scoreboard/i__i_6_1
    SLICE_X67Y79         LUT6 (Prop_lut6_I0_O)        0.124    14.088 f  i_ariane/i_cva6/issue_stage_i/i_scoreboard/i__i_33/O
                         net (fo=36, routed)          0.906    14.995    i_ariane/i_cva6/issue_stage_i/i_scoreboard/i_issue_read_operands/rs1_fwd_req[0]_98[2]
    SLICE_X81Y80         LUT6 (Prop_lut6_I1_O)        0.124    15.119 f  i_ariane/i_cva6/issue_stage_i/i_scoreboard/i__i_86/O
                         net (fo=6, routed)           0.474    15.592    i_ariane/i_cva6/issue_stage_i/i_scoreboard/i__i_86_n_0
    SLICE_X84Y82         LUT6 (Prop_lut6_I2_O)        0.124    15.716 f  i_ariane/i_cva6/issue_stage_i/i_scoreboard/i__i_61/O
                         net (fo=3, routed)           0.467    16.183    i_ariane/i_cva6/issue_stage_i/i_scoreboard/i__i_61_n_0
    SLICE_X87Y84         LUT2 (Prop_lut2_I0_O)        0.124    16.307 f  i_ariane/i_cva6/issue_stage_i/i_scoreboard/i___206_i_46/O
                         net (fo=1, routed)           0.425    16.732    i_ariane/i_cva6/issue_stage_i/i_scoreboard/i_issue_read_operands/rs1_available
    SLICE_X84Y85         LUT6 (Prop_lut6_I1_O)        0.124    16.856 r  i_ariane/i_cva6/issue_stage_i/i_scoreboard/i___206_i_27/O
                         net (fo=1, routed)           0.686    17.542    i_ariane/i_cva6/id_stage_i/alu_valid_q[0]_i_3_0
    SLICE_X67Y84         LUT4 (Prop_lut4_I3_O)        0.124    17.666 r  i_ariane/i_cva6/id_stage_i/i___206_i_13/O
                         net (fo=4, routed)           0.508    18.174    i_ariane/i_cva6/id_stage_i/i___206_i_13_n_0
    SLICE_X67Y83         LUT6 (Prop_lut6_I1_O)        0.124    18.298 f  i_ariane/i_cva6/id_stage_i/i___206_i_3/O
                         net (fo=3, routed)           0.481    18.779    i_ariane/gen_example_coprocessor.i_cvxif_coprocessor/radix_mem_reg[0]_0
    SLICE_X67Y83         LUT4 (Prop_lut4_I2_O)        0.124    18.903 f  i_ariane/gen_example_coprocessor.i_cvxif_coprocessor/i___24_i_2/O
                         net (fo=3, routed)           0.830    19.733    i_ariane/i_cva6/id_stage_i/cvxif_resp[issue_ready]
    SLICE_X67Y83         LUT3 (Prop_lut3_I0_O)        0.152    19.885 f  i_ariane/i_cva6/id_stage_i/x_transaction_rejected_o_i_2/O
                         net (fo=4, routed)           0.397    20.281    i_ariane/i_cva6/id_stage_i/issue_stage_i/i_issue_read_operands/x_transaction_rejected
    SLICE_X66Y83         LUT6 (Prop_lut6_I5_O)        0.332    20.613 r  i_ariane/i_cva6/id_stage_i/i__i_4__0/O
                         net (fo=1, routed)           0.573    21.186    i_ariane/i_cva6/id_stage_i/i__i_4__0_n_0
    SLICE_X65Y82         LUT6 (Prop_lut6_I2_O)        0.124    21.310 f  i_ariane/i_cva6/id_stage_i/i__i_3/O
                         net (fo=3, routed)           0.315    21.626    i_ariane/i_cva6/issue_stage_i/i_scoreboard/issue_ack_iro_sb
    SLICE_X65Y84         LUT2 (Prop_lut2_I1_O)        0.124    21.750 r  i_ariane/i_cva6/issue_stage_i/i_scoreboard/mem_q[7][sbe][fu][2]_i_2/O
                         net (fo=32, routed)          0.726    22.476    i_ariane/i_cva6/issue_stage_i/i_scoreboard/mem_q[7][sbe][fu][2]_i_2_n_0
    SLICE_X59Y89         LUT6 (Prop_lut6_I1_O)        0.124    22.600 f  i_ariane/i_cva6/issue_stage_i/i_scoreboard/mem_q[1][sbe][fu][2]_i_1/O
                         net (fo=5, routed)           1.115    23.715    i_ariane/i_cva6/issue_stage_i/i_scoreboard/mem_q[1][sbe][fu][2]_i_1_n_0
    SLICE_X60Y85         LUT6 (Prop_lut6_I2_O)        0.124    23.839 r  i_ariane/i_cva6/issue_stage_i/i_scoreboard/i___54/O
                         net (fo=1, routed)           0.936    24.775    i_ariane/i_cva6/issue_stage_i/i_scoreboard/i___54_n_0
    SLICE_X62Y83         LUT6 (Prop_lut6_I0_O)        0.124    24.899 f  i_ariane/i_cva6/issue_stage_i/i_scoreboard/i___52_i_2/O
                         net (fo=1, routed)           0.000    24.899    i_ariane/i_cva6/issue_stage_i/i_scoreboard/i___52_i_2_n_0
    SLICE_X62Y83         MUXF7 (Prop_muxf7_I0_O)      0.209    25.108 f  i_ariane/i_cva6/issue_stage_i/i_scoreboard/i___52_i_1/O
                         net (fo=11, routed)          0.880    25.988    i_ariane/i_cva6/issue_stage_i/i_scoreboard/i___52_i_1_n_0
    SLICE_X61Y81         LUT6 (Prop_lut6_I1_O)        0.297    26.285 r  i_ariane/i_cva6/issue_stage_i/i_scoreboard/i___44_i_2/O
                         net (fo=6, routed)           0.621    26.906    i_ariane/i_cva6/issue_stage_i/i_scoreboard/i___44_i_2_n_0
    SLICE_X61Y79         LUT6 (Prop_lut6_I0_O)        0.124    27.030 f  i_ariane/i_cva6/issue_stage_i/i_scoreboard/mem_q[1][sbe][rd][0]_i_2/O
                         net (fo=2, routed)           0.778    27.808    i_ariane/i_cva6/issue_stage_i/i_scoreboard/mem_q[1][sbe][rd][0]_i_2_n_0
    SLICE_X63Y79         LUT4 (Prop_lut4_I1_O)        0.150    27.958 r  i_ariane/i_cva6/issue_stage_i/i_scoreboard/mem_q[7][sbe][rd][0]_i_3/O
                         net (fo=8, routed)           0.867    28.825    i_ariane/i_cva6/issue_stage_i/i_scoreboard/mem_q[7][sbe][rd][0]_i_3_n_0
    SLICE_X64Y79         LUT6 (Prop_lut6_I2_O)        0.326    29.151 r  i_ariane/i_cva6/issue_stage_i/i_scoreboard/mem_q[1][sbe][rd][0]_i_1/O
                         net (fo=1, routed)           0.000    29.151    i_ariane/i_cva6/issue_stage_i/i_scoreboard/mem_q[1][sbe][rd][0]_i_1_n_0
    SLICE_X64Y79         FDCE                                         r  i_ariane/i_cva6/issue_stage_i/i_scoreboard/mem_q_reg[1][sbe][rd][0]/D
  -------------------------------------------------------------------    -------------------

                         (clock clk_out1_xlnx_clk_gen rise edge)
                                                     31.250    31.250 r  
    K17                                               0.000    31.250 r  clk_sys (IN)
                         net (fo=0)                   0.000    31.250    i_xlnx_clk_gen/inst/clk_in1
    K17                  IBUF (Prop_ibuf_I_O)         1.404    32.654 r  i_xlnx_clk_gen/inst/clkin1_ibufg/O
                         net (fo=1, routed)           1.162    33.816    i_xlnx_clk_gen/inst/clk_in1_xlnx_clk_gen
    MMCME2_ADV_X1Y2      MMCME2_ADV (Prop_mmcme2_adv_CLKIN1_CLKOUT0)
                                                     -7.814    26.002 r  i_xlnx_clk_gen/inst/mmcm_adv_inst/CLKOUT0
                         net (fo=1, routed)           2.012    28.014    i_xlnx_clk_gen/inst/clk_out1_xlnx_clk_gen
    BUFGCTRL_X0Y16       BUFG (Prop_bufg_I_O)         0.091    28.105 r  i_xlnx_clk_gen/inst/clkout1_buf/O
                         net (fo=15309, routed)       1.530    29.635    i_ariane/i_cva6/issue_stage_i/i_scoreboard/clk_out1
    SLICE_X64Y79         FDCE                                         r  i_ariane/i_cva6/issue_stage_i/i_scoreboard/mem_q_reg[1][sbe][rd][0]/C
                         clock pessimism              0.453    30.087    
                         clock uncertainty           -0.085    30.002    
    SLICE_X64Y79         FDCE (Setup_fdce_C_D)        0.029    30.031    i_ariane/i_cva6/issue_stage_i/i_scoreboard/mem_q_reg[1][sbe][rd][0]
  -------------------------------------------------------------------
                         required time                         30.031    
                         arrival time                         -29.151    
  -------------------------------------------------------------------
                         slack                                  0.880    





Min Delay Paths
--------------------------------------------------------------------------------------
Slack (MET) :             0.017ns  (arrival time - required time)
  Source:                 i_axi2rom/ax_req_q_reg[id][0]/C
                            (rising edge-triggered cell FDCE clocked by clk_out1_xlnx_clk_gen  {rise@0.000ns fall@15.625ns period=31.250ns})
  Destination:            i_axi_xbar/i_xbar/gen_mst_port_mux[8].i_axi_mux/gen_mux.i_r_spill_reg/spill_register_flushable_i/gen_spill_reg.a_data_q_reg[id][0]/D
                            (rising edge-triggered cell FDCE clocked by clk_out1_xlnx_clk_gen  {rise@0.000ns fall@15.625ns period=31.250ns})
  Path Group:             clk_out1_xlnx_clk_gen
  Path Type:              Hold (Min at Fast Process Corner)
  Requirement:            0.000ns  (clk_out1_xlnx_clk_gen rise@0.000ns - clk_out1_xlnx_clk_gen rise@0.000ns)
  Data Path Delay:        0.349ns  (logic 0.141ns (40.454%)  route 0.208ns (59.547%))
  Logic Levels:           0  
  Clock Path Skew:        0.261ns (DCD - SCD - CPR)
    Destination Clock Delay (DCD):    -0.901ns
    Source Clock Delay      (SCD):    -0.660ns
    Clock Pessimism Removal (CPR):    -0.503ns

    Location             Delay type                Incr(ns)  Path(ns)    Netlist Resource(s)
  -------------------------------------------------------------------    -------------------
                         (clock clk_out1_xlnx_clk_gen rise edge)
                                                      0.000     0.000 r  
    K17                                               0.000     0.000 r  clk_sys (IN)
                         net (fo=0)                   0.000     0.000    i_xlnx_clk_gen/inst/clk_in1
    K17                  IBUF (Prop_ibuf_I_O)         0.243     0.243 r  i_xlnx_clk_gen/inst/clkin1_ibufg/O
                         net (fo=1, routed)           0.440     0.683    i_xlnx_clk_gen/inst/clk_in1_xlnx_clk_gen
    MMCME2_ADV_X1Y2      MMCME2_ADV (Prop_mmcme2_adv_CLKIN1_CLKOUT0)
                                                     -2.613    -1.930 r  i_xlnx_clk_gen/inst/mmcm_adv_inst/CLKOUT0
                         net (fo=1, routed)           0.696    -1.233    i_xlnx_clk_gen/inst/clk_out1_xlnx_clk_gen
    BUFGCTRL_X0Y16       BUFG (Prop_bufg_I_O)         0.026    -1.207 r  i_xlnx_clk_gen/inst/clkout1_buf/O
                         net (fo=15309, routed)       0.548    -0.660    i_axi2rom/clk_out1
    SLICE_X53Y22         FDCE                                         r  i_axi2rom/ax_req_q_reg[id][0]/C
  -------------------------------------------------------------------    -------------------
    SLICE_X53Y22         FDCE (Prop_fdce_C_Q)         0.141    -0.519 r  i_axi2rom/ax_req_q_reg[id][0]/Q
                         net (fo=2, routed)           0.208    -0.311    i_axi_xbar/i_xbar/gen_mst_port_mux[8].i_axi_mux/gen_mux.i_r_spill_reg/spill_register_flushable_i/gen_spill_reg.a_data_q_reg[id][4]_1[0]
    SLICE_X49Y23         FDCE                                         r  i_axi_xbar/i_xbar/gen_mst_port_mux[8].i_axi_mux/gen_mux.i_r_spill_reg/spill_register_flushable_i/gen_spill_reg.a_data_q_reg[id][0]/D
  -------------------------------------------------------------------    -------------------

                         (clock clk_out1_xlnx_clk_gen rise edge)
                                                      0.000     0.000 r  
    K17                                               0.000     0.000 r  clk_sys (IN)
                         net (fo=0)                   0.000     0.000    i_xlnx_clk_gen/inst/clk_in1
    K17                  IBUF (Prop_ibuf_I_O)         0.431     0.431 r  i_xlnx_clk_gen/inst/clkin1_ibufg/O
                         net (fo=1, routed)           0.480     0.911    i_xlnx_clk_gen/inst/clk_in1_xlnx_clk_gen
    MMCME2_ADV_X1Y2      MMCME2_ADV (Prop_mmcme2_adv_CLKIN1_CLKOUT0)
                                                     -3.407    -2.496 r  i_xlnx_clk_gen/inst/mmcm_adv_inst/CLKOUT0
                         net (fo=1, routed)           0.752    -1.744    i_xlnx_clk_gen/inst/clk_out1_xlnx_clk_gen
    BUFGCTRL_X0Y16       BUFG (Prop_bufg_I_O)         0.029    -1.715 r  i_xlnx_clk_gen/inst/clkout1_buf/O
                         net (fo=15309, routed)       0.814    -0.901    i_axi_xbar/i_xbar/gen_mst_port_mux[8].i_axi_mux/gen_mux.i_r_spill_reg/spill_register_flushable_i/clk_out1
    SLICE_X49Y23         FDCE                                         r  i_axi_xbar/i_xbar/gen_mst_port_mux[8].i_axi_mux/gen_mux.i_r_spill_reg/spill_register_flushable_i/gen_spill_reg.a_data_q_reg[id][0]/C
                         clock pessimism              0.503    -0.398    
    SLICE_X49Y23         FDCE (Hold_fdce_C_D)         0.070    -0.328    i_axi_xbar/i_xbar/gen_mst_port_mux[8].i_axi_mux/gen_mux.i_r_spill_reg/spill_register_flushable_i/gen_spill_reg.a_data_q_reg[id][0]
  -------------------------------------------------------------------
                         required time                          0.328    
                         arrival time                          -0.311    
  -------------------------------------------------------------------
                         slack                                  0.017    

Slack (MET) :             0.020ns  (arrival time - required time)
  Source:                 i_axi2rom/ax_req_q_reg[id][4]/C
                            (rising edge-triggered cell FDCE clocked by clk_out1_xlnx_clk_gen  {rise@0.000ns fall@15.625ns period=31.250ns})
  Destination:            i_axi_xbar/i_xbar/gen_mst_port_mux[8].i_axi_mux/gen_mux.i_r_spill_reg/spill_register_flushable_i/gen_spill_reg.a_data_q_reg[id][4]/D
                            (rising edge-triggered cell FDCE clocked by clk_out1_xlnx_clk_gen  {rise@0.000ns fall@15.625ns period=31.250ns})
  Path Group:             clk_out1_xlnx_clk_gen
  Path Type:              Hold (Min at Fast Process Corner)
  Requirement:            0.000ns  (clk_out1_xlnx_clk_gen rise@0.000ns - clk_out1_xlnx_clk_gen rise@0.000ns)
  Data Path Delay:        0.351ns  (logic 0.141ns (40.135%)  route 0.210ns (59.865%))
  Logic Levels:           0  
  Clock Path Skew:        0.261ns (DCD - SCD - CPR)
    Destination Clock Delay (DCD):    -0.901ns
    Source Clock Delay      (SCD):    -0.660ns
    Clock Pessimism Removal (CPR):    -0.503ns

    Location             Delay type                Incr(ns)  Path(ns)    Netlist Resource(s)
  -------------------------------------------------------------------    -------------------
                         (clock clk_out1_xlnx_clk_gen rise edge)
                                                      0.000     0.000 r  
    K17                                               0.000     0.000 r  clk_sys (IN)
                         net (fo=0)                   0.000     0.000    i_xlnx_clk_gen/inst/clk_in1
    K17                  IBUF (Prop_ibuf_I_O)         0.243     0.243 r  i_xlnx_clk_gen/inst/clkin1_ibufg/O
                         net (fo=1, routed)           0.440     0.683    i_xlnx_clk_gen/inst/clk_in1_xlnx_clk_gen
    MMCME2_ADV_X1Y2      MMCME2_ADV (Prop_mmcme2_adv_CLKIN1_CLKOUT0)
                                                     -2.613    -1.930 r  i_xlnx_clk_gen/inst/mmcm_adv_inst/CLKOUT0
                         net (fo=1, routed)           0.696    -1.233    i_xlnx_clk_gen/inst/clk_out1_xlnx_clk_gen
    BUFGCTRL_X0Y16       BUFG (Prop_bufg_I_O)         0.026    -1.207 r  i_xlnx_clk_gen/inst/clkout1_buf/O
                         net (fo=15309, routed)       0.548    -0.660    i_axi2rom/clk_out1
    SLICE_X53Y22         FDCE                                         r  i_axi2rom/ax_req_q_reg[id][4]/C
  -------------------------------------------------------------------    -------------------
    SLICE_X53Y22         FDCE (Prop_fdce_C_Q)         0.141    -0.519 r  i_axi2rom/ax_req_q_reg[id][4]/Q
                         net (fo=2, routed)           0.210    -0.308    i_axi_xbar/i_xbar/gen_mst_port_mux[8].i_axi_mux/gen_mux.i_r_spill_reg/spill_register_flushable_i/gen_spill_reg.a_data_q_reg[id][4]_1[2]
    SLICE_X49Y23         FDCE                                         r  i_axi_xbar/i_xbar/gen_mst_port_mux[8].i_axi_mux/gen_mux.i_r_spill_reg/spill_register_flushable_i/gen_spill_reg.a_data_q_reg[id][4]/D
  -------------------------------------------------------------------    -------------------

                         (clock clk_out1_xlnx_clk_gen rise edge)
                                                      0.000     0.000 r  
    K17                                               0.000     0.000 r  clk_sys (IN)
                         net (fo=0)                   0.000     0.000    i_xlnx_clk_gen/inst/clk_in1
    K17                  IBUF (Prop_ibuf_I_O)         0.431     0.431 r  i_xlnx_clk_gen/inst/clkin1_ibufg/O
                         net (fo=1, routed)           0.480     0.911    i_xlnx_clk_gen/inst/clk_in1_xlnx_clk_gen
    MMCME2_ADV_X1Y2      MMCME2_ADV (Prop_mmcme2_adv_CLKIN1_CLKOUT0)
                                                     -3.407    -2.496 r  i_xlnx_clk_gen/inst/mmcm_adv_inst/CLKOUT0
                         net (fo=1, routed)           0.752    -1.744    i_xlnx_clk_gen/inst/clk_out1_xlnx_clk_gen
    BUFGCTRL_X0Y16       BUFG (Prop_bufg_I_O)         0.029    -1.715 r  i_xlnx_clk_gen/inst/clkout1_buf/O
                         net (fo=15309, routed)       0.814    -0.901    i_axi_xbar/i_xbar/gen_mst_port_mux[8].i_axi_mux/gen_mux.i_r_spill_reg/spill_register_flushable_i/clk_out1
    SLICE_X49Y23         FDCE                                         r  i_axi_xbar/i_xbar/gen_mst_port_mux[8].i_axi_mux/gen_mux.i_r_spill_reg/spill_register_flushable_i/gen_spill_reg.a_data_q_reg[id][4]/C
                         clock pessimism              0.503    -0.398    
    SLICE_X49Y23         FDCE (Hold_fdce_C_D)         0.070    -0.328    i_axi_xbar/i_xbar/gen_mst_port_mux[8].i_axi_mux/gen_mux.i_r_spill_reg/spill_register_flushable_i/gen_spill_reg.a_data_q_reg[id][4]
  -------------------------------------------------------------------
                         required time                          0.328    
                         arrival time                          -0.308    
  -------------------------------------------------------------------
                         slack                                  0.020    

Slack (MET) :             0.024ns  (arrival time - required time)
  Source:                 i_ariane/i_cva6/i_frontend/i_instr_queue/gen_pc_q_without_C.pc_q_reg[19]/C
                            (rising edge-triggered cell FDCE clocked by clk_out1_xlnx_clk_gen  {rise@0.000ns fall@15.625ns period=31.250ns})
  Destination:            i_ariane/i_cva6/id_stage_i/issue_q_reg[0][sbe][pc][19]/D
                            (rising edge-triggered cell FDCE clocked by clk_out1_xlnx_clk_gen  {rise@0.000ns fall@15.625ns period=31.250ns})
  Path Group:             clk_out1_xlnx_clk_gen
  Path Type:              Hold (Min at Fast Process Corner)
  Requirement:            0.000ns  (clk_out1_xlnx_clk_gen rise@0.000ns - clk_out1_xlnx_clk_gen rise@0.000ns)
  Data Path Delay:        0.353ns  (logic 0.141ns (39.937%)  route 0.212ns (60.063%))
  Logic Levels:           0  
  Clock Path Skew:        0.258ns (DCD - SCD - CPR)
    Destination Clock Delay (DCD):    -0.905ns
    Source Clock Delay      (SCD):    -0.661ns
    Clock Pessimism Removal (CPR):    -0.503ns

    Location             Delay type                Incr(ns)  Path(ns)    Netlist Resource(s)
  -------------------------------------------------------------------    -------------------
                         (clock clk_out1_xlnx_clk_gen rise edge)
                                                      0.000     0.000 r  
    K17                                               0.000     0.000 r  clk_sys (IN)
                         net (fo=0)                   0.000     0.000    i_xlnx_clk_gen/inst/clk_in1
    K17                  IBUF (Prop_ibuf_I_O)         0.243     0.243 r  i_xlnx_clk_gen/inst/clkin1_ibufg/O
                         net (fo=1, routed)           0.440     0.683    i_xlnx_clk_gen/inst/clk_in1_xlnx_clk_gen
    MMCME2_ADV_X1Y2      MMCME2_ADV (Prop_mmcme2_adv_CLKIN1_CLKOUT0)
                                                     -2.613    -1.930 r  i_xlnx_clk_gen/inst/mmcm_adv_inst/CLKOUT0
                         net (fo=1, routed)           0.696    -1.233    i_xlnx_clk_gen/inst/clk_out1_xlnx_clk_gen
    BUFGCTRL_X0Y16       BUFG (Prop_bufg_I_O)         0.026    -1.207 r  i_xlnx_clk_gen/inst/clkout1_buf/O
                         net (fo=15309, routed)       0.547    -0.661    i_ariane/i_cva6/i_frontend/i_instr_queue/clk_out1
    SLICE_X49Y69         FDCE                                         r  i_ariane/i_cva6/i_frontend/i_instr_queue/gen_pc_q_without_C.pc_q_reg[19]/C
  -------------------------------------------------------------------    -------------------
    SLICE_X49Y69         FDCE (Prop_fdce_C_Q)         0.141    -0.520 r  i_ariane/i_cva6/i_frontend/i_instr_queue/gen_pc_q_without_C.pc_q_reg[19]/Q
                         net (fo=2, routed)           0.212    -0.307    i_ariane/i_cva6/id_stage_i/issue_q_reg[0][sbe][pc][31]_2[19]
    SLICE_X52Y69         FDCE                                         r  i_ariane/i_cva6/id_stage_i/issue_q_reg[0][sbe][pc][19]/D
  -------------------------------------------------------------------    -------------------

                         (clock clk_out1_xlnx_clk_gen rise edge)
                                                      0.000     0.000 r  
    K17                                               0.000     0.000 r  clk_sys (IN)
                         net (fo=0)                   0.000     0.000    i_xlnx_clk_gen/inst/clk_in1
    K17                  IBUF (Prop_ibuf_I_O)         0.431     0.431 r  i_xlnx_clk_gen/inst/clkin1_ibufg/O
                         net (fo=1, routed)           0.480     0.911    i_xlnx_clk_gen/inst/clk_in1_xlnx_clk_gen
    MMCME2_ADV_X1Y2      MMCME2_ADV (Prop_mmcme2_adv_CLKIN1_CLKOUT0)
                                                     -3.407    -2.496 r  i_xlnx_clk_gen/inst/mmcm_adv_inst/CLKOUT0
                         net (fo=1, routed)           0.752    -1.744    i_xlnx_clk_gen/inst/clk_out1_xlnx_clk_gen
    BUFGCTRL_X0Y16       BUFG (Prop_bufg_I_O)         0.029    -1.715 r  i_xlnx_clk_gen/inst/clkout1_buf/O
                         net (fo=15309, routed)       0.810    -0.905    i_ariane/i_cva6/id_stage_i/clk_out1
    SLICE_X52Y69         FDCE                                         r  i_ariane/i_cva6/id_stage_i/issue_q_reg[0][sbe][pc][19]/C
                         clock pessimism              0.503    -0.402    
    SLICE_X52Y69         FDCE (Hold_fdce_C_D)         0.071    -0.331    i_ariane/i_cva6/id_stage_i/issue_q_reg[0][sbe][pc][19]
  -------------------------------------------------------------------
                         required time                          0.331    
                         arrival time                          -0.307    
  -------------------------------------------------------------------
                         slack                                  0.024    

Slack (MET) :             0.032ns  (arrival time - required time)
  Source:                 i_clint/mtime_q_reg[22]/C
                            (rising edge-triggered cell FDCE clocked by clk_out1_xlnx_clk_gen  {rise@0.000ns fall@15.625ns period=31.250ns})
  Destination:            i_axi_xbar/i_xbar/gen_mst_port_mux[7].i_axi_mux/gen_mux.i_r_spill_reg/spill_register_flushable_i/gen_spill_reg.a_data_q_reg[data][22]/D
                            (rising edge-triggered cell FDCE clocked by clk_out1_xlnx_clk_gen  {rise@0.000ns fall@15.625ns period=31.250ns})
  Path Group:             clk_out1_xlnx_clk_gen
  Path Type:              Hold (Min at Fast Process Corner)
  Requirement:            0.000ns  (clk_out1_xlnx_clk_gen rise@0.000ns - clk_out1_xlnx_clk_gen rise@0.000ns)
  Data Path Delay:        0.389ns  (logic 0.186ns (47.842%)  route 0.203ns (52.158%))
  Logic Levels:           1  (LUT4=1)
  Clock Path Skew:        0.264ns (DCD - SCD - CPR)
    Destination Clock Delay (DCD):    -0.890ns
    Source Clock Delay      (SCD):    -0.652ns
    Clock Pessimism Removal (CPR):    -0.503ns

    Location             Delay type                Incr(ns)  Path(ns)    Netlist Resource(s)
  -------------------------------------------------------------------    -------------------
                         (clock clk_out1_xlnx_clk_gen rise edge)
                                                      0.000     0.000 r  
    K17                                               0.000     0.000 r  clk_sys (IN)
                         net (fo=0)                   0.000     0.000    i_xlnx_clk_gen/inst/clk_in1
    K17                  IBUF (Prop_ibuf_I_O)         0.243     0.243 r  i_xlnx_clk_gen/inst/clkin1_ibufg/O
                         net (fo=1, routed)           0.440     0.683    i_xlnx_clk_gen/inst/clk_in1_xlnx_clk_gen
    MMCME2_ADV_X1Y2      MMCME2_ADV (Prop_mmcme2_adv_CLKIN1_CLKOUT0)
                                                     -2.613    -1.930 r  i_xlnx_clk_gen/inst/mmcm_adv_inst/CLKOUT0
                         net (fo=1, routed)           0.696    -1.233    i_xlnx_clk_gen/inst/clk_out1_xlnx_clk_gen
    BUFGCTRL_X0Y16       BUFG (Prop_bufg_I_O)         0.026    -1.207 r  i_xlnx_clk_gen/inst/clkout1_buf/O
                         net (fo=15309, routed)       0.556    -0.652    i_clint/clk_out1
    SLICE_X51Y10         FDCE                                         r  i_clint/mtime_q_reg[22]/C
  -------------------------------------------------------------------    -------------------
    SLICE_X51Y10         FDCE (Prop_fdce_C_Q)         0.141    -0.511 r  i_clint/mtime_q_reg[22]/Q
                         net (fo=4, routed)           0.203    -0.308    i_clint/axi_lite_interface_i/Q[22]
    SLICE_X49Y12         LUT4 (Prop_lut4_I2_O)        0.045    -0.263 r  i_clint/axi_lite_interface_i/gen_spill_reg.a_data_q[data][22]_i_1__6/O
                         net (fo=1, routed)           0.000    -0.263    i_axi_xbar/i_xbar/gen_mst_port_mux[7].i_axi_mux/gen_mux.i_r_spill_reg/spill_register_flushable_i/gen_spill_reg.a_data_q_reg[data][63]_0[22]
    SLICE_X49Y12         FDCE                                         r  i_axi_xbar/i_xbar/gen_mst_port_mux[7].i_axi_mux/gen_mux.i_r_spill_reg/spill_register_flushable_i/gen_spill_reg.a_data_q_reg[data][22]/D
  -------------------------------------------------------------------    -------------------

                         (clock clk_out1_xlnx_clk_gen rise edge)
                                                      0.000     0.000 r  
    K17                                               0.000     0.000 r  clk_sys (IN)
                         net (fo=0)                   0.000     0.000    i_xlnx_clk_gen/inst/clk_in1
    K17                  IBUF (Prop_ibuf_I_O)         0.431     0.431 r  i_xlnx_clk_gen/inst/clkin1_ibufg/O
                         net (fo=1, routed)           0.480     0.911    i_xlnx_clk_gen/inst/clk_in1_xlnx_clk_gen
    MMCME2_ADV_X1Y2      MMCME2_ADV (Prop_mmcme2_adv_CLKIN1_CLKOUT0)
                                                     -3.407    -2.496 r  i_xlnx_clk_gen/inst/mmcm_adv_inst/CLKOUT0
                         net (fo=1, routed)           0.752    -1.744    i_xlnx_clk_gen/inst/clk_out1_xlnx_clk_gen
    BUFGCTRL_X0Y16       BUFG (Prop_bufg_I_O)         0.029    -1.715 r  i_xlnx_clk_gen/inst/clkout1_buf/O
                         net (fo=15309, routed)       0.825    -0.890    i_axi_xbar/i_xbar/gen_mst_port_mux[7].i_axi_mux/gen_mux.i_r_spill_reg/spill_register_flushable_i/clk_out1
    SLICE_X49Y12         FDCE                                         r  i_axi_xbar/i_xbar/gen_mst_port_mux[7].i_axi_mux/gen_mux.i_r_spill_reg/spill_register_flushable_i/gen_spill_reg.a_data_q_reg[data][22]/C
                         clock pessimism              0.503    -0.387    
    SLICE_X49Y12         FDCE (Hold_fdce_C_D)         0.092    -0.295    i_axi_xbar/i_xbar/gen_mst_port_mux[7].i_axi_mux/gen_mux.i_r_spill_reg/spill_register_flushable_i/gen_spill_reg.a_data_q_reg[data][22]
  -------------------------------------------------------------------
                         required time                          0.295    
                         arrival time                          -0.263    
  -------------------------------------------------------------------
                         slack                                  0.032    

Slack (MET) :             0.033ns  (arrival time - required time)
  Source:                 i_ariane/i_cva6/ex_stage_i/lsu_i/i_store_unit/st_data_q_reg[4]/C
                            (rising edge-triggered cell FDCE clocked by clk_out1_xlnx_clk_gen  {rise@0.000ns fall@15.625ns period=31.250ns})
  Destination:            i_ariane/i_cva6/ex_stage_i/lsu_i/i_store_unit/store_buffer_i/speculative_queue_q_reg[1][data][4]/D
                            (rising edge-triggered cell FDCE clocked by clk_out1_xlnx_clk_gen  {rise@0.000ns fall@15.625ns period=31.250ns})
  Path Group:             clk_out1_xlnx_clk_gen
  Path Type:              Hold (Min at Fast Process Corner)
  Requirement:            0.000ns  (clk_out1_xlnx_clk_gen rise@0.000ns - clk_out1_xlnx_clk_gen rise@0.000ns)
  Data Path Delay:        0.369ns  (logic 0.141ns (38.213%)  route 0.228ns (61.787%))
  Logic Levels:           0  
  Clock Path Skew:        0.276ns (DCD - SCD - CPR)
    Destination Clock Delay (DCD):    -0.831ns
    Source Clock Delay      (SCD):    -0.600ns
    Clock Pessimism Removal (CPR):    -0.508ns

    Location             Delay type                Incr(ns)  Path(ns)    Netlist Resource(s)
  -------------------------------------------------------------------    -------------------
                         (clock clk_out1_xlnx_clk_gen rise edge)
                                                      0.000     0.000 r  
    K17                                               0.000     0.000 r  clk_sys (IN)
                         net (fo=0)                   0.000     0.000    i_xlnx_clk_gen/inst/clk_in1
    K17                  IBUF (Prop_ibuf_I_O)         0.243     0.243 r  i_xlnx_clk_gen/inst/clkin1_ibufg/O
                         net (fo=1, routed)           0.440     0.683    i_xlnx_clk_gen/inst/clk_in1_xlnx_clk_gen
    MMCME2_ADV_X1Y2      MMCME2_ADV (Prop_mmcme2_adv_CLKIN1_CLKOUT0)
                                                     -2.613    -1.930 r  i_xlnx_clk_gen/inst/mmcm_adv_inst/CLKOUT0
                         net (fo=1, routed)           0.696    -1.233    i_xlnx_clk_gen/inst/clk_out1_xlnx_clk_gen
    BUFGCTRL_X0Y16       BUFG (Prop_bufg_I_O)         0.026    -1.207 r  i_xlnx_clk_gen/inst/clkout1_buf/O
                         net (fo=15309, routed)       0.608    -0.600    i_ariane/i_cva6/ex_stage_i/lsu_i/i_store_unit/clk_out1
    SLICE_X95Y51         FDCE                                         r  i_ariane/i_cva6/ex_stage_i/lsu_i/i_store_unit/st_data_q_reg[4]/C
  -------------------------------------------------------------------    -------------------
    SLICE_X95Y51         FDCE (Prop_fdce_C_Q)         0.141    -0.459 r  i_ariane/i_cva6/ex_stage_i/lsu_i/i_store_unit/st_data_q_reg[4]/Q
                         net (fo=4, routed)           0.228    -0.231    i_ariane/i_cva6/ex_stage_i/lsu_i/i_store_unit/store_buffer_i/speculative_queue_q_reg[0][data][31]_0[4]
    SLICE_X98Y48         FDCE                                         r  i_ariane/i_cva6/ex_stage_i/lsu_i/i_store_unit/store_buffer_i/speculative_queue_q_reg[1][data][4]/D
  -------------------------------------------------------------------    -------------------

                         (clock clk_out1_xlnx_clk_gen rise edge)
                                                      0.000     0.000 r  
    K17                                               0.000     0.000 r  clk_sys (IN)
                         net (fo=0)                   0.000     0.000    i_xlnx_clk_gen/inst/clk_in1
    K17                  IBUF (Prop_ibuf_I_O)         0.431     0.431 r  i_xlnx_clk_gen/inst/clkin1_ibufg/O
                         net (fo=1, routed)           0.480     0.911    i_xlnx_clk_gen/inst/clk_in1_xlnx_clk_gen
    MMCME2_ADV_X1Y2      MMCME2_ADV (Prop_mmcme2_adv_CLKIN1_CLKOUT0)
                                                     -3.407    -2.496 r  i_xlnx_clk_gen/inst/mmcm_adv_inst/CLKOUT0
                         net (fo=1, routed)           0.752    -1.744    i_xlnx_clk_gen/inst/clk_out1_xlnx_clk_gen
    BUFGCTRL_X0Y16       BUFG (Prop_bufg_I_O)         0.029    -1.715 r  i_xlnx_clk_gen/inst/clkout1_buf/O
                         net (fo=15309, routed)       0.884    -0.831    i_ariane/i_cva6/ex_stage_i/lsu_i/i_store_unit/store_buffer_i/clk_out1
    SLICE_X98Y48         FDCE                                         r  i_ariane/i_cva6/ex_stage_i/lsu_i/i_store_unit/store_buffer_i/speculative_queue_q_reg[1][data][4]/C
                         clock pessimism              0.508    -0.323    
    SLICE_X98Y48         FDCE (Hold_fdce_C_D)         0.060    -0.263    i_ariane/i_cva6/ex_stage_i/lsu_i/i_store_unit/store_buffer_i/speculative_queue_q_reg[1][data][4]
  -------------------------------------------------------------------
                         required time                          0.263    
                         arrival time                          -0.231    
  -------------------------------------------------------------------
                         slack                                  0.033    

Slack (MET) :             0.040ns  (arrival time - required time)
  Source:                 i_clint/mtimecmp_q_reg[0][50]/C
                            (rising edge-triggered cell FDCE clocked by clk_out1_xlnx_clk_gen  {rise@0.000ns fall@15.625ns period=31.250ns})
  Destination:            i_axi_xbar/i_xbar/gen_mst_port_mux[7].i_axi_mux/gen_mux.i_r_spill_reg/spill_register_flushable_i/gen_spill_reg.a_data_q_reg[data][50]/D
                            (rising edge-triggered cell FDCE clocked by clk_out1_xlnx_clk_gen  {rise@0.000ns fall@15.625ns period=31.250ns})
  Path Group:             clk_out1_xlnx_clk_gen
  Path Type:              Hold (Min at Fast Process Corner)
  Requirement:            0.000ns  (clk_out1_xlnx_clk_gen rise@0.000ns - clk_out1_xlnx_clk_gen rise@0.000ns)
  Data Path Delay:        0.426ns  (logic 0.209ns (49.046%)  route 0.217ns (50.954%))
  Logic Levels:           1  (LUT6=1)
  Clock Path Skew:        0.265ns (DCD - SCD - CPR)
    Destination Clock Delay (DCD):    -0.893ns
    Source Clock Delay      (SCD):    -0.656ns
    Clock Pessimism Removal (CPR):    -0.503ns

    Location             Delay type                Incr(ns)  Path(ns)    Netlist Resource(s)
  -------------------------------------------------------------------    -------------------
                         (clock clk_out1_xlnx_clk_gen rise edge)
                                                      0.000     0.000 r  
    K17                                               0.000     0.000 r  clk_sys (IN)
                         net (fo=0)                   0.000     0.000    i_xlnx_clk_gen/inst/clk_in1
    K17                  IBUF (Prop_ibuf_I_O)         0.243     0.243 r  i_xlnx_clk_gen/inst/clkin1_ibufg/O
                         net (fo=1, routed)           0.440     0.683    i_xlnx_clk_gen/inst/clk_in1_xlnx_clk_gen
    MMCME2_ADV_X1Y2      MMCME2_ADV (Prop_mmcme2_adv_CLKIN1_CLKOUT0)
                                                     -2.613    -1.930 r  i_xlnx_clk_gen/inst/mmcm_adv_inst/CLKOUT0
                         net (fo=1, routed)           0.696    -1.233    i_xlnx_clk_gen/inst/clk_out1_xlnx_clk_gen
    BUFGCTRL_X0Y16       BUFG (Prop_bufg_I_O)         0.026    -1.207 r  i_xlnx_clk_gen/inst/clkout1_buf/O
                         net (fo=15309, routed)       0.552    -0.656    i_clint/clk_out1
    SLICE_X50Y17         FDCE                                         r  i_clint/mtimecmp_q_reg[0][50]/C
  -------------------------------------------------------------------    -------------------
    SLICE_X50Y17         FDCE (Prop_fdce_C_Q)         0.164    -0.492 r  i_clint/mtimecmp_q_reg[0][50]/Q
                         net (fo=3, routed)           0.217    -0.274    i_clint/axi_lite_interface_i/gen_spill_reg.a_data_q_reg[data][63][50]
    SLICE_X46Y16         LUT6 (Prop_lut6_I3_O)        0.045    -0.229 r  i_clint/axi_lite_interface_i/gen_spill_reg.a_data_q[data][50]_i_1__7/O
                         net (fo=1, routed)           0.000    -0.229    i_axi_xbar/i_xbar/gen_mst_port_mux[7].i_axi_mux/gen_mux.i_r_spill_reg/spill_register_flushable_i/gen_spill_reg.a_data_q_reg[data][63]_0[50]
    SLICE_X46Y16         FDCE                                         r  i_axi_xbar/i_xbar/gen_mst_port_mux[7].i_axi_mux/gen_mux.i_r_spill_reg/spill_register_flushable_i/gen_spill_reg.a_data_q_reg[data][50]/D
  -------------------------------------------------------------------    -------------------

                         (clock clk_out1_xlnx_clk_gen rise edge)
                                                      0.000     0.000 r  
    K17                                               0.000     0.000 r  clk_sys (IN)
                         net (fo=0)                   0.000     0.000    i_xlnx_clk_gen/inst/clk_in1
    K17                  IBUF (Prop_ibuf_I_O)         0.431     0.431 r  i_xlnx_clk_gen/inst/clkin1_ibufg/O
                         net (fo=1, routed)           0.480     0.911    i_xlnx_clk_gen/inst/clk_in1_xlnx_clk_gen
    MMCME2_ADV_X1Y2      MMCME2_ADV (Prop_mmcme2_adv_CLKIN1_CLKOUT0)
                                                     -3.407    -2.496 r  i_xlnx_clk_gen/inst/mmcm_adv_inst/CLKOUT0
                         net (fo=1, routed)           0.752    -1.744    i_xlnx_clk_gen/inst/clk_out1_xlnx_clk_gen
    BUFGCTRL_X0Y16       BUFG (Prop_bufg_I_O)         0.029    -1.715 r  i_xlnx_clk_gen/inst/clkout1_buf/O
                         net (fo=15309, routed)       0.822    -0.893    i_axi_xbar/i_xbar/gen_mst_port_mux[7].i_axi_mux/gen_mux.i_r_spill_reg/spill_register_flushable_i/clk_out1
    SLICE_X46Y16         FDCE                                         r  i_axi_xbar/i_xbar/gen_mst_port_mux[7].i_axi_mux/gen_mux.i_r_spill_reg/spill_register_flushable_i/gen_spill_reg.a_data_q_reg[data][50]/C
                         clock pessimism              0.503    -0.390    
    SLICE_X46Y16         FDCE (Hold_fdce_C_D)         0.121    -0.269    i_axi_xbar/i_xbar/gen_mst_port_mux[7].i_axi_mux/gen_mux.i_r_spill_reg/spill_register_flushable_i/gen_spill_reg.a_data_q_reg[data][50]
  -------------------------------------------------------------------
                         required time                          0.269    
                         arrival time                          -0.229    
  -------------------------------------------------------------------
                         slack                                  0.040    

Slack (MET) :             0.043ns  (arrival time - required time)
  Source:                 i_ariane/i_cva6/gen_cache_hpd.i_cache_subsystem/i_dcache/i_hpdcache/gen_wbuf.hpdcache_wbuf_i/wbuf_data_q_reg[0][data][0][1]/C
                            (rising edge-triggered cell FDRE clocked by clk_out1_xlnx_clk_gen  {rise@0.000ns fall@15.625ns period=31.250ns})
  Destination:            i_axi_xbar/i_xbar/gen_slv_port_demux[0].i_axi_demux/gen_demux.i_w_spill_reg/spill_register_flushable_i/gen_spill_reg.a_data_q_reg[data][33]/D
                            (rising edge-triggered cell FDCE clocked by clk_out1_xlnx_clk_gen  {rise@0.000ns fall@15.625ns period=31.250ns})
  Path Group:             clk_out1_xlnx_clk_gen
  Path Type:              Hold (Min at Fast Process Corner)
  Requirement:            0.000ns  (clk_out1_xlnx_clk_gen rise@0.000ns - clk_out1_xlnx_clk_gen rise@0.000ns)
  Data Path Delay:        0.407ns  (logic 0.209ns (51.335%)  route 0.198ns (48.665%))
  Logic Levels:           1  (LUT6=1)
  Clock Path Skew:        0.273ns (DCD - SCD - CPR)
    Destination Clock Delay (DCD):    -0.885ns
    Source Clock Delay      (SCD):    -0.651ns
    Clock Pessimism Removal (CPR):    -0.508ns

    Location             Delay type                Incr(ns)  Path(ns)    Netlist Resource(s)
  -------------------------------------------------------------------    -------------------
                         (clock clk_out1_xlnx_clk_gen rise edge)
                                                      0.000     0.000 r  
    K17                                               0.000     0.000 r  clk_sys (IN)
                         net (fo=0)                   0.000     0.000    i_xlnx_clk_gen/inst/clk_in1
    K17                  IBUF (Prop_ibuf_I_O)         0.243     0.243 r  i_xlnx_clk_gen/inst/clkin1_ibufg/O
                         net (fo=1, routed)           0.440     0.683    i_xlnx_clk_gen/inst/clk_in1_xlnx_clk_gen
    MMCME2_ADV_X1Y2      MMCME2_ADV (Prop_mmcme2_adv_CLKIN1_CLKOUT0)
                                                     -2.613    -1.930 r  i_xlnx_clk_gen/inst/mmcm_adv_inst/CLKOUT0
                         net (fo=1, routed)           0.696    -1.233    i_xlnx_clk_gen/inst/clk_out1_xlnx_clk_gen
    BUFGCTRL_X0Y16       BUFG (Prop_bufg_I_O)         0.026    -1.207 r  i_xlnx_clk_gen/inst/clkout1_buf/O
                         net (fo=15309, routed)       0.557    -0.651    i_ariane/i_cva6/gen_cache_hpd.i_cache_subsystem/i_dcache/i_hpdcache/gen_wbuf.hpdcache_wbuf_i/clk_out1
    SLICE_X46Y50         FDRE                                         r  i_ariane/i_cva6/gen_cache_hpd.i_cache_subsystem/i_dcache/i_hpdcache/gen_wbuf.hpdcache_wbuf_i/wbuf_data_q_reg[0][data][0][1]/C
  -------------------------------------------------------------------    -------------------
    SLICE_X46Y50         FDRE (Prop_fdre_C_Q)         0.164    -0.487 r  i_ariane/i_cva6/gen_cache_hpd.i_cache_subsystem/i_dcache/i_hpdcache/gen_wbuf.hpdcache_wbuf_i/wbuf_data_q_reg[0][data][0][1]/Q
                         net (fo=3, routed)           0.198    -0.288    i_ariane/i_cva6/gen_cache_hpd.i_cache_subsystem/i_dcache/i_hpdcache/gen_wbuf.hpdcache_wbuf_i/send_data_ptr_fifo_i/gen_spill_reg.a_data_q_reg[data][63]_2[1]
    SLICE_X45Y49         LUT6 (Prop_lut6_I2_O)        0.045    -0.243 r  i_ariane/i_cva6/gen_cache_hpd.i_cache_subsystem/i_dcache/i_hpdcache/gen_wbuf.hpdcache_wbuf_i/send_data_ptr_fifo_i/gen_spill_reg.a_data_q[data][33]_i_1__5/O
                         net (fo=1, routed)           0.000    -0.243    i_axi_xbar/i_xbar/gen_slv_port_demux[0].i_axi_demux/gen_demux.i_w_spill_reg/spill_register_flushable_i/gen_spill_reg.a_data_q_reg[data][63]_0[1]
    SLICE_X45Y49         FDCE                                         r  i_axi_xbar/i_xbar/gen_slv_port_demux[0].i_axi_demux/gen_demux.i_w_spill_reg/spill_register_flushable_i/gen_spill_reg.a_data_q_reg[data][33]/D
  -------------------------------------------------------------------    -------------------

                         (clock clk_out1_xlnx_clk_gen rise edge)
                                                      0.000     0.000 r  
    K17                                               0.000     0.000 r  clk_sys (IN)
                         net (fo=0)                   0.000     0.000    i_xlnx_clk_gen/inst/clk_in1
    K17                  IBUF (Prop_ibuf_I_O)         0.431     0.431 r  i_xlnx_clk_gen/inst/clkin1_ibufg/O
                         net (fo=1, routed)           0.480     0.911    i_xlnx_clk_gen/inst/clk_in1_xlnx_clk_gen
    MMCME2_ADV_X1Y2      MMCME2_ADV (Prop_mmcme2_adv_CLKIN1_CLKOUT0)
                                                     -3.407    -2.496 r  i_xlnx_clk_gen/inst/mmcm_adv_inst/CLKOUT0
                         net (fo=1, routed)           0.752    -1.744    i_xlnx_clk_gen/inst/clk_out1_xlnx_clk_gen
    BUFGCTRL_X0Y16       BUFG (Prop_bufg_I_O)         0.029    -1.715 r  i_xlnx_clk_gen/inst/clkout1_buf/O
                         net (fo=15309, routed)       0.830    -0.885    i_axi_xbar/i_xbar/gen_slv_port_demux[0].i_axi_demux/gen_demux.i_w_spill_reg/spill_register_flushable_i/clk_out1
    SLICE_X45Y49         FDCE                                         r  i_axi_xbar/i_xbar/gen_slv_port_demux[0].i_axi_demux/gen_demux.i_w_spill_reg/spill_register_flushable_i/gen_spill_reg.a_data_q_reg[data][33]/C
                         clock pessimism              0.508    -0.377    
    SLICE_X45Y49         FDCE (Hold_fdce_C_D)         0.091    -0.286    i_axi_xbar/i_xbar/gen_slv_port_demux[0].i_axi_demux/gen_demux.i_w_spill_reg/spill_register_flushable_i/gen_spill_reg.a_data_q_reg[data][33]
  -------------------------------------------------------------------
                         required time                          0.286    
                         arrival time                          -0.243    
  -------------------------------------------------------------------
                         slack                                  0.043    

Slack (MET) :             0.043ns  (arrival time - required time)
  Source:                 i_clint/mtime_q_reg[57]/C
                            (rising edge-triggered cell FDCE clocked by clk_out1_xlnx_clk_gen  {rise@0.000ns fall@15.625ns period=31.250ns})
  Destination:            i_axi_xbar/i_xbar/gen_mst_port_mux[7].i_axi_mux/gen_mux.i_r_spill_reg/spill_register_flushable_i/gen_spill_reg.a_data_q_reg[data][57]/D
                            (rising edge-triggered cell FDCE clocked by clk_out1_xlnx_clk_gen  {rise@0.000ns fall@15.625ns period=31.250ns})
  Path Group:             clk_out1_xlnx_clk_gen
  Path Type:              Hold (Min at Fast Process Corner)
  Requirement:            0.000ns  (clk_out1_xlnx_clk_gen rise@0.000ns - clk_out1_xlnx_clk_gen rise@0.000ns)
  Data Path Delay:        0.399ns  (logic 0.186ns (46.577%)  route 0.213ns (53.423%))
  Logic Levels:           1  (LUT6=1)
  Clock Path Skew:        0.265ns (DCD - SCD - CPR)
    Destination Clock Delay (DCD):    -0.895ns
    Source Clock Delay      (SCD):    -0.658ns
    Clock Pessimism Removal (CPR):    -0.503ns

    Location             Delay type                Incr(ns)  Path(ns)    Netlist Resource(s)
  -------------------------------------------------------------------    -------------------
                         (clock clk_out1_xlnx_clk_gen rise edge)
                                                      0.000     0.000 r  
    K17                                               0.000     0.000 r  clk_sys (IN)
                         net (fo=0)                   0.000     0.000    i_xlnx_clk_gen/inst/clk_in1
    K17                  IBUF (Prop_ibuf_I_O)         0.243     0.243 r  i_xlnx_clk_gen/inst/clkin1_ibufg/O
                         net (fo=1, routed)           0.440     0.683    i_xlnx_clk_gen/inst/clk_in1_xlnx_clk_gen
    MMCME2_ADV_X1Y2      MMCME2_ADV (Prop_mmcme2_adv_CLKIN1_CLKOUT0)
                                                     -2.613    -1.930 r  i_xlnx_clk_gen/inst/mmcm_adv_inst/CLKOUT0
                         net (fo=1, routed)           0.696    -1.233    i_xlnx_clk_gen/inst/clk_out1_xlnx_clk_gen
    BUFGCTRL_X0Y16       BUFG (Prop_bufg_I_O)         0.026    -1.207 r  i_xlnx_clk_gen/inst/clkout1_buf/O
                         net (fo=15309, routed)       0.550    -0.658    i_clint/clk_out1
    SLICE_X52Y19         FDCE                                         r  i_clint/mtime_q_reg[57]/C
  -------------------------------------------------------------------    -------------------
    SLICE_X52Y19         FDCE (Prop_fdce_C_Q)         0.141    -0.517 r  i_clint/mtime_q_reg[57]/Q
                         net (fo=4, routed)           0.213    -0.303    i_clint/axi_lite_interface_i/Q[57]
    SLICE_X49Y18         LUT6 (Prop_lut6_I5_O)        0.045    -0.258 r  i_clint/axi_lite_interface_i/gen_spill_reg.a_data_q[data][57]_i_1__7/O
                         net (fo=1, routed)           0.000    -0.258    i_axi_xbar/i_xbar/gen_mst_port_mux[7].i_axi_mux/gen_mux.i_r_spill_reg/spill_register_flushable_i/gen_spill_reg.a_data_q_reg[data][63]_0[57]
    SLICE_X49Y18         FDCE                                         r  i_axi_xbar/i_xbar/gen_mst_port_mux[7].i_axi_mux/gen_mux.i_r_spill_reg/spill_register_flushable_i/gen_spill_reg.a_data_q_reg[data][57]/D
  -------------------------------------------------------------------    -------------------

                         (clock clk_out1_xlnx_clk_gen rise edge)
                                                      0.000     0.000 r  
    K17                                               0.000     0.000 r  clk_sys (IN)
                         net (fo=0)                   0.000     0.000    i_xlnx_clk_gen/inst/clk_in1
    K17                  IBUF (Prop_ibuf_I_O)         0.431     0.431 r  i_xlnx_clk_gen/inst/clkin1_ibufg/O
                         net (fo=1, routed)           0.480     0.911    i_xlnx_clk_gen/inst/clk_in1_xlnx_clk_gen
    MMCME2_ADV_X1Y2      MMCME2_ADV (Prop_mmcme2_adv_CLKIN1_CLKOUT0)
                                                     -3.407    -2.496 r  i_xlnx_clk_gen/inst/mmcm_adv_inst/CLKOUT0
                         net (fo=1, routed)           0.752    -1.744    i_xlnx_clk_gen/inst/clk_out1_xlnx_clk_gen
    BUFGCTRL_X0Y16       BUFG (Prop_bufg_I_O)         0.029    -1.715 r  i_xlnx_clk_gen/inst/clkout1_buf/O
                         net (fo=15309, routed)       0.820    -0.895    i_axi_xbar/i_xbar/gen_mst_port_mux[7].i_axi_mux/gen_mux.i_r_spill_reg/spill_register_flushable_i/clk_out1
    SLICE_X49Y18         FDCE                                         r  i_axi_xbar/i_xbar/gen_mst_port_mux[7].i_axi_mux/gen_mux.i_r_spill_reg/spill_register_flushable_i/gen_spill_reg.a_data_q_reg[data][57]/C
                         clock pessimism              0.503    -0.392    
    SLICE_X49Y18         FDCE (Hold_fdce_C_D)         0.091    -0.301    i_axi_xbar/i_xbar/gen_mst_port_mux[7].i_axi_mux/gen_mux.i_r_spill_reg/spill_register_flushable_i/gen_spill_reg.a_data_q_reg[data][57]
  -------------------------------------------------------------------
                         required time                          0.301    
                         arrival time                          -0.258    
  -------------------------------------------------------------------
                         slack                                  0.043    

Slack (MET) :             0.044ns  (arrival time - required time)
  Source:                 i_clint/mtimecmp_q_reg[0][2]/C
                            (rising edge-triggered cell FDCE clocked by clk_out1_xlnx_clk_gen  {rise@0.000ns fall@15.625ns period=31.250ns})
  Destination:            i_axi_xbar/i_xbar/gen_mst_port_mux[7].i_axi_mux/gen_mux.i_r_spill_reg/spill_register_flushable_i/gen_spill_reg.a_data_q_reg[data][2]/D
                            (rising edge-triggered cell FDCE clocked by clk_out1_xlnx_clk_gen  {rise@0.000ns fall@15.625ns period=31.250ns})
  Path Group:             clk_out1_xlnx_clk_gen
  Path Type:              Hold (Min at Fast Process Corner)
  Requirement:            0.000ns  (clk_out1_xlnx_clk_gen rise@0.000ns - clk_out1_xlnx_clk_gen rise@0.000ns)
  Data Path Delay:        0.431ns  (logic 0.209ns (48.512%)  route 0.222ns (51.488%))
  Logic Levels:           1  (LUT4=1)
  Clock Path Skew:        0.266ns (DCD - SCD - CPR)
    Destination Clock Delay (DCD):    -0.888ns
    Source Clock Delay      (SCD):    -0.652ns
    Clock Pessimism Removal (CPR):    -0.503ns

    Location             Delay type                Incr(ns)  Path(ns)    Netlist Resource(s)
  -------------------------------------------------------------------    -------------------
                         (clock clk_out1_xlnx_clk_gen rise edge)
                                                      0.000     0.000 r  
    K17                                               0.000     0.000 r  clk_sys (IN)
                         net (fo=0)                   0.000     0.000    i_xlnx_clk_gen/inst/clk_in1
    K17                  IBUF (Prop_ibuf_I_O)         0.243     0.243 r  i_xlnx_clk_gen/inst/clkin1_ibufg/O
                         net (fo=1, routed)           0.440     0.683    i_xlnx_clk_gen/inst/clk_in1_xlnx_clk_gen
    MMCME2_ADV_X1Y2      MMCME2_ADV (Prop_mmcme2_adv_CLKIN1_CLKOUT0)
                                                     -2.613    -1.930 r  i_xlnx_clk_gen/inst/mmcm_adv_inst/CLKOUT0
                         net (fo=1, routed)           0.696    -1.233    i_xlnx_clk_gen/inst/clk_out1_xlnx_clk_gen
    BUFGCTRL_X0Y16       BUFG (Prop_bufg_I_O)         0.026    -1.207 r  i_xlnx_clk_gen/inst/clkout1_buf/O
                         net (fo=15309, routed)       0.556    -0.652    i_clint/clk_out1
    SLICE_X50Y10         FDCE                                         r  i_clint/mtimecmp_q_reg[0][2]/C
  -------------------------------------------------------------------    -------------------
    SLICE_X50Y10         FDCE (Prop_fdce_C_Q)         0.164    -0.488 r  i_clint/mtimecmp_q_reg[0][2]/Q
                         net (fo=3, routed)           0.222    -0.266    i_clint/axi_lite_interface_i/gen_spill_reg.a_data_q_reg[data][63][2]
    SLICE_X46Y10         LUT4 (Prop_lut4_I0_O)        0.045    -0.221 r  i_clint/axi_lite_interface_i/gen_spill_reg.a_data_q[data][2]_i_1__5/O
                         net (fo=1, routed)           0.000    -0.221    i_axi_xbar/i_xbar/gen_mst_port_mux[7].i_axi_mux/gen_mux.i_r_spill_reg/spill_register_flushable_i/gen_spill_reg.a_data_q_reg[data][63]_0[2]
    SLICE_X46Y10         FDCE                                         r  i_axi_xbar/i_xbar/gen_mst_port_mux[7].i_axi_mux/gen_mux.i_r_spill_reg/spill_register_flushable_i/gen_spill_reg.a_data_q_reg[data][2]/D
  -------------------------------------------------------------------    -------------------

                         (clock clk_out1_xlnx_clk_gen rise edge)
                                                      0.000     0.000 r  
    K17                                               0.000     0.000 r  clk_sys (IN)
                         net (fo=0)                   0.000     0.000    i_xlnx_clk_gen/inst/clk_in1
    K17                  IBUF (Prop_ibuf_I_O)         0.431     0.431 r  i_xlnx_clk_gen/inst/clkin1_ibufg/O
                         net (fo=1, routed)           0.480     0.911    i_xlnx_clk_gen/inst/clk_in1_xlnx_clk_gen
    MMCME2_ADV_X1Y2      MMCME2_ADV (Prop_mmcme2_adv_CLKIN1_CLKOUT0)
                                                     -3.407    -2.496 r  i_xlnx_clk_gen/inst/mmcm_adv_inst/CLKOUT0
                         net (fo=1, routed)           0.752    -1.744    i_xlnx_clk_gen/inst/clk_out1_xlnx_clk_gen
    BUFGCTRL_X0Y16       BUFG (Prop_bufg_I_O)         0.029    -1.715 r  i_xlnx_clk_gen/inst/clkout1_buf/O
                         net (fo=15309, routed)       0.827    -0.888    i_axi_xbar/i_xbar/gen_mst_port_mux[7].i_axi_mux/gen_mux.i_r_spill_reg/spill_register_flushable_i/clk_out1
    SLICE_X46Y10         FDCE                                         r  i_axi_xbar/i_xbar/gen_mst_port_mux[7].i_axi_mux/gen_mux.i_r_spill_reg/spill_register_flushable_i/gen_spill_reg.a_data_q_reg[data][2]/C
                         clock pessimism              0.503    -0.385    
    SLICE_X46Y10         FDCE (Hold_fdce_C_D)         0.120    -0.265    i_axi_xbar/i_xbar/gen_mst_port_mux[7].i_axi_mux/gen_mux.i_r_spill_reg/spill_register_flushable_i/gen_spill_reg.a_data_q_reg[data][2]
  -------------------------------------------------------------------
                         required time                          0.265    
                         arrival time                          -0.221    
  -------------------------------------------------------------------
                         slack                                  0.044    

Slack (MET) :             0.046ns  (arrival time - required time)
  Source:                 i_ariane/i_cva6/gen_cache_hpd.i_cache_subsystem/i_dcache/i_hpdcache/hpdcache_miss_handler_i/hpdcache_mshr_i/gen_mshr_wbyteenable.gen_mshr_regbank.mshr_mem/mem_reg[42]/C
                            (rising edge-triggered cell FDRE clocked by clk_out1_xlnx_clk_gen  {rise@0.000ns fall@15.625ns period=31.250ns})
  Destination:            i_ariane/i_cva6/gen_cache_hpd.i_cache_subsystem/i_dcache/i_hpdcache/hpdcache_miss_handler_i/hpdcache_mshr_i/gen_mshr_wbyteenable.gen_mshr_regbank.mshr_mem/rdata_reg[42]/D
                            (rising edge-triggered cell FDRE clocked by clk_out1_xlnx_clk_gen  {rise@0.000ns fall@15.625ns period=31.250ns})
  Path Group:             clk_out1_xlnx_clk_gen
  Path Type:              Hold (Min at Fast Process Corner)
  Requirement:            0.000ns  (clk_out1_xlnx_clk_gen rise@0.000ns - clk_out1_xlnx_clk_gen rise@0.000ns)
  Data Path Delay:        0.360ns  (logic 0.164ns (45.514%)  route 0.196ns (54.486%))
  Logic Levels:           0  
  Clock Path Skew:        0.262ns (DCD - SCD - CPR)
    Destination Clock Delay (DCD):    -0.867ns
    Source Clock Delay      (SCD):    -0.622ns
    Clock Pessimism Removal (CPR):    -0.508ns

    Location             Delay type                Incr(ns)  Path(ns)    Netlist Resource(s)
  -------------------------------------------------------------------    -------------------
                         (clock clk_out1_xlnx_clk_gen rise edge)
                                                      0.000     0.000 r  
    K17                                               0.000     0.000 r  clk_sys (IN)
                         net (fo=0)                   0.000     0.000    i_xlnx_clk_gen/inst/clk_in1
    K17                  IBUF (Prop_ibuf_I_O)         0.243     0.243 r  i_xlnx_clk_gen/inst/clkin1_ibufg/O
                         net (fo=1, routed)           0.440     0.683    i_xlnx_clk_gen/inst/clk_in1_xlnx_clk_gen
    MMCME2_ADV_X1Y2      MMCME2_ADV (Prop_mmcme2_adv_CLKIN1_CLKOUT0)
                                                     -2.613    -1.930 r  i_xlnx_clk_gen/inst/mmcm_adv_inst/CLKOUT0
                         net (fo=1, routed)           0.696    -1.233    i_xlnx_clk_gen/inst/clk_out1_xlnx_clk_gen
    BUFGCTRL_X0Y16       BUFG (Prop_bufg_I_O)         0.026    -1.207 r  i_xlnx_clk_gen/inst/clkout1_buf/O
                         net (fo=15309, routed)       0.586    -0.622    i_ariane/i_cva6/gen_cache_hpd.i_cache_subsystem/i_dcache/i_hpdcache/hpdcache_miss_handler_i/hpdcache_mshr_i/gen_mshr_wbyteenable.gen_mshr_regbank.mshr_mem/clk_out1
    SLICE_X62Y48         FDRE                                         r  i_ariane/i_cva6/gen_cache_hpd.i_cache_subsystem/i_dcache/i_hpdcache/hpdcache_miss_handler_i/hpdcache_mshr_i/gen_mshr_wbyteenable.gen_mshr_regbank.mshr_mem/mem_reg[42]/C
  -------------------------------------------------------------------    -------------------
    SLICE_X62Y48         FDRE (Prop_fdre_C_Q)         0.164    -0.458 r  i_ariane/i_cva6/gen_cache_hpd.i_cache_subsystem/i_dcache/i_hpdcache/hpdcache_miss_handler_i/hpdcache_mshr_i/gen_mshr_wbyteenable.gen_mshr_regbank.mshr_mem/mem_reg[42]/Q
                         net (fo=1, routed)           0.196    -0.261    i_ariane/i_cva6/gen_cache_hpd.i_cache_subsystem/i_dcache/i_hpdcache/hpdcache_miss_handler_i/hpdcache_mshr_i/gen_mshr_wbyteenable.gen_mshr_regbank.mshr_mem/mem[42]
    SLICE_X62Y53         FDRE                                         r  i_ariane/i_cva6/gen_cache_hpd.i_cache_subsystem/i_dcache/i_hpdcache/hpdcache_miss_handler_i/hpdcache_mshr_i/gen_mshr_wbyteenable.gen_mshr_regbank.mshr_mem/rdata_reg[42]/D
  -------------------------------------------------------------------    -------------------

                         (clock clk_out1_xlnx_clk_gen rise edge)
                                                      0.000     0.000 r  
    K17                                               0.000     0.000 r  clk_sys (IN)
                         net (fo=0)                   0.000     0.000    i_xlnx_clk_gen/inst/clk_in1
    K17                  IBUF (Prop_ibuf_I_O)         0.431     0.431 r  i_xlnx_clk_gen/inst/clkin1_ibufg/O
                         net (fo=1, routed)           0.480     0.911    i_xlnx_clk_gen/inst/clk_in1_xlnx_clk_gen
    MMCME2_ADV_X1Y2      MMCME2_ADV (Prop_mmcme2_adv_CLKIN1_CLKOUT0)
                                                     -3.407    -2.496 r  i_xlnx_clk_gen/inst/mmcm_adv_inst/CLKOUT0
                         net (fo=1, routed)           0.752    -1.744    i_xlnx_clk_gen/inst/clk_out1_xlnx_clk_gen
    BUFGCTRL_X0Y16       BUFG (Prop_bufg_I_O)         0.029    -1.715 r  i_xlnx_clk_gen/inst/clkout1_buf/O
                         net (fo=15309, routed)       0.848    -0.867    i_ariane/i_cva6/gen_cache_hpd.i_cache_subsystem/i_dcache/i_hpdcache/hpdcache_miss_handler_i/hpdcache_mshr_i/gen_mshr_wbyteenable.gen_mshr_regbank.mshr_mem/clk_out1
    SLICE_X62Y53         FDRE                                         r  i_ariane/i_cva6/gen_cache_hpd.i_cache_subsystem/i_dcache/i_hpdcache/hpdcache_miss_handler_i/hpdcache_mshr_i/gen_mshr_wbyteenable.gen_mshr_regbank.mshr_mem/rdata_reg[42]/C
                         clock pessimism              0.508    -0.359    
    SLICE_X62Y53         FDRE (Hold_fdre_C_D)         0.052    -0.307    i_ariane/i_cva6/gen_cache_hpd.i_cache_subsystem/i_dcache/i_hpdcache/hpdcache_miss_handler_i/hpdcache_mshr_i/gen_mshr_wbyteenable.gen_mshr_regbank.mshr_mem/rdata_reg[42]
  -------------------------------------------------------------------
                         required time                          0.307    
                         arrival time                          -0.261    
  -------------------------------------------------------------------
                         slack                                  0.046    





Pulse Width Checks
--------------------------------------------------------------------------------------
Clock Name:         clk_out1_xlnx_clk_gen
Waveform(ns):       { 0.000 15.625 }
Period(ns):         31.250
Sources:            { i_xlnx_clk_gen/inst/mmcm_adv_inst/CLKOUT0 }

Check Type        Corner  Lib Pin             Reference Pin  Required(ns)  Actual(ns)  Slack(ns)  Location         Pin
Min Period        n/a     RAMB36E1/CLKARDCLK  n/a            2.944         31.250      28.306     RAMB36_X2Y12     i_ariane/i_cva6/gen_cache_hpd.i_cache_subsystem/i_cva6_icache/gen_sram[0].data_sram/data_sram/gen_cut[0].i_tc_sram_wrapper/i_ram/Mem_DP_reg/CLKARDCLK
Min Period        n/a     RAMB36E1/CLKBWRCLK  n/a            2.944         31.250      28.306     RAMB36_X2Y12     i_ariane/i_cva6/gen_cache_hpd.i_cache_subsystem/i_cva6_icache/gen_sram[0].data_sram/data_sram/gen_cut[0].i_tc_sram_wrapper/i_ram/Mem_DP_reg/CLKBWRCLK
Min Period        n/a     RAMB36E1/CLKARDCLK  n/a            2.944         31.250      28.306     RAMB36_X2Y10     i_ariane/i_cva6/gen_cache_hpd.i_cache_subsystem/i_cva6_icache/gen_sram[0].data_sram/data_sram/gen_cut[1].i_tc_sram_wrapper/i_ram/Mem_DP_reg/CLKARDCLK
Min Period        n/a     RAMB36E1/CLKBWRCLK  n/a            2.944         31.250      28.306     RAMB36_X2Y10     i_ariane/i_cva6/gen_cache_hpd.i_cache_subsystem/i_cva6_icache/gen_sram[0].data_sram/data_sram/gen_cut[1].i_tc_sram_wrapper/i_ram/Mem_DP_reg/CLKBWRCLK
Min Period        n/a     RAMB36E1/CLKARDCLK  n/a            2.944         31.250      28.306     RAMB36_X4Y11     i_ariane/i_cva6/gen_cache_hpd.i_cache_subsystem/i_cva6_icache/gen_sram[0].tag_sram/data_sram/gen_cut[0].i_tc_sram_wrapper/i_ram/Mem_DP_reg/CLKARDCLK
Min Period        n/a     RAMB36E1/CLKBWRCLK  n/a            2.944         31.250      28.306     RAMB36_X4Y11     i_ariane/i_cva6/gen_cache_hpd.i_cache_subsystem/i_cva6_icache/gen_sram[0].tag_sram/data_sram/gen_cut[0].i_tc_sram_wrapper/i_ram/Mem_DP_reg/CLKBWRCLK
Min Period        n/a     RAMB36E1/CLKARDCLK  n/a            2.944         31.250      28.306     RAMB36_X2Y13     i_ariane/i_cva6/gen_cache_hpd.i_cache_subsystem/i_cva6_icache/gen_sram[1].data_sram/data_sram/gen_cut[0].i_tc_sram_wrapper/i_ram/Mem_DP_reg/CLKARDCLK
Min Period        n/a     RAMB36E1/CLKBWRCLK  n/a            2.944         31.250      28.306     RAMB36_X2Y13     i_ariane/i_cva6/gen_cache_hpd.i_cache_subsystem/i_cva6_icache/gen_sram[1].data_sram/data_sram/gen_cut[0].i_tc_sram_wrapper/i_ram/Mem_DP_reg/CLKBWRCLK
Min Period        n/a     RAMB36E1/CLKARDCLK  n/a            2.944         31.250      28.306     RAMB36_X2Y11     i_ariane/i_cva6/gen_cache_hpd.i_cache_subsystem/i_cva6_icache/gen_sram[1].data_sram/data_sram/gen_cut[1].i_tc_sram_wrapper/i_ram/Mem_DP_reg/CLKARDCLK
Min Period        n/a     RAMB36E1/CLKBWRCLK  n/a            2.944         31.250      28.306     RAMB36_X2Y11     i_ariane/i_cva6/gen_cache_hpd.i_cache_subsystem/i_cva6_icache/gen_sram[1].data_sram/data_sram/gen_cut[1].i_tc_sram_wrapper/i_ram/Mem_DP_reg/CLKBWRCLK
Max Period        n/a     MMCME2_ADV/CLKOUT0  n/a            213.360       31.250      182.110    MMCME2_ADV_X1Y2  i_xlnx_clk_gen/inst/mmcm_adv_inst/CLKOUT0
Low Pulse Width   Slow    RAMD64E/CLK         n/a            1.250         15.625      14.375     SLICE_X50Y59     bht_gen.i_bht/gen_fpga_bht.gen_bht_ram[0].i_bht_ram/mem_reg_r1_0_63_0_2/RAMA/CLK
Low Pulse Width   Fast    RAMD64E/CLK         n/a            1.250         15.625      14.375     SLICE_X50Y59     bht_gen.i_bht/gen_fpga_bht.gen_bht_ram[0].i_bht_ram/mem_reg_r1_0_63_0_2/RAMA/CLK
Low Pulse Width   Slow    RAMD64E/CLK         n/a            1.250         15.625      14.375     SLICE_X50Y59     bht_gen.i_bht/gen_fpga_bht.gen_bht_ram[0].i_bht_ram/mem_reg_r1_0_63_0_2/RAMB/CLK
Low Pulse Width   Fast    RAMD64E/CLK         n/a            1.250         15.625      14.375     SLICE_X50Y59     bht_gen.i_bht/gen_fpga_bht.gen_bht_ram[0].i_bht_ram/mem_reg_r1_0_63_0_2/RAMB/CLK
Low Pulse Width   Slow    RAMD64E/CLK         n/a            1.250         15.625      14.375     SLICE_X50Y59     bht_gen.i_bht/gen_fpga_bht.gen_bht_ram[0].i_bht_ram/mem_reg_r1_0_63_0_2/RAMC/CLK
Low Pulse Width   Fast    RAMD64E/CLK         n/a            1.250         15.625      14.375     SLICE_X50Y59     bht_gen.i_bht/gen_fpga_bht.gen_bht_ram[0].i_bht_ram/mem_reg_r1_0_63_0_2/RAMC/CLK
Low Pulse Width   Slow    RAMD64E/CLK         n/a            1.250         15.625      14.375     SLICE_X50Y59     bht_gen.i_bht/gen_fpga_bht.gen_bht_ram[0].i_bht_ram/mem_reg_r1_0_63_0_2/RAMD/CLK
Low Pulse Width   Fast    RAMD64E/CLK         n/a            1.250         15.625      14.375     SLICE_X50Y59     bht_gen.i_bht/gen_fpga_bht.gen_bht_ram[0].i_bht_ram/mem_reg_r1_0_63_0_2/RAMD/CLK
Low Pulse Width   Slow    RAMD64E/CLK         n/a            1.250         15.625      14.375     SLICE_X50Y60     bht_gen.i_bht/gen_fpga_bht.gen_bht_ram[0].i_bht_ram/mem_reg_r1_64_127_0_2/RAMA/CLK
Low Pulse Width   Fast    RAMD64E/CLK         n/a            1.250         15.625      14.375     SLICE_X50Y60     bht_gen.i_bht/gen_fpga_bht.gen_bht_ram[0].i_bht_ram/mem_reg_r1_64_127_0_2/RAMA/CLK
High Pulse Width  Slow    RAMD64E/CLK         n/a            1.250         15.625      14.375     SLICE_X50Y59     bht_gen.i_bht/gen_fpga_bht.gen_bht_ram[0].i_bht_ram/mem_reg_r1_0_63_0_2/RAMA/CLK
High Pulse Width  Fast    RAMD64E/CLK         n/a            1.250         15.625      14.375     SLICE_X50Y59     bht_gen.i_bht/gen_fpga_bht.gen_bht_ram[0].i_bht_ram/mem_reg_r1_0_63_0_2/RAMA/CLK
High Pulse Width  Slow    RAMD64E/CLK         n/a            1.250         15.625      14.375     SLICE_X50Y59     bht_gen.i_bht/gen_fpga_bht.gen_bht_ram[0].i_bht_ram/mem_reg_r1_0_63_0_2/RAMB/CLK
High Pulse Width  Fast    RAMD64E/CLK         n/a            1.250         15.625      14.375     SLICE_X50Y59     bht_gen.i_bht/gen_fpga_bht.gen_bht_ram[0].i_bht_ram/mem_reg_r1_0_63_0_2/RAMB/CLK
High Pulse Width  Slow    RAMD64E/CLK         n/a            1.250         15.625      14.375     SLICE_X50Y59     bht_gen.i_bht/gen_fpga_bht.gen_bht_ram[0].i_bht_ram/mem_reg_r1_0_63_0_2/RAMC/CLK
High Pulse Width  Fast    RAMD64E/CLK         n/a            1.250         15.625      14.375     SLICE_X50Y59     bht_gen.i_bht/gen_fpga_bht.gen_bht_ram[0].i_bht_ram/mem_reg_r1_0_63_0_2/RAMC/CLK
High Pulse Width  Slow    RAMD64E/CLK         n/a            1.250         15.625      14.375     SLICE_X50Y59     bht_gen.i_bht/gen_fpga_bht.gen_bht_ram[0].i_bht_ram/mem_reg_r1_0_63_0_2/RAMD/CLK
High Pulse Width  Fast    RAMD64E/CLK         n/a            1.250         15.625      14.375     SLICE_X50Y59     bht_gen.i_bht/gen_fpga_bht.gen_bht_ram[0].i_bht_ram/mem_reg_r1_0_63_0_2/RAMD/CLK
High Pulse Width  Slow    RAMD64E/CLK         n/a            1.250         15.625      14.375     SLICE_X50Y60     bht_gen.i_bht/gen_fpga_bht.gen_bht_ram[0].i_bht_ram/mem_reg_r1_64_127_0_2/RAMA/CLK
High Pulse Width  Fast    RAMD64E/CLK         n/a            1.250         15.625      14.375     SLICE_X50Y60     bht_gen.i_bht/gen_fpga_bht.gen_bht_ram[0].i_bht_ram/mem_reg_r1_64_127_0_2/RAMA/CLK



---------------------------------------------------------------------------------------------------
From Clock:  clkfbout_xlnx_clk_gen
  To Clock:  clkfbout_xlnx_clk_gen

Setup :           NA  Failing Endpoints,  Worst Slack           NA  ,  Total Violation           NA
Hold  :           NA  Failing Endpoints,  Worst Slack           NA  ,  Total Violation           NA
PW    :            0  Failing Endpoints,  Worst Slack        5.845ns,  Total Violation        0.000ns
---------------------------------------------------------------------------------------------------


Pulse Width Checks
--------------------------------------------------------------------------------------
Clock Name:         clkfbout_xlnx_clk_gen
Waveform(ns):       { 0.000 4.000 }
Period(ns):         8.000
Sources:            { i_xlnx_clk_gen/inst/mmcm_adv_inst/CLKFBOUT }

Check Type  Corner  Lib Pin              Reference Pin  Required(ns)  Actual(ns)  Slack(ns)  Location         Pin
Min Period  n/a     BUFG/I               n/a            2.155         8.000       5.845      BUFGCTRL_X0Y17   i_xlnx_clk_gen/inst/clkf_buf/I
Min Period  n/a     MMCME2_ADV/CLKFBOUT  n/a            1.249         8.000       6.751      MMCME2_ADV_X1Y2  i_xlnx_clk_gen/inst/mmcm_adv_inst/CLKFBOUT
Min Period  n/a     MMCME2_ADV/CLKFBIN   n/a            1.249         8.000       6.751      MMCME2_ADV_X1Y2  i_xlnx_clk_gen/inst/mmcm_adv_inst/CLKFBIN
Max Period  n/a     MMCME2_ADV/CLKFBIN   n/a            100.000       8.000       92.000     MMCME2_ADV_X1Y2  i_xlnx_clk_gen/inst/mmcm_adv_inst/CLKFBIN
Max Period  n/a     MMCME2_ADV/CLKFBOUT  n/a            213.360       8.000       205.360    MMCME2_ADV_X1Y2  i_xlnx_clk_gen/inst/mmcm_adv_inst/CLKFBOUT



---------------------------------------------------------------------------------------------------
From Clock:  tck
  To Clock:  tck

Setup :            0  Failing Endpoints,  Worst Slack        1.571ns,  Total Violation        0.000ns
Hold  :            0  Failing Endpoints,  Worst Slack        0.117ns,  Total Violation        0.000ns
PW    :            0  Failing Endpoints,  Worst Slack       62.000ns,  Total Violation        0.000ns
---------------------------------------------------------------------------------------------------


Max Delay Paths
--------------------------------------------------------------------------------------
Slack (MET) :             1.571ns  (required time - arrival time)
  Source:                 i_dmi_jtag/i_dmi_jtag_tap/td_o_reg/C
                            (falling edge-triggered cell FDCE clocked by tck  {rise@0.000ns fall@62.500ns period=125.000ns})
  Destination:            tdo
                            (output port clocked by tck  {rise@0.000ns fall@62.500ns period=125.000ns})
  Path Group:             tck
  Path Type:              Max at Slow Process Corner
  Requirement:            20.000ns  (MaxDelay Path 20.000ns)
  Data Path Delay:        5.606ns  (logic 4.080ns (72.787%)  route 1.526ns (27.213%))
  Logic Levels:           1  (OBUF=1)
  Output Delay:           5.000ns
  Clock Path Skew:        -7.321ns (DCD - SCD + CPR)
    Destination Clock Delay (DCD):    0.000ns
    Source Clock Delay      (SCD):    7.321ns
    Clock Pessimism Removal (CPR):    0.000ns
  Clock Uncertainty:      0.501ns  ((TSJ^2 + TIJ^2)^1/2 + DJ) / 2 + PE
    Total System Jitter     (TSJ):    0.071ns
    Total Input Jitter      (TIJ):    1.000ns
    Discrete Jitter          (DJ):    0.000ns
    Phase Error              (PE):    0.000ns
  Timing Exception:       MaxDelay Path 20.000ns

    Location             Delay type                Incr(ns)  Path(ns)    Netlist Resource(s)
  -------------------------------------------------------------------    -------------------
                         (clock tck fall edge)        0.000     0.000 f  
    H15                                               0.000     0.000 f  tck (IN)
                         net (fo=0)                   0.000     0.000    tck
    H15                  IBUF (Prop_ibuf_I_O)         1.500     1.500 f  tck_IBUF_inst/O
                         net (fo=1, routed)           3.659     5.159    tck_IBUF
    BUFGCTRL_X0Y0        BUFG (Prop_bufg_I_O)         0.101     5.260 f  tck_IBUF_BUFG_inst/O
                         net (fo=258, routed)         2.061     7.321    i_dmi_jtag/i_dmi_jtag_tap/tck_ni
    SLICE_X112Y100       FDCE                                         r  i_dmi_jtag/i_dmi_jtag_tap/td_o_reg/C  (IS_INVERTED)
  -------------------------------------------------------------------    -------------------
    SLICE_X112Y100       FDCE (Prop_fdce_C_Q)         0.524     7.845 r  i_dmi_jtag/i_dmi_jtag_tap/td_o_reg/Q
                         net (fo=1, routed)           1.526     9.371    tdo_OBUF
    J15                  OBUF (Prop_obuf_I_O)         3.556    12.927 r  tdo_OBUF_inst/O
                         net (fo=0)                   0.000    12.927    tdo
    J15                                                               r  tdo (OUT)
  -------------------------------------------------------------------    -------------------

                         max delay                   20.000    20.000    
                         clock pessimism              0.000    20.000    
                         clock uncertainty           -0.501    19.499    
                         output delay                -5.000    14.499    
  -------------------------------------------------------------------
                         required time                         14.499    
                         arrival time                         -12.927    
  -------------------------------------------------------------------
                         slack                                  1.571    

Slack (MET) :             14.925ns  (required time - arrival time)
  Source:                 tms
                            (input port clocked by tck  {rise@0.000ns fall@62.500ns period=125.000ns})
  Destination:            i_dmi_jtag/i_dmi_jtag_tap/FSM_onehot_tap_state_q_reg[11]/D
                            (rising edge-triggered cell FDCE clocked by tck  {rise@0.000ns fall@62.500ns period=125.000ns})
  Path Group:             tck
  Path Type:              Setup (Max at Fast Process Corner)
  Requirement:            20.000ns  (MaxDelay Path 20.000ns)
  Data Path Delay:        2.035ns  (logic 0.558ns (27.423%)  route 1.477ns (72.577%))
  Logic Levels:           2  (IBUF=1 LUT4=1)
  Input Delay:            5.000ns
  Clock Path Skew:        2.449ns (DCD - SCD + CPR)
    Destination Clock Delay (DCD):    2.449ns
    Source Clock Delay      (SCD):    0.000ns
    Clock Pessimism Removal (CPR):    0.000ns
  Clock Uncertainty:      0.501ns  ((TSJ^2 + TIJ^2)^1/2 + DJ) / 2 + PE
    Total System Jitter     (TSJ):    0.071ns
    Total Input Jitter      (TIJ):    1.000ns
    Discrete Jitter          (DJ):    0.000ns
    Phase Error              (PE):    0.000ns
  Timing Exception:       MaxDelay Path 20.000ns

    Location             Delay type                Incr(ns)  Path(ns)    Netlist Resource(s)
  -------------------------------------------------------------------    -------------------
                         (clock tck fall edge)        0.000     0.000 f  
                         input delay                  5.000     5.000    
    V12                                               0.000     5.000 f  tms (IN)
                         net (fo=0)                   0.000     5.000    tms
    V12                  IBUF (Prop_ibuf_I_O)         0.502     5.502 f  tms_IBUF_inst/O
                         net (fo=16, routed)          1.477     6.979    i_dmi_jtag/i_dmi_jtag_tap/tms_IBUF
    SLICE_X106Y43        LUT4 (Prop_lut4_I2_O)        0.056     7.035 r  i_dmi_jtag/i_dmi_jtag_tap/FSM_onehot_tap_state_q[11]_i_1/O
                         net (fo=1, routed)           0.000     7.035    i_dmi_jtag/i_dmi_jtag_tap/FSM_onehot_tap_state_q[11]_i_1_n_0
    SLICE_X106Y43        FDCE                                         r  i_dmi_jtag/i_dmi_jtag_tap/FSM_onehot_tap_state_q_reg[11]/D
  -------------------------------------------------------------------    -------------------

                         max delay                   20.000    20.000    
    H15                                               0.000    20.000 r  tck (IN)
                         net (fo=0)                   0.000    20.000    tck
    H15                  IBUF (Prop_ibuf_I_O)         0.268    20.268 r  tck_IBUF_inst/O
                         net (fo=1, routed)           1.516    21.784    tck_IBUF
    BUFGCTRL_X0Y0        BUFG (Prop_bufg_I_O)         0.026    21.810 r  tck_IBUF_BUFG_inst/O
                         net (fo=258, routed)         0.639    22.449    i_dmi_jtag/i_dmi_jtag_tap/CLK
    SLICE_X106Y43        FDCE                                         r  i_dmi_jtag/i_dmi_jtag_tap/FSM_onehot_tap_state_q_reg[11]/C
                         clock pessimism              0.000    22.449    
                         clock uncertainty           -0.501    21.947    
    SLICE_X106Y43        FDCE (Setup_fdce_C_D)        0.013    21.960    i_dmi_jtag/i_dmi_jtag_tap/FSM_onehot_tap_state_q_reg[11]
  -------------------------------------------------------------------
                         required time                         21.960    
                         arrival time                          -7.035    
  -------------------------------------------------------------------
                         slack                                 14.925    

Slack (MET) :             14.949ns  (required time - arrival time)
  Source:                 tms
                            (input port clocked by tck  {rise@0.000ns fall@62.500ns period=125.000ns})
  Destination:            i_dmi_jtag/i_dmi_jtag_tap/FSM_onehot_tap_state_q_reg[12]/D
                            (rising edge-triggered cell FDCE clocked by tck  {rise@0.000ns fall@62.500ns period=125.000ns})
  Path Group:             tck
  Path Type:              Setup (Max at Fast Process Corner)
  Requirement:            20.000ns  (MaxDelay Path 20.000ns)
  Data Path Delay:        2.034ns  (logic 0.557ns (27.387%)  route 1.477ns (72.613%))
  Logic Levels:           2  (IBUF=1 LUT3=1)
  Input Delay:            5.000ns
  Clock Path Skew:        2.449ns (DCD - SCD + CPR)
    Destination Clock Delay (DCD):    2.449ns
    Source Clock Delay      (SCD):    0.000ns
    Clock Pessimism Removal (CPR):    0.000ns
  Clock Uncertainty:      0.501ns  ((TSJ^2 + TIJ^2)^1/2 + DJ) / 2 + PE
    Total System Jitter     (TSJ):    0.071ns
    Total Input Jitter      (TIJ):    1.000ns
    Discrete Jitter          (DJ):    0.000ns
    Phase Error              (PE):    0.000ns
  Timing Exception:       MaxDelay Path 20.000ns

    Location             Delay type                Incr(ns)  Path(ns)    Netlist Resource(s)
  -------------------------------------------------------------------    -------------------
                         (clock tck fall edge)        0.000     0.000 f  
                         input delay                  5.000     5.000    
    V12                                               0.000     5.000 r  tms (IN)
                         net (fo=0)                   0.000     5.000    tms
    V12                  IBUF (Prop_ibuf_I_O)         0.502     5.502 r  tms_IBUF_inst/O
                         net (fo=16, routed)          1.477     6.979    i_dmi_jtag/i_dmi_jtag_tap/tms_IBUF
    SLICE_X106Y43        LUT3 (Prop_lut3_I2_O)        0.055     7.034 r  i_dmi_jtag/i_dmi_jtag_tap/FSM_onehot_tap_state_q[12]_i_1/O
                         net (fo=1, routed)           0.000     7.034    i_dmi_jtag/i_dmi_jtag_tap/FSM_onehot_tap_state_q[12]_i_1_n_0
    SLICE_X106Y43        FDCE                                         r  i_dmi_jtag/i_dmi_jtag_tap/FSM_onehot_tap_state_q_reg[12]/D
  -------------------------------------------------------------------    -------------------

                         max delay                   20.000    20.000    
    H15                                               0.000    20.000 r  tck (IN)
                         net (fo=0)                   0.000    20.000    tck
    H15                  IBUF (Prop_ibuf_I_O)         0.268    20.268 r  tck_IBUF_inst/O
                         net (fo=1, routed)           1.516    21.784    tck_IBUF
    BUFGCTRL_X0Y0        BUFG (Prop_bufg_I_O)         0.026    21.810 r  tck_IBUF_BUFG_inst/O
                         net (fo=258, routed)         0.639    22.449    i_dmi_jtag/i_dmi_jtag_tap/CLK
    SLICE_X106Y43        FDCE                                         r  i_dmi_jtag/i_dmi_jtag_tap/FSM_onehot_tap_state_q_reg[12]/C
                         clock pessimism              0.000    22.449    
                         clock uncertainty           -0.501    21.947    
    SLICE_X106Y43        FDCE (Setup_fdce_C_D)        0.036    21.983    i_dmi_jtag/i_dmi_jtag_tap/FSM_onehot_tap_state_q_reg[12]
  -------------------------------------------------------------------
                         required time                         21.983    
                         arrival time                          -7.034    
  -------------------------------------------------------------------
                         slack                                 14.949    

Slack (MET) :             15.002ns  (required time - arrival time)
  Source:                 tms
                            (input port clocked by tck  {rise@0.000ns fall@62.500ns period=125.000ns})
  Destination:            i_dmi_jtag/i_dmi_jtag_tap/FSM_onehot_tap_state_q_reg[13]/D
                            (rising edge-triggered cell FDCE clocked by tck  {rise@0.000ns fall@62.500ns period=125.000ns})
  Path Group:             tck
  Path Type:              Setup (Max at Fast Process Corner)
  Requirement:            20.000ns  (MaxDelay Path 20.000ns)
  Data Path Delay:        1.959ns  (logic 0.558ns (28.487%)  route 1.401ns (71.513%))
  Logic Levels:           2  (IBUF=1 LUT3=1)
  Input Delay:            5.000ns
  Clock Path Skew:        2.449ns (DCD - SCD + CPR)
    Destination Clock Delay (DCD):    2.449ns
    Source Clock Delay      (SCD):    0.000ns
    Clock Pessimism Removal (CPR):    0.000ns
  Clock Uncertainty:      0.501ns  ((TSJ^2 + TIJ^2)^1/2 + DJ) / 2 + PE
    Total System Jitter     (TSJ):    0.071ns
    Total Input Jitter      (TIJ):    1.000ns
    Discrete Jitter          (DJ):    0.000ns
    Phase Error              (PE):    0.000ns
  Timing Exception:       MaxDelay Path 20.000ns

    Location             Delay type                Incr(ns)  Path(ns)    Netlist Resource(s)
  -------------------------------------------------------------------    -------------------
                         (clock tck fall edge)        0.000     0.000 f  
                         input delay                  5.000     5.000    
    V12                                               0.000     5.000 f  tms (IN)
                         net (fo=0)                   0.000     5.000    tms
    V12                  IBUF (Prop_ibuf_I_O)         0.502     5.502 f  tms_IBUF_inst/O
                         net (fo=16, routed)          1.401     6.903    i_dmi_jtag/i_dmi_jtag_tap/tms_IBUF
    SLICE_X106Y43        LUT3 (Prop_lut3_I1_O)        0.056     6.959 r  i_dmi_jtag/i_dmi_jtag_tap/FSM_onehot_tap_state_q[13]_i_1/O
                         net (fo=1, routed)           0.000     6.959    i_dmi_jtag/i_dmi_jtag_tap/FSM_onehot_tap_state_q[13]_i_1_n_0
    SLICE_X106Y43        FDCE                                         r  i_dmi_jtag/i_dmi_jtag_tap/FSM_onehot_tap_state_q_reg[13]/D
  -------------------------------------------------------------------    -------------------

                         max delay                   20.000    20.000    
    H15                                               0.000    20.000 r  tck (IN)
                         net (fo=0)                   0.000    20.000    tck
    H15                  IBUF (Prop_ibuf_I_O)         0.268    20.268 r  tck_IBUF_inst/O
                         net (fo=1, routed)           1.516    21.784    tck_IBUF
    BUFGCTRL_X0Y0        BUFG (Prop_bufg_I_O)         0.026    21.810 r  tck_IBUF_BUFG_inst/O
                         net (fo=258, routed)         0.639    22.449    i_dmi_jtag/i_dmi_jtag_tap/CLK
    SLICE_X106Y43        FDCE                                         r  i_dmi_jtag/i_dmi_jtag_tap/FSM_onehot_tap_state_q_reg[13]/C
                         clock pessimism              0.000    22.449    
                         clock uncertainty           -0.501    21.947    
    SLICE_X106Y43        FDCE (Setup_fdce_C_D)        0.014    21.961    i_dmi_jtag/i_dmi_jtag_tap/FSM_onehot_tap_state_q_reg[13]
  -------------------------------------------------------------------
                         required time                         21.961    
                         arrival time                          -6.959    
  -------------------------------------------------------------------
                         slack                                 15.002    

Slack (MET) :             15.004ns  (required time - arrival time)
  Source:                 tms
                            (input port clocked by tck  {rise@0.000ns fall@62.500ns period=125.000ns})
  Destination:            i_dmi_jtag/i_dmi_jtag_tap/FSM_onehot_tap_state_q_reg[14]/D
                            (rising edge-triggered cell FDCE clocked by tck  {rise@0.000ns fall@62.500ns period=125.000ns})
  Path Group:             tck
  Path Type:              Setup (Max at Fast Process Corner)
  Requirement:            20.000ns  (MaxDelay Path 20.000ns)
  Data Path Delay:        1.957ns  (logic 0.558ns (28.515%)  route 1.399ns (71.486%))
  Logic Levels:           2  (IBUF=1 LUT2=1)
  Input Delay:            5.000ns
  Clock Path Skew:        2.449ns (DCD - SCD + CPR)
    Destination Clock Delay (DCD):    2.449ns
    Source Clock Delay      (SCD):    0.000ns
    Clock Pessimism Removal (CPR):    0.000ns
  Clock Uncertainty:      0.501ns  ((TSJ^2 + TIJ^2)^1/2 + DJ) / 2 + PE
    Total System Jitter     (TSJ):    0.071ns
    Total Input Jitter      (TIJ):    1.000ns
    Discrete Jitter          (DJ):    0.000ns
    Phase Error              (PE):    0.000ns
  Timing Exception:       MaxDelay Path 20.000ns

    Location             Delay type                Incr(ns)  Path(ns)    Netlist Resource(s)
  -------------------------------------------------------------------    -------------------
                         (clock tck fall edge)        0.000     0.000 f  
                         input delay                  5.000     5.000    
    V12                                               0.000     5.000 r  tms (IN)
                         net (fo=0)                   0.000     5.000    tms
    V12                  IBUF (Prop_ibuf_I_O)         0.502     5.502 r  tms_IBUF_inst/O
                         net (fo=16, routed)          1.399     6.901    i_dmi_jtag/i_dmi_jtag_tap/tms_IBUF
    SLICE_X106Y43        LUT2 (Prop_lut2_I1_O)        0.056     6.957 r  i_dmi_jtag/i_dmi_jtag_tap/FSM_onehot_tap_state_q[14]_i_1/O
                         net (fo=1, routed)           0.000     6.957    i_dmi_jtag/i_dmi_jtag_tap/FSM_onehot_tap_state_q[14]_i_1_n_0
    SLICE_X106Y43        FDCE                                         r  i_dmi_jtag/i_dmi_jtag_tap/FSM_onehot_tap_state_q_reg[14]/D
  -------------------------------------------------------------------    -------------------

                         max delay                   20.000    20.000    
    H15                                               0.000    20.000 r  tck (IN)
                         net (fo=0)                   0.000    20.000    tck
    H15                  IBUF (Prop_ibuf_I_O)         0.268    20.268 r  tck_IBUF_inst/O
                         net (fo=1, routed)           1.516    21.784    tck_IBUF
    BUFGCTRL_X0Y0        BUFG (Prop_bufg_I_O)         0.026    21.810 r  tck_IBUF_BUFG_inst/O
                         net (fo=258, routed)         0.639    22.449    i_dmi_jtag/i_dmi_jtag_tap/CLK
    SLICE_X106Y43        FDCE                                         r  i_dmi_jtag/i_dmi_jtag_tap/FSM_onehot_tap_state_q_reg[14]/C
                         clock pessimism              0.000    22.449    
                         clock uncertainty           -0.501    21.947    
    SLICE_X106Y43        FDCE (Setup_fdce_C_D)        0.014    21.961    i_dmi_jtag/i_dmi_jtag_tap/FSM_onehot_tap_state_q_reg[14]
  -------------------------------------------------------------------
                         required time                         21.961    
                         arrival time                          -6.957    
  -------------------------------------------------------------------
                         slack                                 15.004    

Slack (MET) :             15.007ns  (required time - arrival time)
  Source:                 tms
                            (input port clocked by tck  {rise@0.000ns fall@62.500ns period=125.000ns})
  Destination:            i_dmi_jtag/i_dmi_jtag_tap/FSM_onehot_tap_state_q_reg[0]/D
                            (rising edge-triggered cell FDPE clocked by tck  {rise@0.000ns fall@62.500ns period=125.000ns})
  Path Group:             tck
  Path Type:              Setup (Max at Fast Process Corner)
  Requirement:            20.000ns  (MaxDelay Path 20.000ns)
  Data Path Delay:        1.955ns  (logic 0.558ns (28.554%)  route 1.396ns (71.447%))
  Logic Levels:           2  (IBUF=1 LUT5=1)
  Input Delay:            5.000ns
  Clock Path Skew:        2.449ns (DCD - SCD + CPR)
    Destination Clock Delay (DCD):    2.449ns
    Source Clock Delay      (SCD):    0.000ns
    Clock Pessimism Removal (CPR):    0.000ns
  Clock Uncertainty:      0.501ns  ((TSJ^2 + TIJ^2)^1/2 + DJ) / 2 + PE
    Total System Jitter     (TSJ):    0.071ns
    Total Input Jitter      (TIJ):    1.000ns
    Discrete Jitter          (DJ):    0.000ns
    Phase Error              (PE):    0.000ns
  Timing Exception:       MaxDelay Path 20.000ns

    Location             Delay type                Incr(ns)  Path(ns)    Netlist Resource(s)
  -------------------------------------------------------------------    -------------------
                         (clock tck fall edge)        0.000     0.000 f  
                         input delay                  5.000     5.000    
    V12                                               0.000     5.000 f  tms (IN)
                         net (fo=0)                   0.000     5.000    tms
    V12                  IBUF (Prop_ibuf_I_O)         0.502     5.502 f  tms_IBUF_inst/O
                         net (fo=16, routed)          1.396     6.899    i_dmi_jtag/i_dmi_jtag_tap/tms_IBUF
    SLICE_X106Y43        LUT5 (Prop_lut5_I1_O)        0.056     6.955 r  i_dmi_jtag/i_dmi_jtag_tap/FSM_onehot_tap_state_q[0]_i_1/O
                         net (fo=1, routed)           0.000     6.955    i_dmi_jtag/i_dmi_jtag_tap/FSM_onehot_tap_state_q[0]_i_1_n_0
    SLICE_X106Y43        FDPE                                         r  i_dmi_jtag/i_dmi_jtag_tap/FSM_onehot_tap_state_q_reg[0]/D
  -------------------------------------------------------------------    -------------------

                         max delay                   20.000    20.000    
    H15                                               0.000    20.000 r  tck (IN)
                         net (fo=0)                   0.000    20.000    tck
    H15                  IBUF (Prop_ibuf_I_O)         0.268    20.268 r  tck_IBUF_inst/O
                         net (fo=1, routed)           1.516    21.784    tck_IBUF
    BUFGCTRL_X0Y0        BUFG (Prop_bufg_I_O)         0.026    21.810 r  tck_IBUF_BUFG_inst/O
                         net (fo=258, routed)         0.639    22.449    i_dmi_jtag/i_dmi_jtag_tap/CLK
    SLICE_X106Y43        FDPE                                         r  i_dmi_jtag/i_dmi_jtag_tap/FSM_onehot_tap_state_q_reg[0]/C
                         clock pessimism              0.000    22.449    
                         clock uncertainty           -0.501    21.947    
    SLICE_X106Y43        FDPE (Setup_fdpe_C_D)        0.014    21.961    i_dmi_jtag/i_dmi_jtag_tap/FSM_onehot_tap_state_q_reg[0]
  -------------------------------------------------------------------
                         required time                         21.961    
                         arrival time                          -6.955    
  -------------------------------------------------------------------
                         slack                                 15.007    

Slack (MET) :             15.027ns  (required time - arrival time)
  Source:                 tms
                            (input port clocked by tck  {rise@0.000ns fall@62.500ns period=125.000ns})
  Destination:            i_dmi_jtag/i_dmi_jtag_tap/FSM_onehot_tap_state_q_reg[1]/D
                            (rising edge-triggered cell FDCE clocked by tck  {rise@0.000ns fall@62.500ns period=125.000ns})
  Path Group:             tck
  Path Type:              Setup (Max at Fast Process Corner)
  Requirement:            20.000ns  (MaxDelay Path 20.000ns)
  Data Path Delay:        1.956ns  (logic 0.557ns (28.478%)  route 1.399ns (71.522%))
  Logic Levels:           2  (IBUF=1 LUT4=1)
  Input Delay:            5.000ns
  Clock Path Skew:        2.449ns (DCD - SCD + CPR)
    Destination Clock Delay (DCD):    2.449ns
    Source Clock Delay      (SCD):    0.000ns
    Clock Pessimism Removal (CPR):    0.000ns
  Clock Uncertainty:      0.501ns  ((TSJ^2 + TIJ^2)^1/2 + DJ) / 2 + PE
    Total System Jitter     (TSJ):    0.071ns
    Total Input Jitter      (TIJ):    1.000ns
    Discrete Jitter          (DJ):    0.000ns
    Phase Error              (PE):    0.000ns
  Timing Exception:       MaxDelay Path 20.000ns

    Location             Delay type                Incr(ns)  Path(ns)    Netlist Resource(s)
  -------------------------------------------------------------------    -------------------
                         (clock tck fall edge)        0.000     0.000 f  
                         input delay                  5.000     5.000    
    V12                                               0.000     5.000 r  tms (IN)
                         net (fo=0)                   0.000     5.000    tms
    V12                  IBUF (Prop_ibuf_I_O)         0.502     5.502 r  tms_IBUF_inst/O
                         net (fo=16, routed)          1.399     6.901    i_dmi_jtag/i_dmi_jtag_tap/tms_IBUF
    SLICE_X106Y43        LUT4 (Prop_lut4_I3_O)        0.055     6.956 r  i_dmi_jtag/i_dmi_jtag_tap/FSM_onehot_tap_state_q[1]_i_1/O
                         net (fo=1, routed)           0.000     6.956    i_dmi_jtag/i_dmi_jtag_tap/FSM_onehot_tap_state_q[1]_i_1_n_0
    SLICE_X106Y43        FDCE                                         r  i_dmi_jtag/i_dmi_jtag_tap/FSM_onehot_tap_state_q_reg[1]/D
  -------------------------------------------------------------------    -------------------

                         max delay                   20.000    20.000    
    H15                                               0.000    20.000 r  tck (IN)
                         net (fo=0)                   0.000    20.000    tck
    H15                  IBUF (Prop_ibuf_I_O)         0.268    20.268 r  tck_IBUF_inst/O
                         net (fo=1, routed)           1.516    21.784    tck_IBUF
    BUFGCTRL_X0Y0        BUFG (Prop_bufg_I_O)         0.026    21.810 r  tck_IBUF_BUFG_inst/O
                         net (fo=258, routed)         0.639    22.449    i_dmi_jtag/i_dmi_jtag_tap/CLK
    SLICE_X106Y43        FDCE                                         r  i_dmi_jtag/i_dmi_jtag_tap/FSM_onehot_tap_state_q_reg[1]/C
                         clock pessimism              0.000    22.449    
                         clock uncertainty           -0.501    21.947    
    SLICE_X106Y43        FDCE (Setup_fdce_C_D)        0.036    21.983    i_dmi_jtag/i_dmi_jtag_tap/FSM_onehot_tap_state_q_reg[1]
  -------------------------------------------------------------------
                         required time                         21.983    
                         arrival time                          -6.956    
  -------------------------------------------------------------------
                         slack                                 15.027    

Slack (MET) :             15.027ns  (required time - arrival time)
  Source:                 tms
                            (input port clocked by tck  {rise@0.000ns fall@62.500ns period=125.000ns})
  Destination:            i_dmi_jtag/i_dmi_jtag_tap/FSM_onehot_tap_state_q_reg[15]/D
                            (rising edge-triggered cell FDCE clocked by tck  {rise@0.000ns fall@62.500ns period=125.000ns})
  Path Group:             tck
  Path Type:              Setup (Max at Fast Process Corner)
  Requirement:            20.000ns  (MaxDelay Path 20.000ns)
  Data Path Delay:        1.956ns  (logic 0.555ns (28.377%)  route 1.401ns (71.623%))
  Logic Levels:           2  (IBUF=1 LUT3=1)
  Input Delay:            5.000ns
  Clock Path Skew:        2.449ns (DCD - SCD + CPR)
    Destination Clock Delay (DCD):    2.449ns
    Source Clock Delay      (SCD):    0.000ns
    Clock Pessimism Removal (CPR):    0.000ns
  Clock Uncertainty:      0.501ns  ((TSJ^2 + TIJ^2)^1/2 + DJ) / 2 + PE
    Total System Jitter     (TSJ):    0.071ns
    Total Input Jitter      (TIJ):    1.000ns
    Discrete Jitter          (DJ):    0.000ns
    Phase Error              (PE):    0.000ns
  Timing Exception:       MaxDelay Path 20.000ns

    Location             Delay type                Incr(ns)  Path(ns)    Netlist Resource(s)
  -------------------------------------------------------------------    -------------------
                         (clock tck fall edge)        0.000     0.000 f  
                         input delay                  5.000     5.000    
    V12                                               0.000     5.000 r  tms (IN)
                         net (fo=0)                   0.000     5.000    tms
    V12                  IBUF (Prop_ibuf_I_O)         0.502     5.502 r  tms_IBUF_inst/O
                         net (fo=16, routed)          1.401     6.903    i_dmi_jtag/i_dmi_jtag_tap/tms_IBUF
    SLICE_X106Y43        LUT3 (Prop_lut3_I1_O)        0.053     6.956 r  i_dmi_jtag/i_dmi_jtag_tap/FSM_onehot_tap_state_q[15]_i_1/O
                         net (fo=1, routed)           0.000     6.956    i_dmi_jtag/i_dmi_jtag_tap/FSM_onehot_tap_state_q[15]_i_1_n_0
    SLICE_X106Y43        FDCE                                         r  i_dmi_jtag/i_dmi_jtag_tap/FSM_onehot_tap_state_q_reg[15]/D
  -------------------------------------------------------------------    -------------------

                         max delay                   20.000    20.000    
    H15                                               0.000    20.000 r  tck (IN)
                         net (fo=0)                   0.000    20.000    tck
    H15                  IBUF (Prop_ibuf_I_O)         0.268    20.268 r  tck_IBUF_inst/O
                         net (fo=1, routed)           1.516    21.784    tck_IBUF
    BUFGCTRL_X0Y0        BUFG (Prop_bufg_I_O)         0.026    21.810 r  tck_IBUF_BUFG_inst/O
                         net (fo=258, routed)         0.639    22.449    i_dmi_jtag/i_dmi_jtag_tap/CLK
    SLICE_X106Y43        FDCE                                         r  i_dmi_jtag/i_dmi_jtag_tap/FSM_onehot_tap_state_q_reg[15]/C
                         clock pessimism              0.000    22.449    
                         clock uncertainty           -0.501    21.947    
    SLICE_X106Y43        FDCE (Setup_fdce_C_D)        0.036    21.983    i_dmi_jtag/i_dmi_jtag_tap/FSM_onehot_tap_state_q_reg[15]
  -------------------------------------------------------------------
                         required time                         21.983    
                         arrival time                          -6.956    
  -------------------------------------------------------------------
                         slack                                 15.027    

Slack (MET) :             15.031ns  (required time - arrival time)
  Source:                 tms
                            (input port clocked by tck  {rise@0.000ns fall@62.500ns period=125.000ns})
  Destination:            i_dmi_jtag/i_dmi_jtag_tap/FSM_onehot_tap_state_q_reg[3]/D
                            (rising edge-triggered cell FDCE clocked by tck  {rise@0.000ns fall@62.500ns period=125.000ns})
  Path Group:             tck
  Path Type:              Setup (Max at Fast Process Corner)
  Requirement:            20.000ns  (MaxDelay Path 20.000ns)
  Data Path Delay:        1.930ns  (logic 0.558ns (28.915%)  route 1.372ns (71.085%))
  Logic Levels:           2  (IBUF=1 LUT3=1)
  Input Delay:            5.000ns
  Clock Path Skew:        2.449ns (DCD - SCD + CPR)
    Destination Clock Delay (DCD):    2.449ns
    Source Clock Delay      (SCD):    0.000ns
    Clock Pessimism Removal (CPR):    0.000ns
  Clock Uncertainty:      0.501ns  ((TSJ^2 + TIJ^2)^1/2 + DJ) / 2 + PE
    Total System Jitter     (TSJ):    0.071ns
    Total Input Jitter      (TIJ):    1.000ns
    Discrete Jitter          (DJ):    0.000ns
    Phase Error              (PE):    0.000ns
  Timing Exception:       MaxDelay Path 20.000ns

    Location             Delay type                Incr(ns)  Path(ns)    Netlist Resource(s)
  -------------------------------------------------------------------    -------------------
                         (clock tck fall edge)        0.000     0.000 f  
                         input delay                  5.000     5.000    
    V12                                               0.000     5.000 r  tms (IN)
                         net (fo=0)                   0.000     5.000    tms
    V12                  IBUF (Prop_ibuf_I_O)         0.502     5.502 r  tms_IBUF_inst/O
                         net (fo=16, routed)          1.372     6.874    i_dmi_jtag/i_dmi_jtag_tap/tms_IBUF
    SLICE_X107Y43        LUT3 (Prop_lut3_I1_O)        0.056     6.930 r  i_dmi_jtag/i_dmi_jtag_tap/FSM_onehot_tap_state_q[3]_i_1/O
                         net (fo=1, routed)           0.000     6.930    i_dmi_jtag/i_dmi_jtag_tap/FSM_onehot_tap_state_q[3]_i_1_n_0
    SLICE_X107Y43        FDCE                                         r  i_dmi_jtag/i_dmi_jtag_tap/FSM_onehot_tap_state_q_reg[3]/D
  -------------------------------------------------------------------    -------------------

                         max delay                   20.000    20.000    
    H15                                               0.000    20.000 r  tck (IN)
                         net (fo=0)                   0.000    20.000    tck
    H15                  IBUF (Prop_ibuf_I_O)         0.268    20.268 r  tck_IBUF_inst/O
                         net (fo=1, routed)           1.516    21.784    tck_IBUF
    BUFGCTRL_X0Y0        BUFG (Prop_bufg_I_O)         0.026    21.810 r  tck_IBUF_BUFG_inst/O
                         net (fo=258, routed)         0.639    22.449    i_dmi_jtag/i_dmi_jtag_tap/CLK
    SLICE_X107Y43        FDCE                                         r  i_dmi_jtag/i_dmi_jtag_tap/FSM_onehot_tap_state_q_reg[3]/C
                         clock pessimism              0.000    22.449    
                         clock uncertainty           -0.501    21.947    
    SLICE_X107Y43        FDCE (Setup_fdce_C_D)        0.014    21.961    i_dmi_jtag/i_dmi_jtag_tap/FSM_onehot_tap_state_q_reg[3]
  -------------------------------------------------------------------
                         required time                         21.961    
                         arrival time                          -6.930    
  -------------------------------------------------------------------
                         slack                                 15.031    

Slack (MET) :             15.031ns  (required time - arrival time)
  Source:                 tdi
                            (input port clocked by tck  {rise@0.000ns fall@62.500ns period=125.000ns})
  Destination:            i_dmi_jtag/i_dmi_jtag_tap/dtmcs_q_reg[zero1][31]/D
                            (rising edge-triggered cell FDCE clocked by tck  {rise@0.000ns fall@62.500ns period=125.000ns})
  Path Group:             tck
  Path Type:              Setup (Max at Fast Process Corner)
  Requirement:            20.000ns  (MaxDelay Path 20.000ns)
  Data Path Delay:        1.821ns  (logic 0.509ns (27.974%)  route 1.312ns (72.026%))
  Logic Levels:           2  (IBUF=1 LUT2=1)
  Input Delay:            5.000ns
  Clock Path Skew:        2.447ns (DCD - SCD + CPR)
    Destination Clock Delay (DCD):    2.447ns
    Source Clock Delay      (SCD):    0.000ns
    Clock Pessimism Removal (CPR):    0.000ns
  Clock Uncertainty:      0.501ns  ((TSJ^2 + TIJ^2)^1/2 + DJ) / 2 + PE
    Total System Jitter     (TSJ):    0.071ns
    Total Input Jitter      (TIJ):    1.000ns
    Discrete Jitter          (DJ):    0.000ns
    Phase Error              (PE):    0.000ns
  Timing Exception:       MaxDelay Path 20.000ns

    Location             Delay type                Incr(ns)  Path(ns)    Netlist Resource(s)
  -------------------------------------------------------------------    -------------------
                         (clock tck fall edge)        0.000     0.000 f  
                         input delay                  5.000     5.000    
    W16                                               0.000     5.000 r  tdi (IN)
                         net (fo=0)                   0.000     5.000    tdi
    W16                  IBUF (Prop_ibuf_I_O)         0.454     5.454 r  tdi_IBUF_inst/O
                         net (fo=5, routed)           1.172     6.627    i_dmi_jtag/i_dmi_jtag_tap/tdi_IBUF
    SLICE_X108Y39        LUT2 (Prop_lut2_I0_O)        0.055     6.682 r  i_dmi_jtag/i_dmi_jtag_tap/dtmcs_q[zero1][31]_i_1/O
                         net (fo=1, routed)           0.139     6.821    i_dmi_jtag/i_dmi_jtag_tap/dtmcs_d[zero1][31]
    SLICE_X109Y39        FDCE                                         r  i_dmi_jtag/i_dmi_jtag_tap/dtmcs_q_reg[zero1][31]/D
  -------------------------------------------------------------------    -------------------

                         max delay                   20.000    20.000    
    H15                                               0.000    20.000 r  tck (IN)
                         net (fo=0)                   0.000    20.000    tck
    H15                  IBUF (Prop_ibuf_I_O)         0.268    20.268 r  tck_IBUF_inst/O
                         net (fo=1, routed)           1.516    21.784    tck_IBUF
    BUFGCTRL_X0Y0        BUFG (Prop_bufg_I_O)         0.026    21.810 r  tck_IBUF_BUFG_inst/O
                         net (fo=258, routed)         0.637    22.447    i_dmi_jtag/i_dmi_jtag_tap/CLK
    SLICE_X109Y39        FDCE                                         r  i_dmi_jtag/i_dmi_jtag_tap/dtmcs_q_reg[zero1][31]/C
                         clock pessimism              0.000    22.447    
                         clock uncertainty           -0.501    21.945    
    SLICE_X109Y39        FDCE (Setup_fdce_C_D)       -0.093    21.852    i_dmi_jtag/i_dmi_jtag_tap/dtmcs_q_reg[zero1][31]
  -------------------------------------------------------------------
                         required time                         21.852    
                         arrival time                          -6.821    
  -------------------------------------------------------------------
                         slack                                 15.031    





Min Delay Paths
--------------------------------------------------------------------------------------
Slack (MET) :             0.117ns  (arrival time - required time)
  Source:                 i_dmi_jtag/dr_q_reg[20]/C
                            (rising edge-triggered cell FDCE clocked by tck  {rise@0.000ns fall@62.500ns period=125.000ns})
  Destination:            i_dmi_jtag/data_q_reg[18]/D
                            (rising edge-triggered cell FDCE clocked by tck  {rise@0.000ns fall@62.500ns period=125.000ns})
  Path Group:             tck
  Path Type:              Hold (Min at Fast Process Corner)
  Requirement:            0.000ns  (tck rise@0.000ns - tck rise@0.000ns)
  Data Path Delay:        0.251ns  (logic 0.186ns (74.103%)  route 0.065ns (25.897%))
  Logic Levels:           1  (LUT4=1)
  Clock Path Skew:        0.013ns (DCD - SCD - CPR)
    Destination Clock Delay (DCD):    3.124ns
    Source Clock Delay      (SCD):    2.418ns
    Clock Pessimism Removal (CPR):    0.693ns

    Location             Delay type                Incr(ns)  Path(ns)    Netlist Resource(s)
  -------------------------------------------------------------------    -------------------
                         (clock tck rise edge)        0.000     0.000 r  
    H15                                               0.000     0.000 r  tck (IN)
                         net (fo=0)                   0.000     0.000    tck
    H15                  IBUF (Prop_ibuf_I_O)         0.268     0.268 r  tck_IBUF_inst/O
                         net (fo=1, routed)           1.516     1.784    tck_IBUF
    BUFGCTRL_X0Y0        BUFG (Prop_bufg_I_O)         0.026     1.810 r  tck_IBUF_BUFG_inst/O
                         net (fo=258, routed)         0.608     2.418    i_dmi_jtag/CLK
    SLICE_X103Y35        FDCE                                         r  i_dmi_jtag/dr_q_reg[20]/C
  -------------------------------------------------------------------    -------------------
    SLICE_X103Y35        FDCE (Prop_fdce_C_Q)         0.141     2.559 r  i_dmi_jtag/dr_q_reg[20]/Q
                         net (fo=2, routed)           0.065     2.624    i_dmi_jtag/i_dmi_cdc/i_cdc_resp/i_dst/data_q_reg[31][20]
    SLICE_X102Y35        LUT4 (Prop_lut4_I3_O)        0.045     2.669 r  i_dmi_jtag/i_dmi_cdc/i_cdc_resp/i_dst/data_q[18]_i_1/O
                         net (fo=1, routed)           0.000     2.669    i_dmi_jtag/i_dmi_cdc_n_238
    SLICE_X102Y35        FDCE                                         r  i_dmi_jtag/data_q_reg[18]/D
  -------------------------------------------------------------------    -------------------

                         (clock tck rise edge)        0.000     0.000 r  
    H15                                               0.000     0.000 r  tck (IN)
                         net (fo=0)                   0.000     0.000    tck
    H15                  IBUF (Prop_ibuf_I_O)         0.456     0.456 r  tck_IBUF_inst/O
                         net (fo=1, routed)           1.762     2.218    tck_IBUF
    BUFGCTRL_X0Y0        BUFG (Prop_bufg_I_O)         0.029     2.247 r  tck_IBUF_BUFG_inst/O
                         net (fo=258, routed)         0.877     3.124    i_dmi_jtag/CLK
    SLICE_X102Y35        FDCE                                         r  i_dmi_jtag/data_q_reg[18]/C
                         clock pessimism             -0.693     2.431    
    SLICE_X102Y35        FDCE (Hold_fdce_C_D)         0.121     2.552    i_dmi_jtag/data_q_reg[18]
  -------------------------------------------------------------------
                         required time                         -2.552    
                         arrival time                           2.669    
  -------------------------------------------------------------------
                         slack                                  0.117    

Slack (MET) :             0.118ns  (arrival time - required time)
  Source:                 i_dmi_jtag/dr_q_reg[24]/C
                            (rising edge-triggered cell FDCE clocked by tck  {rise@0.000ns fall@62.500ns period=125.000ns})
  Destination:            i_dmi_jtag/data_q_reg[22]/D
                            (rising edge-triggered cell FDCE clocked by tck  {rise@0.000ns fall@62.500ns period=125.000ns})
  Path Group:             tck
  Path Type:              Hold (Min at Fast Process Corner)
  Requirement:            0.000ns  (tck rise@0.000ns - tck rise@0.000ns)
  Data Path Delay:        0.252ns  (logic 0.186ns (73.740%)  route 0.066ns (26.260%))
  Logic Levels:           1  (LUT4=1)
  Clock Path Skew:        0.013ns (DCD - SCD - CPR)
    Destination Clock Delay (DCD):    3.122ns
    Source Clock Delay      (SCD):    2.418ns
    Clock Pessimism Removal (CPR):    0.691ns

    Location             Delay type                Incr(ns)  Path(ns)    Netlist Resource(s)
  -------------------------------------------------------------------    -------------------
                         (clock tck rise edge)        0.000     0.000 r  
    H15                                               0.000     0.000 r  tck (IN)
                         net (fo=0)                   0.000     0.000    tck
    H15                  IBUF (Prop_ibuf_I_O)         0.268     0.268 r  tck_IBUF_inst/O
                         net (fo=1, routed)           1.516     1.784    tck_IBUF
    BUFGCTRL_X0Y0        BUFG (Prop_bufg_I_O)         0.026     1.810 r  tck_IBUF_BUFG_inst/O
                         net (fo=258, routed)         0.608     2.418    i_dmi_jtag/CLK
    SLICE_X101Y34        FDCE                                         r  i_dmi_jtag/dr_q_reg[24]/C
  -------------------------------------------------------------------    -------------------
    SLICE_X101Y34        FDCE (Prop_fdce_C_Q)         0.141     2.559 r  i_dmi_jtag/dr_q_reg[24]/Q
                         net (fo=2, routed)           0.066     2.625    i_dmi_jtag/i_dmi_cdc/i_cdc_resp/i_dst/data_q_reg[31][24]
    SLICE_X100Y34        LUT4 (Prop_lut4_I3_O)        0.045     2.670 r  i_dmi_jtag/i_dmi_cdc/i_cdc_resp/i_dst/data_q[22]_i_1/O
                         net (fo=1, routed)           0.000     2.670    i_dmi_jtag/i_dmi_cdc_n_234
    SLICE_X100Y34        FDCE                                         r  i_dmi_jtag/data_q_reg[22]/D
  -------------------------------------------------------------------    -------------------

                         (clock tck rise edge)        0.000     0.000 r  
    H15                                               0.000     0.000 r  tck (IN)
                         net (fo=0)                   0.000     0.000    tck
    H15                  IBUF (Prop_ibuf_I_O)         0.456     0.456 r  tck_IBUF_inst/O
                         net (fo=1, routed)           1.762     2.218    tck_IBUF
    BUFGCTRL_X0Y0        BUFG (Prop_bufg_I_O)         0.029     2.247 r  tck_IBUF_BUFG_inst/O
                         net (fo=258, routed)         0.875     3.122    i_dmi_jtag/CLK
    SLICE_X100Y34        FDCE                                         r  i_dmi_jtag/data_q_reg[22]/C
                         clock pessimism             -0.691     2.431    
    SLICE_X100Y34        FDCE (Hold_fdce_C_D)         0.121     2.552    i_dmi_jtag/data_q_reg[22]
  -------------------------------------------------------------------
                         required time                         -2.552    
                         arrival time                           2.670    
  -------------------------------------------------------------------
                         slack                                  0.118    

Slack (MET) :             0.136ns  (arrival time - required time)
  Source:                 i_dmi_jtag/i_dmi_cdc/i_cdc_resp/i_dst/data_dst_q_reg[data][4]/C
                            (rising edge-triggered cell FDCE clocked by tck  {rise@0.000ns fall@62.500ns period=125.000ns})
  Destination:            i_dmi_jtag/data_q_reg[4]/D
                            (rising edge-triggered cell FDCE clocked by tck  {rise@0.000ns fall@62.500ns period=125.000ns})
  Path Group:             tck
  Path Type:              Hold (Min at Fast Process Corner)
  Requirement:            0.000ns  (tck rise@0.000ns - tck rise@0.000ns)
  Data Path Delay:        0.240ns  (logic 0.186ns (77.515%)  route 0.054ns (22.485%))
  Logic Levels:           1  (LUT4=1)
  Clock Path Skew:        0.013ns (DCD - SCD - CPR)
    Destination Clock Delay (DCD):    3.150ns
    Source Clock Delay      (SCD):    2.444ns
    Clock Pessimism Removal (CPR):    0.693ns

    Location             Delay type                Incr(ns)  Path(ns)    Netlist Resource(s)
  -------------------------------------------------------------------    -------------------
                         (clock tck rise edge)        0.000     0.000 r  
    H15                                               0.000     0.000 r  tck (IN)
                         net (fo=0)                   0.000     0.000    tck
    H15                  IBUF (Prop_ibuf_I_O)         0.268     0.268 r  tck_IBUF_inst/O
                         net (fo=1, routed)           1.516     1.784    tck_IBUF
    BUFGCTRL_X0Y0        BUFG (Prop_bufg_I_O)         0.026     1.810 r  tck_IBUF_BUFG_inst/O
                         net (fo=258, routed)         0.634     2.444    i_dmi_jtag/i_dmi_cdc/i_cdc_resp/i_dst/CLK
    SLICE_X110Y32        FDCE                                         r  i_dmi_jtag/i_dmi_cdc/i_cdc_resp/i_dst/data_dst_q_reg[data][4]/C
  -------------------------------------------------------------------    -------------------
    SLICE_X110Y32        FDCE (Prop_fdce_C_Q)         0.141     2.585 r  i_dmi_jtag/i_dmi_cdc/i_cdc_resp/i_dst/data_dst_q_reg[data][4]/Q
                         net (fo=1, routed)           0.054     2.639    i_dmi_jtag/i_dmi_cdc/i_cdc_resp/i_dst/data_dst_q[data][4]
    SLICE_X111Y32        LUT4 (Prop_lut4_I0_O)        0.045     2.684 r  i_dmi_jtag/i_dmi_cdc/i_cdc_resp/i_dst/data_q[4]_i_1/O
                         net (fo=1, routed)           0.000     2.684    i_dmi_jtag/i_dmi_cdc_n_252
    SLICE_X111Y32        FDCE                                         r  i_dmi_jtag/data_q_reg[4]/D
  -------------------------------------------------------------------    -------------------

                         (clock tck rise edge)        0.000     0.000 r  
    H15                                               0.000     0.000 r  tck (IN)
                         net (fo=0)                   0.000     0.000    tck
    H15                  IBUF (Prop_ibuf_I_O)         0.456     0.456 r  tck_IBUF_inst/O
                         net (fo=1, routed)           1.762     2.218    tck_IBUF
    BUFGCTRL_X0Y0        BUFG (Prop_bufg_I_O)         0.029     2.247 r  tck_IBUF_BUFG_inst/O
                         net (fo=258, routed)         0.903     3.150    i_dmi_jtag/CLK
    SLICE_X111Y32        FDCE                                         r  i_dmi_jtag/data_q_reg[4]/C
                         clock pessimism             -0.693     2.457    
    SLICE_X111Y32        FDCE (Hold_fdce_C_D)         0.091     2.548    i_dmi_jtag/data_q_reg[4]
  -------------------------------------------------------------------
                         required time                         -2.548    
                         arrival time                           2.684    
  -------------------------------------------------------------------
                         slack                                  0.136    

Slack (MET) :             0.144ns  (arrival time - required time)
  Source:                 i_dmi_jtag/data_q_reg[11]/C
                            (rising edge-triggered cell FDCE clocked by tck  {rise@0.000ns fall@62.500ns period=125.000ns})
  Destination:            i_dmi_jtag/dr_q_reg[13]/D
                            (rising edge-triggered cell FDCE clocked by tck  {rise@0.000ns fall@62.500ns period=125.000ns})
  Path Group:             tck
  Path Type:              Hold (Min at Fast Process Corner)
  Requirement:            0.000ns  (tck rise@0.000ns - tck rise@0.000ns)
  Data Path Delay:        0.249ns  (logic 0.186ns (74.661%)  route 0.063ns (25.339%))
  Logic Levels:           1  (LUT4=1)
  Clock Path Skew:        0.013ns (DCD - SCD - CPR)
    Destination Clock Delay (DCD):    3.153ns
    Source Clock Delay      (SCD):    2.446ns
    Clock Pessimism Removal (CPR):    0.694ns

    Location             Delay type                Incr(ns)  Path(ns)    Netlist Resource(s)
  -------------------------------------------------------------------    -------------------
                         (clock tck rise edge)        0.000     0.000 r  
    H15                                               0.000     0.000 r  tck (IN)
                         net (fo=0)                   0.000     0.000    tck
    H15                  IBUF (Prop_ibuf_I_O)         0.268     0.268 r  tck_IBUF_inst/O
                         net (fo=1, routed)           1.516     1.784    tck_IBUF
    BUFGCTRL_X0Y0        BUFG (Prop_bufg_I_O)         0.026     1.810 r  tck_IBUF_BUFG_inst/O
                         net (fo=258, routed)         0.636     2.446    i_dmi_jtag/CLK
    SLICE_X110Y35        FDCE                                         r  i_dmi_jtag/data_q_reg[11]/C
  -------------------------------------------------------------------    -------------------
    SLICE_X110Y35        FDCE (Prop_fdce_C_Q)         0.141     2.587 r  i_dmi_jtag/data_q_reg[11]/Q
                         net (fo=2, routed)           0.063     2.650    i_dmi_jtag/i_dmi_jtag_tap/dr_q_reg[33][11]
    SLICE_X111Y35        LUT4 (Prop_lut4_I3_O)        0.045     2.695 r  i_dmi_jtag/i_dmi_jtag_tap/dr_q[13]_i_1/O
                         net (fo=1, routed)           0.000     2.695    i_dmi_jtag/dr_d[13]
    SLICE_X111Y35        FDCE                                         r  i_dmi_jtag/dr_q_reg[13]/D
  -------------------------------------------------------------------    -------------------

                         (clock tck rise edge)        0.000     0.000 r  
    H15                                               0.000     0.000 r  tck (IN)
                         net (fo=0)                   0.000     0.000    tck
    H15                  IBUF (Prop_ibuf_I_O)         0.456     0.456 r  tck_IBUF_inst/O
                         net (fo=1, routed)           1.762     2.218    tck_IBUF
    BUFGCTRL_X0Y0        BUFG (Prop_bufg_I_O)         0.029     2.247 r  tck_IBUF_BUFG_inst/O
                         net (fo=258, routed)         0.906     3.153    i_dmi_jtag/CLK
    SLICE_X111Y35        FDCE                                         r  i_dmi_jtag/dr_q_reg[13]/C
                         clock pessimism             -0.694     2.459    
    SLICE_X111Y35        FDCE (Hold_fdce_C_D)         0.092     2.551    i_dmi_jtag/dr_q_reg[13]
  -------------------------------------------------------------------
                         required time                         -2.551    
                         arrival time                           2.695    
  -------------------------------------------------------------------
                         slack                                  0.144    

Slack (MET) :             0.147ns  (arrival time - required time)
  Source:                 i_dmi_jtag/data_q_reg[7]/C
                            (rising edge-triggered cell FDCE clocked by tck  {rise@0.000ns fall@62.500ns period=125.000ns})
  Destination:            i_dmi_jtag/dr_q_reg[9]/D
                            (rising edge-triggered cell FDCE clocked by tck  {rise@0.000ns fall@62.500ns period=125.000ns})
  Path Group:             tck
  Path Type:              Hold (Min at Fast Process Corner)
  Requirement:            0.000ns  (tck rise@0.000ns - tck rise@0.000ns)
  Data Path Delay:        0.252ns  (logic 0.186ns (73.791%)  route 0.066ns (26.209%))
  Logic Levels:           1  (LUT4=1)
  Clock Path Skew:        0.013ns (DCD - SCD - CPR)
    Destination Clock Delay (DCD):    3.151ns
    Source Clock Delay      (SCD):    2.445ns
    Clock Pessimism Removal (CPR):    0.693ns

    Location             Delay type                Incr(ns)  Path(ns)    Netlist Resource(s)
  -------------------------------------------------------------------    -------------------
                         (clock tck rise edge)        0.000     0.000 r  
    H15                                               0.000     0.000 r  tck (IN)
                         net (fo=0)                   0.000     0.000    tck
    H15                  IBUF (Prop_ibuf_I_O)         0.268     0.268 r  tck_IBUF_inst/O
                         net (fo=1, routed)           1.516     1.784    tck_IBUF
    BUFGCTRL_X0Y0        BUFG (Prop_bufg_I_O)         0.026     1.810 r  tck_IBUF_BUFG_inst/O
                         net (fo=258, routed)         0.635     2.445    i_dmi_jtag/CLK
    SLICE_X110Y33        FDCE                                         r  i_dmi_jtag/data_q_reg[7]/C
  -------------------------------------------------------------------    -------------------
    SLICE_X110Y33        FDCE (Prop_fdce_C_Q)         0.141     2.586 r  i_dmi_jtag/data_q_reg[7]/Q
                         net (fo=2, routed)           0.066     2.652    i_dmi_jtag/i_dmi_jtag_tap/dr_q_reg[33][7]
    SLICE_X111Y33        LUT4 (Prop_lut4_I3_O)        0.045     2.697 r  i_dmi_jtag/i_dmi_jtag_tap/dr_q[9]_i_1/O
                         net (fo=1, routed)           0.000     2.697    i_dmi_jtag/dr_d[9]
    SLICE_X111Y33        FDCE                                         r  i_dmi_jtag/dr_q_reg[9]/D
  -------------------------------------------------------------------    -------------------

                         (clock tck rise edge)        0.000     0.000 r  
    H15                                               0.000     0.000 r  tck (IN)
                         net (fo=0)                   0.000     0.000    tck
    H15                  IBUF (Prop_ibuf_I_O)         0.456     0.456 r  tck_IBUF_inst/O
                         net (fo=1, routed)           1.762     2.218    tck_IBUF
    BUFGCTRL_X0Y0        BUFG (Prop_bufg_I_O)         0.029     2.247 r  tck_IBUF_BUFG_inst/O
                         net (fo=258, routed)         0.904     3.151    i_dmi_jtag/CLK
    SLICE_X111Y33        FDCE                                         r  i_dmi_jtag/dr_q_reg[9]/C
                         clock pessimism             -0.693     2.458    
    SLICE_X111Y33        FDCE (Hold_fdce_C_D)         0.092     2.550    i_dmi_jtag/dr_q_reg[9]
  -------------------------------------------------------------------
                         required time                         -2.550    
                         arrival time                           2.697    
  -------------------------------------------------------------------
                         slack                                  0.147    

Slack (MET) :             0.149ns  (arrival time - required time)
  Source:                 i_dmi_jtag/dr_q_reg[13]/C
                            (rising edge-triggered cell FDCE clocked by tck  {rise@0.000ns fall@62.500ns period=125.000ns})
  Destination:            i_dmi_jtag/data_q_reg[11]/D
                            (rising edge-triggered cell FDCE clocked by tck  {rise@0.000ns fall@62.500ns period=125.000ns})
  Path Group:             tck
  Path Type:              Hold (Min at Fast Process Corner)
  Requirement:            0.000ns  (tck rise@0.000ns - tck rise@0.000ns)
  Data Path Delay:        0.254ns  (logic 0.186ns (73.118%)  route 0.068ns (26.882%))
  Logic Levels:           1  (LUT4=1)
  Clock Path Skew:        0.013ns (DCD - SCD - CPR)
    Destination Clock Delay (DCD):    3.153ns
    Source Clock Delay      (SCD):    2.446ns
    Clock Pessimism Removal (CPR):    0.694ns

    Location             Delay type                Incr(ns)  Path(ns)    Netlist Resource(s)
  -------------------------------------------------------------------    -------------------
                         (clock tck rise edge)        0.000     0.000 r  
    H15                                               0.000     0.000 r  tck (IN)
                         net (fo=0)                   0.000     0.000    tck
    H15                  IBUF (Prop_ibuf_I_O)         0.268     0.268 r  tck_IBUF_inst/O
                         net (fo=1, routed)           1.516     1.784    tck_IBUF
    BUFGCTRL_X0Y0        BUFG (Prop_bufg_I_O)         0.026     1.810 r  tck_IBUF_BUFG_inst/O
                         net (fo=258, routed)         0.636     2.446    i_dmi_jtag/CLK
    SLICE_X111Y35        FDCE                                         r  i_dmi_jtag/dr_q_reg[13]/C
  -------------------------------------------------------------------    -------------------
    SLICE_X111Y35        FDCE (Prop_fdce_C_Q)         0.141     2.587 r  i_dmi_jtag/dr_q_reg[13]/Q
                         net (fo=2, routed)           0.068     2.655    i_dmi_jtag/i_dmi_cdc/i_cdc_resp/i_dst/data_q_reg[31][13]
    SLICE_X110Y35        LUT4 (Prop_lut4_I3_O)        0.045     2.700 r  i_dmi_jtag/i_dmi_cdc/i_cdc_resp/i_dst/data_q[11]_i_1/O
                         net (fo=1, routed)           0.000     2.700    i_dmi_jtag/i_dmi_cdc_n_245
    SLICE_X110Y35        FDCE                                         r  i_dmi_jtag/data_q_reg[11]/D
  -------------------------------------------------------------------    -------------------

                         (clock tck rise edge)        0.000     0.000 r  
    H15                                               0.000     0.000 r  tck (IN)
                         net (fo=0)                   0.000     0.000    tck
    H15                  IBUF (Prop_ibuf_I_O)         0.456     0.456 r  tck_IBUF_inst/O
                         net (fo=1, routed)           1.762     2.218    tck_IBUF
    BUFGCTRL_X0Y0        BUFG (Prop_bufg_I_O)         0.029     2.247 r  tck_IBUF_BUFG_inst/O
                         net (fo=258, routed)         0.906     3.153    i_dmi_jtag/CLK
    SLICE_X110Y35        FDCE                                         r  i_dmi_jtag/data_q_reg[11]/C
                         clock pessimism             -0.694     2.459    
    SLICE_X110Y35        FDCE (Hold_fdce_C_D)         0.092     2.551    i_dmi_jtag/data_q_reg[11]
  -------------------------------------------------------------------
                         required time                         -2.551    
                         arrival time                           2.700    
  -------------------------------------------------------------------
                         slack                                  0.149    

Slack (MET) :             0.150ns  (arrival time - required time)
  Source:                 i_dmi_jtag/i_dmi_jtag_tap/idcode_q_reg[30]/C
                            (rising edge-triggered cell FDCE clocked by tck  {rise@0.000ns fall@62.500ns period=125.000ns})
  Destination:            i_dmi_jtag/i_dmi_jtag_tap/idcode_q_reg[29]/D
                            (rising edge-triggered cell FDPE clocked by tck  {rise@0.000ns fall@62.500ns period=125.000ns})
  Path Group:             tck
  Path Type:              Hold (Min at Fast Process Corner)
  Requirement:            0.000ns  (tck rise@0.000ns - tck rise@0.000ns)
  Data Path Delay:        0.286ns  (logic 0.186ns (64.941%)  route 0.100ns (35.059%))
  Logic Levels:           1  (LUT6=1)
  Clock Path Skew:        0.016ns (DCD - SCD - CPR)
    Destination Clock Delay (DCD):    3.157ns
    Source Clock Delay      (SCD):    2.449ns
    Clock Pessimism Removal (CPR):    0.692ns

    Location             Delay type                Incr(ns)  Path(ns)    Netlist Resource(s)
  -------------------------------------------------------------------    -------------------
                         (clock tck rise edge)        0.000     0.000 r  
    H15                                               0.000     0.000 r  tck (IN)
                         net (fo=0)                   0.000     0.000    tck
    H15                  IBUF (Prop_ibuf_I_O)         0.268     0.268 r  tck_IBUF_inst/O
                         net (fo=1, routed)           1.516     1.784    tck_IBUF
    BUFGCTRL_X0Y0        BUFG (Prop_bufg_I_O)         0.026     1.810 r  tck_IBUF_BUFG_inst/O
                         net (fo=258, routed)         0.639     2.449    i_dmi_jtag/i_dmi_jtag_tap/CLK
    SLICE_X111Y42        FDCE                                         r  i_dmi_jtag/i_dmi_jtag_tap/idcode_q_reg[30]/C
  -------------------------------------------------------------------    -------------------
    SLICE_X111Y42        FDCE (Prop_fdce_C_Q)         0.141     2.590 r  i_dmi_jtag/i_dmi_jtag_tap/idcode_q_reg[30]/Q
                         net (fo=1, routed)           0.100     2.690    i_dmi_jtag/i_dmi_jtag_tap/idcode_q[30]
    SLICE_X112Y41        LUT6 (Prop_lut6_I5_O)        0.045     2.735 r  i_dmi_jtag/i_dmi_jtag_tap/idcode_q[29]_i_1/O
                         net (fo=1, routed)           0.000     2.735    i_dmi_jtag/i_dmi_jtag_tap/idcode_d[29]
    SLICE_X112Y41        FDPE                                         r  i_dmi_jtag/i_dmi_jtag_tap/idcode_q_reg[29]/D
  -------------------------------------------------------------------    -------------------

                         (clock tck rise edge)        0.000     0.000 r  
    H15                                               0.000     0.000 r  tck (IN)
                         net (fo=0)                   0.000     0.000    tck
    H15                  IBUF (Prop_ibuf_I_O)         0.456     0.456 r  tck_IBUF_inst/O
                         net (fo=1, routed)           1.762     2.218    tck_IBUF
    BUFGCTRL_X0Y0        BUFG (Prop_bufg_I_O)         0.029     2.247 r  tck_IBUF_BUFG_inst/O
                         net (fo=258, routed)         0.910     3.157    i_dmi_jtag/i_dmi_jtag_tap/CLK
    SLICE_X112Y41        FDPE                                         r  i_dmi_jtag/i_dmi_jtag_tap/idcode_q_reg[29]/C
                         clock pessimism             -0.692     2.465    
    SLICE_X112Y41        FDPE (Hold_fdpe_C_D)         0.120     2.585    i_dmi_jtag/i_dmi_jtag_tap/idcode_q_reg[29]
  -------------------------------------------------------------------
                         required time                         -2.585    
                         arrival time                           2.735    
  -------------------------------------------------------------------
                         slack                                  0.150    

Slack (MET) :             0.152ns  (arrival time - required time)
  Source:                 i_dmi_jtag/dr_q_reg[21]/C
                            (rising edge-triggered cell FDCE clocked by tck  {rise@0.000ns fall@62.500ns period=125.000ns})
  Destination:            i_dmi_jtag/data_q_reg[19]/D
                            (rising edge-triggered cell FDCE clocked by tck  {rise@0.000ns fall@62.500ns period=125.000ns})
  Path Group:             tck
  Path Type:              Hold (Min at Fast Process Corner)
  Requirement:            0.000ns  (tck rise@0.000ns - tck rise@0.000ns)
  Data Path Delay:        0.286ns  (logic 0.186ns (64.988%)  route 0.100ns (35.012%))
  Logic Levels:           1  (LUT4=1)
  Clock Path Skew:        0.013ns (DCD - SCD - CPR)
    Destination Clock Delay (DCD):    3.124ns
    Source Clock Delay      (SCD):    2.418ns
    Clock Pessimism Removal (CPR):    0.693ns

    Location             Delay type                Incr(ns)  Path(ns)    Netlist Resource(s)
  -------------------------------------------------------------------    -------------------
                         (clock tck rise edge)        0.000     0.000 r  
    H15                                               0.000     0.000 r  tck (IN)
                         net (fo=0)                   0.000     0.000    tck
    H15                  IBUF (Prop_ibuf_I_O)         0.268     0.268 r  tck_IBUF_inst/O
                         net (fo=1, routed)           1.516     1.784    tck_IBUF
    BUFGCTRL_X0Y0        BUFG (Prop_bufg_I_O)         0.026     1.810 r  tck_IBUF_BUFG_inst/O
                         net (fo=258, routed)         0.608     2.418    i_dmi_jtag/CLK
    SLICE_X103Y35        FDCE                                         r  i_dmi_jtag/dr_q_reg[21]/C
  -------------------------------------------------------------------    -------------------
    SLICE_X103Y35        FDCE (Prop_fdce_C_Q)         0.141     2.559 r  i_dmi_jtag/dr_q_reg[21]/Q
                         net (fo=2, routed)           0.100     2.659    i_dmi_jtag/i_dmi_cdc/i_cdc_resp/i_dst/data_q_reg[31][21]
    SLICE_X102Y35        LUT4 (Prop_lut4_I3_O)        0.045     2.704 r  i_dmi_jtag/i_dmi_cdc/i_cdc_resp/i_dst/data_q[19]_i_1/O
                         net (fo=1, routed)           0.000     2.704    i_dmi_jtag/i_dmi_cdc_n_237
    SLICE_X102Y35        FDCE                                         r  i_dmi_jtag/data_q_reg[19]/D
  -------------------------------------------------------------------    -------------------

                         (clock tck rise edge)        0.000     0.000 r  
    H15                                               0.000     0.000 r  tck (IN)
                         net (fo=0)                   0.000     0.000    tck
    H15                  IBUF (Prop_ibuf_I_O)         0.456     0.456 r  tck_IBUF_inst/O
                         net (fo=1, routed)           1.762     2.218    tck_IBUF
    BUFGCTRL_X0Y0        BUFG (Prop_bufg_I_O)         0.029     2.247 r  tck_IBUF_BUFG_inst/O
                         net (fo=258, routed)         0.877     3.124    i_dmi_jtag/CLK
    SLICE_X102Y35        FDCE                                         r  i_dmi_jtag/data_q_reg[19]/C
                         clock pessimism             -0.693     2.431    
    SLICE_X102Y35        FDCE (Hold_fdce_C_D)         0.121     2.552    i_dmi_jtag/data_q_reg[19]
  -------------------------------------------------------------------
                         required time                         -2.552    
                         arrival time                           2.704    
  -------------------------------------------------------------------
                         slack                                  0.152    

Slack (MET) :             0.152ns  (arrival time - required time)
  Source:                 i_dmi_jtag/dr_q_reg[25]/C
                            (rising edge-triggered cell FDCE clocked by tck  {rise@0.000ns fall@62.500ns period=125.000ns})
  Destination:            i_dmi_jtag/data_q_reg[23]/D
                            (rising edge-triggered cell FDCE clocked by tck  {rise@0.000ns fall@62.500ns period=125.000ns})
  Path Group:             tck
  Path Type:              Hold (Min at Fast Process Corner)
  Requirement:            0.000ns  (tck rise@0.000ns - tck rise@0.000ns)
  Data Path Delay:        0.286ns  (logic 0.186ns (64.988%)  route 0.100ns (35.012%))
  Logic Levels:           1  (LUT4=1)
  Clock Path Skew:        0.013ns (DCD - SCD - CPR)
    Destination Clock Delay (DCD):    3.122ns
    Source Clock Delay      (SCD):    2.418ns
    Clock Pessimism Removal (CPR):    0.691ns

    Location             Delay type                Incr(ns)  Path(ns)    Netlist Resource(s)
  -------------------------------------------------------------------    -------------------
                         (clock tck rise edge)        0.000     0.000 r  
    H15                                               0.000     0.000 r  tck (IN)
                         net (fo=0)                   0.000     0.000    tck
    H15                  IBUF (Prop_ibuf_I_O)         0.268     0.268 r  tck_IBUF_inst/O
                         net (fo=1, routed)           1.516     1.784    tck_IBUF
    BUFGCTRL_X0Y0        BUFG (Prop_bufg_I_O)         0.026     1.810 r  tck_IBUF_BUFG_inst/O
                         net (fo=258, routed)         0.608     2.418    i_dmi_jtag/CLK
    SLICE_X101Y34        FDCE                                         r  i_dmi_jtag/dr_q_reg[25]/C
  -------------------------------------------------------------------    -------------------
    SLICE_X101Y34        FDCE (Prop_fdce_C_Q)         0.141     2.559 r  i_dmi_jtag/dr_q_reg[25]/Q
                         net (fo=2, routed)           0.100     2.659    i_dmi_jtag/i_dmi_cdc/i_cdc_resp/i_dst/data_q_reg[31][25]
    SLICE_X100Y34        LUT4 (Prop_lut4_I3_O)        0.045     2.704 r  i_dmi_jtag/i_dmi_cdc/i_cdc_resp/i_dst/data_q[23]_i_1/O
                         net (fo=1, routed)           0.000     2.704    i_dmi_jtag/i_dmi_cdc_n_233
    SLICE_X100Y34        FDCE                                         r  i_dmi_jtag/data_q_reg[23]/D
  -------------------------------------------------------------------    -------------------

                         (clock tck rise edge)        0.000     0.000 r  
    H15                                               0.000     0.000 r  tck (IN)
                         net (fo=0)                   0.000     0.000    tck
    H15                  IBUF (Prop_ibuf_I_O)         0.456     0.456 r  tck_IBUF_inst/O
                         net (fo=1, routed)           1.762     2.218    tck_IBUF
    BUFGCTRL_X0Y0        BUFG (Prop_bufg_I_O)         0.029     2.247 r  tck_IBUF_BUFG_inst/O
                         net (fo=258, routed)         0.875     3.122    i_dmi_jtag/CLK
    SLICE_X100Y34        FDCE                                         r  i_dmi_jtag/data_q_reg[23]/C
                         clock pessimism             -0.691     2.431    
    SLICE_X100Y34        FDCE (Hold_fdce_C_D)         0.121     2.552    i_dmi_jtag/data_q_reg[23]
  -------------------------------------------------------------------
                         required time                         -2.552    
                         arrival time                           2.704    
  -------------------------------------------------------------------
                         slack                                  0.152    

Slack (MET) :             0.152ns  (arrival time - required time)
  Source:                 i_dmi_jtag/dr_q_reg[15]/C
                            (rising edge-triggered cell FDCE clocked by tck  {rise@0.000ns fall@62.500ns period=125.000ns})
  Destination:            i_dmi_jtag/data_q_reg[13]/D
                            (rising edge-triggered cell FDCE clocked by tck  {rise@0.000ns fall@62.500ns period=125.000ns})
  Path Group:             tck
  Path Type:              Hold (Min at Fast Process Corner)
  Requirement:            0.000ns  (tck rise@0.000ns - tck rise@0.000ns)
  Data Path Delay:        0.285ns  (logic 0.186ns (65.209%)  route 0.099ns (34.791%))
  Logic Levels:           1  (LUT4=1)
  Clock Path Skew:        0.013ns (DCD - SCD - CPR)
    Destination Clock Delay (DCD):    3.152ns
    Source Clock Delay      (SCD):    2.445ns
    Clock Pessimism Removal (CPR):    0.694ns

    Location             Delay type                Incr(ns)  Path(ns)    Netlist Resource(s)
  -------------------------------------------------------------------    -------------------
                         (clock tck rise edge)        0.000     0.000 r  
    H15                                               0.000     0.000 r  tck (IN)
                         net (fo=0)                   0.000     0.000    tck
    H15                  IBUF (Prop_ibuf_I_O)         0.268     0.268 r  tck_IBUF_inst/O
                         net (fo=1, routed)           1.516     1.784    tck_IBUF
    BUFGCTRL_X0Y0        BUFG (Prop_bufg_I_O)         0.026     1.810 r  tck_IBUF_BUFG_inst/O
                         net (fo=258, routed)         0.635     2.445    i_dmi_jtag/CLK
    SLICE_X109Y36        FDCE                                         r  i_dmi_jtag/dr_q_reg[15]/C
  -------------------------------------------------------------------    -------------------
    SLICE_X109Y36        FDCE (Prop_fdce_C_Q)         0.141     2.586 r  i_dmi_jtag/dr_q_reg[15]/Q
                         net (fo=2, routed)           0.099     2.685    i_dmi_jtag/i_dmi_cdc/i_cdc_resp/i_dst/data_q_reg[31][15]
    SLICE_X108Y36        LUT4 (Prop_lut4_I3_O)        0.045     2.730 r  i_dmi_jtag/i_dmi_cdc/i_cdc_resp/i_dst/data_q[13]_i_1/O
                         net (fo=1, routed)           0.000     2.730    i_dmi_jtag/i_dmi_cdc_n_243
    SLICE_X108Y36        FDCE                                         r  i_dmi_jtag/data_q_reg[13]/D
  -------------------------------------------------------------------    -------------------

                         (clock tck rise edge)        0.000     0.000 r  
    H15                                               0.000     0.000 r  tck (IN)
                         net (fo=0)                   0.000     0.000    tck
    H15                  IBUF (Prop_ibuf_I_O)         0.456     0.456 r  tck_IBUF_inst/O
                         net (fo=1, routed)           1.762     2.218    tck_IBUF
    BUFGCTRL_X0Y0        BUFG (Prop_bufg_I_O)         0.029     2.247 r  tck_IBUF_BUFG_inst/O
                         net (fo=258, routed)         0.905     3.152    i_dmi_jtag/CLK
    SLICE_X108Y36        FDCE                                         r  i_dmi_jtag/data_q_reg[13]/C
                         clock pessimism             -0.694     2.458    
    SLICE_X108Y36        FDCE (Hold_fdce_C_D)         0.120     2.578    i_dmi_jtag/data_q_reg[13]
  -------------------------------------------------------------------
                         required time                         -2.578    
                         arrival time                           2.730    
  -------------------------------------------------------------------
                         slack                                  0.152    





Pulse Width Checks
--------------------------------------------------------------------------------------
Clock Name:         tck
Waveform(ns):       { 0.000 62.500 }
Period(ns):         125.000
Sources:            { tck }

Check Type        Corner  Lib Pin  Reference Pin  Required(ns)  Actual(ns)  Slack(ns)  Location       Pin
Min Period        n/a     BUFG/I   n/a            2.155         125.000     122.845    BUFGCTRL_X0Y0  tck_IBUF_BUFG_inst/I
Min Period        n/a     FDCE/C   n/a            1.000         125.000     124.000    SLICE_X106Y40  i_dmi_jtag/FSM_sequential_state_q_reg[0]/C
Min Period        n/a     FDCE/C   n/a            1.000         125.000     124.000    SLICE_X106Y39  i_dmi_jtag/FSM_sequential_state_q_reg[1]/C
Min Period        n/a     FDCE/C   n/a            1.000         125.000     124.000    SLICE_X106Y40  i_dmi_jtag/FSM_sequential_state_q_reg[2]/C
Min Period        n/a     FDCE/C   n/a            1.000         125.000     124.000    SLICE_X104Y37  i_dmi_jtag/address_q_reg[0]/C
Min Period        n/a     FDCE/C   n/a            1.000         125.000     124.000    SLICE_X104Y37  i_dmi_jtag/address_q_reg[1]/C
Min Period        n/a     FDCE/C   n/a            1.000         125.000     124.000    SLICE_X104Y37  i_dmi_jtag/address_q_reg[2]/C
Min Period        n/a     FDCE/C   n/a            1.000         125.000     124.000    SLICE_X104Y37  i_dmi_jtag/address_q_reg[3]/C
Min Period        n/a     FDCE/C   n/a            1.000         125.000     124.000    SLICE_X104Y37  i_dmi_jtag/address_q_reg[4]/C
Min Period        n/a     FDCE/C   n/a            1.000         125.000     124.000    SLICE_X104Y37  i_dmi_jtag/address_q_reg[5]/C
Low Pulse Width   Slow    FDCE/C   n/a            0.500         62.500      62.000     SLICE_X106Y40  i_dmi_jtag/FSM_sequential_state_q_reg[0]/C
Low Pulse Width   Fast    FDCE/C   n/a            0.500         62.500      62.000     SLICE_X106Y40  i_dmi_jtag/FSM_sequential_state_q_reg[0]/C
Low Pulse Width   Slow    FDCE/C   n/a            0.500         62.500      62.000     SLICE_X106Y39  i_dmi_jtag/FSM_sequential_state_q_reg[1]/C
Low Pulse Width   Fast    FDCE/C   n/a            0.500         62.500      62.000     SLICE_X106Y39  i_dmi_jtag/FSM_sequential_state_q_reg[1]/C
Low Pulse Width   Slow    FDCE/C   n/a            0.500         62.500      62.000     SLICE_X106Y40  i_dmi_jtag/FSM_sequential_state_q_reg[2]/C
Low Pulse Width   Fast    FDCE/C   n/a            0.500         62.500      62.000     SLICE_X106Y40  i_dmi_jtag/FSM_sequential_state_q_reg[2]/C
Low Pulse Width   Slow    FDCE/C   n/a            0.500         62.500      62.000     SLICE_X104Y37  i_dmi_jtag/address_q_reg[0]/C
Low Pulse Width   Fast    FDCE/C   n/a            0.500         62.500      62.000     SLICE_X104Y37  i_dmi_jtag/address_q_reg[0]/C
Low Pulse Width   Slow    FDCE/C   n/a            0.500         62.500      62.000     SLICE_X104Y37  i_dmi_jtag/address_q_reg[1]/C
Low Pulse Width   Fast    FDCE/C   n/a            0.500         62.500      62.000     SLICE_X104Y37  i_dmi_jtag/address_q_reg[1]/C
High Pulse Width  Slow    FDCE/C   n/a            0.500         62.500      62.000     SLICE_X106Y40  i_dmi_jtag/FSM_sequential_state_q_reg[0]/C
High Pulse Width  Fast    FDCE/C   n/a            0.500         62.500      62.000     SLICE_X106Y40  i_dmi_jtag/FSM_sequential_state_q_reg[0]/C
High Pulse Width  Slow    FDCE/C   n/a            0.500         62.500      62.000     SLICE_X106Y39  i_dmi_jtag/FSM_sequential_state_q_reg[1]/C
High Pulse Width  Fast    FDCE/C   n/a            0.500         62.500      62.000     SLICE_X106Y39  i_dmi_jtag/FSM_sequential_state_q_reg[1]/C
High Pulse Width  Slow    FDCE/C   n/a            0.500         62.500      62.000     SLICE_X106Y40  i_dmi_jtag/FSM_sequential_state_q_reg[2]/C
High Pulse Width  Fast    FDCE/C   n/a            0.500         62.500      62.000     SLICE_X106Y40  i_dmi_jtag/FSM_sequential_state_q_reg[2]/C
High Pulse Width  Slow    FDCE/C   n/a            0.500         62.500      62.000     SLICE_X104Y37  i_dmi_jtag/address_q_reg[0]/C
High Pulse Width  Fast    FDCE/C   n/a            0.500         62.500      62.000     SLICE_X104Y37  i_dmi_jtag/address_q_reg[0]/C
High Pulse Width  Slow    FDCE/C   n/a            0.500         62.500      62.000     SLICE_X104Y37  i_dmi_jtag/address_q_reg[1]/C
High Pulse Width  Fast    FDCE/C   n/a            0.500         62.500      62.000     SLICE_X104Y37  i_dmi_jtag/address_q_reg[1]/C



---------------------------------------------------------------------------------------------------
From Clock:  tck
  To Clock:  clk_out1_xlnx_clk_gen

Setup :            0  Failing Endpoints,  Worst Slack       20.176ns,  Total Violation        0.000ns
Hold  :            0  Failing Endpoints,  Worst Slack        2.795ns,  Total Violation        0.000ns
---------------------------------------------------------------------------------------------------


Max Delay Paths
--------------------------------------------------------------------------------------
Slack (MET) :             20.176ns  (required time - arrival time)
  Source:                 i_dmi_jtag/i_dmi_cdc/i_cdc_req/i_src/data_src_q_reg[data][16]/C
                            (rising edge-triggered cell FDCE clocked by tck  {rise@0.000ns fall@62.500ns period=125.000ns})
  Destination:            i_dmi_jtag/i_dmi_cdc/i_cdc_req/i_dst/data_dst_q_reg[data][16]/D
                            (rising edge-triggered cell FDCE clocked by clk_out1_xlnx_clk_gen  {rise@0.000ns fall@15.625ns period=31.250ns})
  Path Group:             clk_out1_xlnx_clk_gen
  Path Type:              Setup (Max at Slow Process Corner)
  Requirement:            31.250ns  (clk_out1_xlnx_clk_gen rise@31.250ns - tck rise@0.000ns)
  Data Path Delay:        1.534ns  (logic 0.419ns (27.318%)  route 1.115ns (72.682%))
  Logic Levels:           0  
  Clock Path Skew:        -8.661ns (DCD - SCD + CPR)
    Destination Clock Delay (DCD):    -1.528ns = ( 29.722 - 31.250 ) 
    Source Clock Delay      (SCD):    7.133ns
    Clock Pessimism Removal (CPR):    0.000ns
  Clock Uncertainty:      0.604ns  ((TSJ^2 + TIJ^2 + DJ^2)^1/2) / 2 + PE
    Total System Jitter     (TSJ):    0.071ns
    Total Input Jitter      (TIJ):    1.000ns
    Discrete Jitter          (DJ):    0.155ns
    Phase Error              (PE):    0.097ns
  Clock Domain Crossing:  Inter clock paths are considered valid unless explicitly excluded by timing constraints such as set_clock_groups or set_false_path.

    Location             Delay type                Incr(ns)  Path(ns)    Netlist Resource(s)
  -------------------------------------------------------------------    -------------------
                         (clock tck rise edge)        0.000     0.000 r  
    H15                                               0.000     0.000 r  tck (IN)
                         net (fo=0)                   0.000     0.000    tck
    H15                  IBUF (Prop_ibuf_I_O)         1.500     1.500 r  tck_IBUF_inst/O
                         net (fo=1, routed)           3.659     5.159    tck_IBUF
    BUFGCTRL_X0Y0        BUFG (Prop_bufg_I_O)         0.101     5.260 r  tck_IBUF_BUFG_inst/O
                         net (fo=258, routed)         1.873     7.133    i_dmi_jtag/i_dmi_cdc/i_cdc_req/i_src/CLK
    SLICE_X107Y35        FDCE                                         r  i_dmi_jtag/i_dmi_cdc/i_cdc_req/i_src/data_src_q_reg[data][16]/C
  -------------------------------------------------------------------    -------------------
    SLICE_X107Y35        FDCE (Prop_fdce_C_Q)         0.419     7.552 r  i_dmi_jtag/i_dmi_cdc/i_cdc_req/i_src/data_src_q_reg[data][16]/Q
                         net (fo=1, routed)           1.115     8.667    i_dmi_jtag/i_dmi_cdc/i_cdc_req/i_dst/data_dst_q_reg[data][31]_2[16]
    SLICE_X103Y32        FDCE                                         r  i_dmi_jtag/i_dmi_cdc/i_cdc_req/i_dst/data_dst_q_reg[data][16]/D
  -------------------------------------------------------------------    -------------------

                         (clock clk_out1_xlnx_clk_gen rise edge)
                                                     31.250    31.250 r  
    K17                                               0.000    31.250 r  clk_sys (IN)
                         net (fo=0)                   0.000    31.250    i_xlnx_clk_gen/inst/clk_in1
    K17                  IBUF (Prop_ibuf_I_O)         1.404    32.654 r  i_xlnx_clk_gen/inst/clkin1_ibufg/O
                         net (fo=1, routed)           1.162    33.816    i_xlnx_clk_gen/inst/clk_in1_xlnx_clk_gen
    MMCME2_ADV_X1Y2      MMCME2_ADV (Prop_mmcme2_adv_CLKIN1_CLKOUT0)
                                                     -7.814    26.002 r  i_xlnx_clk_gen/inst/mmcm_adv_inst/CLKOUT0
                         net (fo=1, routed)           2.012    28.014    i_xlnx_clk_gen/inst/clk_out1_xlnx_clk_gen
    BUFGCTRL_X0Y16       BUFG (Prop_bufg_I_O)         0.091    28.105 r  i_xlnx_clk_gen/inst/clkout1_buf/O
                         net (fo=15309, routed)       1.617    29.722    i_dmi_jtag/i_dmi_cdc/i_cdc_req/i_dst/clk_out1
    SLICE_X103Y32        FDCE                                         r  i_dmi_jtag/i_dmi_cdc/i_cdc_req/i_dst/data_dst_q_reg[data][16]/C
                         clock pessimism              0.000    29.722    
                         clock uncertainty           -0.604    29.118    
    SLICE_X103Y32        FDCE (Setup_fdce_C_D)       -0.275    28.843    i_dmi_jtag/i_dmi_cdc/i_cdc_req/i_dst/data_dst_q_reg[data][16]
  -------------------------------------------------------------------
                         required time                         28.843    
                         arrival time                          -8.667    
  -------------------------------------------------------------------
                         slack                                 20.176    

Slack (MET) :             20.718ns  (required time - arrival time)
  Source:                 i_dmi_jtag/i_dmi_cdc/i_cdc_req/i_src/data_src_q_reg[data][10]/C
                            (rising edge-triggered cell FDCE clocked by tck  {rise@0.000ns fall@62.500ns period=125.000ns})
  Destination:            i_dmi_jtag/i_dmi_cdc/i_cdc_req/i_dst/data_dst_q_reg[data][10]/D
                            (rising edge-triggered cell FDCE clocked by clk_out1_xlnx_clk_gen  {rise@0.000ns fall@15.625ns period=31.250ns})
  Path Group:             clk_out1_xlnx_clk_gen
  Path Type:              Setup (Max at Slow Process Corner)
  Requirement:            31.250ns  (clk_out1_xlnx_clk_gen rise@31.250ns - tck rise@0.000ns)
  Data Path Delay:        1.311ns  (logic 0.456ns (34.794%)  route 0.855ns (65.206%))
  Logic Levels:           0  
  Clock Path Skew:        -8.586ns (DCD - SCD + CPR)
    Destination Clock Delay (DCD):    -1.453ns = ( 29.797 - 31.250 ) 
    Source Clock Delay      (SCD):    7.133ns
    Clock Pessimism Removal (CPR):    0.000ns
  Clock Uncertainty:      0.604ns  ((TSJ^2 + TIJ^2 + DJ^2)^1/2) / 2 + PE
    Total System Jitter     (TSJ):    0.071ns
    Total Input Jitter      (TIJ):    1.000ns
    Discrete Jitter          (DJ):    0.155ns
    Phase Error              (PE):    0.097ns
  Clock Domain Crossing:  Inter clock paths are considered valid unless explicitly excluded by timing constraints such as set_clock_groups or set_false_path.

    Location             Delay type                Incr(ns)  Path(ns)    Netlist Resource(s)
  -------------------------------------------------------------------    -------------------
                         (clock tck rise edge)        0.000     0.000 r  
    H15                                               0.000     0.000 r  tck (IN)
                         net (fo=0)                   0.000     0.000    tck
    H15                  IBUF (Prop_ibuf_I_O)         1.500     1.500 r  tck_IBUF_inst/O
                         net (fo=1, routed)           3.659     5.159    tck_IBUF
    BUFGCTRL_X0Y0        BUFG (Prop_bufg_I_O)         0.101     5.260 r  tck_IBUF_BUFG_inst/O
                         net (fo=258, routed)         1.873     7.133    i_dmi_jtag/i_dmi_cdc/i_cdc_req/i_src/CLK
    SLICE_X109Y35        FDCE                                         r  i_dmi_jtag/i_dmi_cdc/i_cdc_req/i_src/data_src_q_reg[data][10]/C
  -------------------------------------------------------------------    -------------------
    SLICE_X109Y35        FDCE (Prop_fdce_C_Q)         0.456     7.589 r  i_dmi_jtag/i_dmi_cdc/i_cdc_req/i_src/data_src_q_reg[data][10]/Q
                         net (fo=1, routed)           0.855     8.444    i_dmi_jtag/i_dmi_cdc/i_cdc_req/i_dst/data_dst_q_reg[data][31]_2[10]
    SLICE_X108Y32        FDCE                                         r  i_dmi_jtag/i_dmi_cdc/i_cdc_req/i_dst/data_dst_q_reg[data][10]/D
  -------------------------------------------------------------------    -------------------

                         (clock clk_out1_xlnx_clk_gen rise edge)
                                                     31.250    31.250 r  
    K17                                               0.000    31.250 r  clk_sys (IN)
                         net (fo=0)                   0.000    31.250    i_xlnx_clk_gen/inst/clk_in1
    K17                  IBUF (Prop_ibuf_I_O)         1.404    32.654 r  i_xlnx_clk_gen/inst/clkin1_ibufg/O
                         net (fo=1, routed)           1.162    33.816    i_xlnx_clk_gen/inst/clk_in1_xlnx_clk_gen
    MMCME2_ADV_X1Y2      MMCME2_ADV (Prop_mmcme2_adv_CLKIN1_CLKOUT0)
                                                     -7.814    26.002 r  i_xlnx_clk_gen/inst/mmcm_adv_inst/CLKOUT0
                         net (fo=1, routed)           2.012    28.014    i_xlnx_clk_gen/inst/clk_out1_xlnx_clk_gen
    BUFGCTRL_X0Y16       BUFG (Prop_bufg_I_O)         0.091    28.105 r  i_xlnx_clk_gen/inst/clkout1_buf/O
                         net (fo=15309, routed)       1.692    29.797    i_dmi_jtag/i_dmi_cdc/i_cdc_req/i_dst/clk_out1
    SLICE_X108Y32        FDCE                                         r  i_dmi_jtag/i_dmi_cdc/i_cdc_req/i_dst/data_dst_q_reg[data][10]/C
                         clock pessimism              0.000    29.797    
                         clock uncertainty           -0.604    29.193    
    SLICE_X108Y32        FDCE (Setup_fdce_C_D)       -0.031    29.162    i_dmi_jtag/i_dmi_cdc/i_cdc_req/i_dst/data_dst_q_reg[data][10]
  -------------------------------------------------------------------
                         required time                         29.162    
                         arrival time                          -8.444    
  -------------------------------------------------------------------
                         slack                                 20.718    

Slack (MET) :             20.734ns  (required time - arrival time)
  Source:                 i_dmi_jtag/i_dmi_cdc/i_cdc_req/i_src/data_src_q_reg[addr][4]/C
                            (rising edge-triggered cell FDCE clocked by tck  {rise@0.000ns fall@62.500ns period=125.000ns})
  Destination:            i_dmi_jtag/i_dmi_cdc/i_cdc_req/i_dst/data_dst_q_reg[addr][4]/D
                            (rising edge-triggered cell FDCE clocked by clk_out1_xlnx_clk_gen  {rise@0.000ns fall@15.625ns period=31.250ns})
  Path Group:             clk_out1_xlnx_clk_gen
  Path Type:              Setup (Max at Slow Process Corner)
  Requirement:            31.250ns  (clk_out1_xlnx_clk_gen rise@31.250ns - tck rise@0.000ns)
  Data Path Delay:        1.262ns  (logic 0.456ns (36.139%)  route 0.806ns (63.861%))
  Logic Levels:           0  
  Clock Path Skew:        -8.583ns (DCD - SCD + CPR)
    Destination Clock Delay (DCD):    -1.450ns = ( 29.800 - 31.250 ) 
    Source Clock Delay      (SCD):    7.133ns
    Clock Pessimism Removal (CPR):    0.000ns
  Clock Uncertainty:      0.604ns  ((TSJ^2 + TIJ^2 + DJ^2)^1/2) / 2 + PE
    Total System Jitter     (TSJ):    0.071ns
    Total Input Jitter      (TIJ):    1.000ns
    Discrete Jitter          (DJ):    0.155ns
    Phase Error              (PE):    0.097ns
  Clock Domain Crossing:  Inter clock paths are considered valid unless explicitly excluded by timing constraints such as set_clock_groups or set_false_path.

    Location             Delay type                Incr(ns)  Path(ns)    Netlist Resource(s)
  -------------------------------------------------------------------    -------------------
                         (clock tck rise edge)        0.000     0.000 r  
    H15                                               0.000     0.000 r  tck (IN)
                         net (fo=0)                   0.000     0.000    tck
    H15                  IBUF (Prop_ibuf_I_O)         1.500     1.500 r  tck_IBUF_inst/O
                         net (fo=1, routed)           3.659     5.159    tck_IBUF
    BUFGCTRL_X0Y0        BUFG (Prop_bufg_I_O)         0.101     5.260 r  tck_IBUF_BUFG_inst/O
                         net (fo=258, routed)         1.873     7.133    i_dmi_jtag/i_dmi_cdc/i_cdc_req/i_src/CLK
    SLICE_X107Y35        FDCE                                         r  i_dmi_jtag/i_dmi_cdc/i_cdc_req/i_src/data_src_q_reg[addr][4]/C
  -------------------------------------------------------------------    -------------------
    SLICE_X107Y35        FDCE (Prop_fdce_C_Q)         0.456     7.589 r  i_dmi_jtag/i_dmi_cdc/i_cdc_req/i_src/data_src_q_reg[addr][4]/Q
                         net (fo=1, routed)           0.806     8.395    i_dmi_jtag/i_dmi_cdc/i_cdc_req/i_dst/data_dst_q_reg[addr][6]_1[4]
    SLICE_X106Y35        FDCE                                         r  i_dmi_jtag/i_dmi_cdc/i_cdc_req/i_dst/data_dst_q_reg[addr][4]/D
  -------------------------------------------------------------------    -------------------

                         (clock clk_out1_xlnx_clk_gen rise edge)
                                                     31.250    31.250 r  
    K17                                               0.000    31.250 r  clk_sys (IN)
                         net (fo=0)                   0.000    31.250    i_xlnx_clk_gen/inst/clk_in1
    K17                  IBUF (Prop_ibuf_I_O)         1.404    32.654 r  i_xlnx_clk_gen/inst/clkin1_ibufg/O
                         net (fo=1, routed)           1.162    33.816    i_xlnx_clk_gen/inst/clk_in1_xlnx_clk_gen
    MMCME2_ADV_X1Y2      MMCME2_ADV (Prop_mmcme2_adv_CLKIN1_CLKOUT0)
                                                     -7.814    26.002 r  i_xlnx_clk_gen/inst/mmcm_adv_inst/CLKOUT0
                         net (fo=1, routed)           2.012    28.014    i_xlnx_clk_gen/inst/clk_out1_xlnx_clk_gen
    BUFGCTRL_X0Y16       BUFG (Prop_bufg_I_O)         0.091    28.105 r  i_xlnx_clk_gen/inst/clkout1_buf/O
                         net (fo=15309, routed)       1.695    29.800    i_dmi_jtag/i_dmi_cdc/i_cdc_req/i_dst/clk_out1
    SLICE_X106Y35        FDCE                                         r  i_dmi_jtag/i_dmi_cdc/i_cdc_req/i_dst/data_dst_q_reg[addr][4]/C
                         clock pessimism              0.000    29.800    
                         clock uncertainty           -0.604    29.196    
    SLICE_X106Y35        FDCE (Setup_fdce_C_D)       -0.067    29.129    i_dmi_jtag/i_dmi_cdc/i_cdc_req/i_dst/data_dst_q_reg[addr][4]
  -------------------------------------------------------------------
                         required time                         29.129    
                         arrival time                          -8.395    
  -------------------------------------------------------------------
                         slack                                 20.734    

Slack (MET) :             20.789ns  (required time - arrival time)
  Source:                 i_dmi_jtag/i_dmi_cdc/i_cdc_req/i_src/data_src_q_reg[addr][3]/C
                            (rising edge-triggered cell FDCE clocked by tck  {rise@0.000ns fall@62.500ns period=125.000ns})
  Destination:            i_dmi_jtag/i_dmi_cdc/i_cdc_req/i_dst/data_dst_q_reg[addr][3]/D
                            (rising edge-triggered cell FDCE clocked by clk_out1_xlnx_clk_gen  {rise@0.000ns fall@15.625ns period=31.250ns})
  Path Group:             clk_out1_xlnx_clk_gen
  Path Type:              Setup (Max at Slow Process Corner)
  Requirement:            31.250ns  (clk_out1_xlnx_clk_gen rise@31.250ns - tck rise@0.000ns)
  Data Path Delay:        1.231ns  (logic 0.456ns (37.034%)  route 0.775ns (62.966%))
  Logic Levels:           0  
  Clock Path Skew:        -8.583ns (DCD - SCD + CPR)
    Destination Clock Delay (DCD):    -1.450ns = ( 29.800 - 31.250 ) 
    Source Clock Delay      (SCD):    7.133ns
    Clock Pessimism Removal (CPR):    0.000ns
  Clock Uncertainty:      0.604ns  ((TSJ^2 + TIJ^2 + DJ^2)^1/2) / 2 + PE
    Total System Jitter     (TSJ):    0.071ns
    Total Input Jitter      (TIJ):    1.000ns
    Discrete Jitter          (DJ):    0.155ns
    Phase Error              (PE):    0.097ns
  Clock Domain Crossing:  Inter clock paths are considered valid unless explicitly excluded by timing constraints such as set_clock_groups or set_false_path.

    Location             Delay type                Incr(ns)  Path(ns)    Netlist Resource(s)
  -------------------------------------------------------------------    -------------------
                         (clock tck rise edge)        0.000     0.000 r  
    H15                                               0.000     0.000 r  tck (IN)
                         net (fo=0)                   0.000     0.000    tck
    H15                  IBUF (Prop_ibuf_I_O)         1.500     1.500 r  tck_IBUF_inst/O
                         net (fo=1, routed)           3.659     5.159    tck_IBUF
    BUFGCTRL_X0Y0        BUFG (Prop_bufg_I_O)         0.101     5.260 r  tck_IBUF_BUFG_inst/O
                         net (fo=258, routed)         1.873     7.133    i_dmi_jtag/i_dmi_cdc/i_cdc_req/i_src/CLK
    SLICE_X107Y35        FDCE                                         r  i_dmi_jtag/i_dmi_cdc/i_cdc_req/i_src/data_src_q_reg[addr][3]/C
  -------------------------------------------------------------------    -------------------
    SLICE_X107Y35        FDCE (Prop_fdce_C_Q)         0.456     7.589 r  i_dmi_jtag/i_dmi_cdc/i_cdc_req/i_src/data_src_q_reg[addr][3]/Q
                         net (fo=1, routed)           0.775     8.365    i_dmi_jtag/i_dmi_cdc/i_cdc_req/i_dst/data_dst_q_reg[addr][6]_1[3]
    SLICE_X108Y35        FDCE                                         r  i_dmi_jtag/i_dmi_cdc/i_cdc_req/i_dst/data_dst_q_reg[addr][3]/D
  -------------------------------------------------------------------    -------------------

                         (clock clk_out1_xlnx_clk_gen rise edge)
                                                     31.250    31.250 r  
    K17                                               0.000    31.250 r  clk_sys (IN)
                         net (fo=0)                   0.000    31.250    i_xlnx_clk_gen/inst/clk_in1
    K17                  IBUF (Prop_ibuf_I_O)         1.404    32.654 r  i_xlnx_clk_gen/inst/clkin1_ibufg/O
                         net (fo=1, routed)           1.162    33.816    i_xlnx_clk_gen/inst/clk_in1_xlnx_clk_gen
    MMCME2_ADV_X1Y2      MMCME2_ADV (Prop_mmcme2_adv_CLKIN1_CLKOUT0)
                                                     -7.814    26.002 r  i_xlnx_clk_gen/inst/mmcm_adv_inst/CLKOUT0
                         net (fo=1, routed)           2.012    28.014    i_xlnx_clk_gen/inst/clk_out1_xlnx_clk_gen
    BUFGCTRL_X0Y16       BUFG (Prop_bufg_I_O)         0.091    28.105 r  i_xlnx_clk_gen/inst/clkout1_buf/O
                         net (fo=15309, routed)       1.695    29.800    i_dmi_jtag/i_dmi_cdc/i_cdc_req/i_dst/clk_out1
    SLICE_X108Y35        FDCE                                         r  i_dmi_jtag/i_dmi_cdc/i_cdc_req/i_dst/data_dst_q_reg[addr][3]/C
                         clock pessimism              0.000    29.800    
                         clock uncertainty           -0.604    29.196    
    SLICE_X108Y35        FDCE (Setup_fdce_C_D)       -0.043    29.153    i_dmi_jtag/i_dmi_cdc/i_cdc_req/i_dst/data_dst_q_reg[addr][3]
  -------------------------------------------------------------------
                         required time                         29.153    
                         arrival time                          -8.365    
  -------------------------------------------------------------------
                         slack                                 20.789    

Slack (MET) :             20.870ns  (required time - arrival time)
  Source:                 i_dmi_jtag/i_dmi_cdc/i_cdc_req/i_src/data_src_q_reg[data][17]/C
                            (rising edge-triggered cell FDCE clocked by tck  {rise@0.000ns fall@62.500ns period=125.000ns})
  Destination:            i_dmi_jtag/i_dmi_cdc/i_cdc_req/i_dst/data_dst_q_reg[data][17]/D
                            (rising edge-triggered cell FDCE clocked by clk_out1_xlnx_clk_gen  {rise@0.000ns fall@15.625ns period=31.250ns})
  Path Group:             clk_out1_xlnx_clk_gen
  Path Type:              Setup (Max at Slow Process Corner)
  Requirement:            31.250ns  (clk_out1_xlnx_clk_gen rise@31.250ns - tck rise@0.000ns)
  Data Path Delay:        1.116ns  (logic 0.518ns (46.426%)  route 0.598ns (53.574%))
  Logic Levels:           0  
  Clock Path Skew:        -8.579ns (DCD - SCD + CPR)
    Destination Clock Delay (DCD):    -1.528ns = ( 29.722 - 31.250 ) 
    Source Clock Delay      (SCD):    7.051ns
    Clock Pessimism Removal (CPR):    0.000ns
  Clock Uncertainty:      0.604ns  ((TSJ^2 + TIJ^2 + DJ^2)^1/2) / 2 + PE
    Total System Jitter     (TSJ):    0.071ns
    Total Input Jitter      (TIJ):    1.000ns
    Discrete Jitter          (DJ):    0.155ns
    Phase Error              (PE):    0.097ns
  Clock Domain Crossing:  Inter clock paths are considered valid unless explicitly excluded by timing constraints such as set_clock_groups or set_false_path.

    Location             Delay type                Incr(ns)  Path(ns)    Netlist Resource(s)
  -------------------------------------------------------------------    -------------------
                         (clock tck rise edge)        0.000     0.000 r  
    H15                                               0.000     0.000 r  tck (IN)
                         net (fo=0)                   0.000     0.000    tck
    H15                  IBUF (Prop_ibuf_I_O)         1.500     1.500 r  tck_IBUF_inst/O
                         net (fo=1, routed)           3.659     5.159    tck_IBUF
    BUFGCTRL_X0Y0        BUFG (Prop_bufg_I_O)         0.101     5.260 r  tck_IBUF_BUFG_inst/O
                         net (fo=258, routed)         1.791     7.051    i_dmi_jtag/i_dmi_cdc/i_cdc_req/i_src/CLK
    SLICE_X102Y32        FDCE                                         r  i_dmi_jtag/i_dmi_cdc/i_cdc_req/i_src/data_src_q_reg[data][17]/C
  -------------------------------------------------------------------    -------------------
    SLICE_X102Y32        FDCE (Prop_fdce_C_Q)         0.518     7.569 r  i_dmi_jtag/i_dmi_cdc/i_cdc_req/i_src/data_src_q_reg[data][17]/Q
                         net (fo=1, routed)           0.598     8.167    i_dmi_jtag/i_dmi_cdc/i_cdc_req/i_dst/data_dst_q_reg[data][31]_2[17]
    SLICE_X103Y32        FDCE                                         r  i_dmi_jtag/i_dmi_cdc/i_cdc_req/i_dst/data_dst_q_reg[data][17]/D
  -------------------------------------------------------------------    -------------------

                         (clock clk_out1_xlnx_clk_gen rise edge)
                                                     31.250    31.250 r  
    K17                                               0.000    31.250 r  clk_sys (IN)
                         net (fo=0)                   0.000    31.250    i_xlnx_clk_gen/inst/clk_in1
    K17                  IBUF (Prop_ibuf_I_O)         1.404    32.654 r  i_xlnx_clk_gen/inst/clkin1_ibufg/O
                         net (fo=1, routed)           1.162    33.816    i_xlnx_clk_gen/inst/clk_in1_xlnx_clk_gen
    MMCME2_ADV_X1Y2      MMCME2_ADV (Prop_mmcme2_adv_CLKIN1_CLKOUT0)
                                                     -7.814    26.002 r  i_xlnx_clk_gen/inst/mmcm_adv_inst/CLKOUT0
                         net (fo=1, routed)           2.012    28.014    i_xlnx_clk_gen/inst/clk_out1_xlnx_clk_gen
    BUFGCTRL_X0Y16       BUFG (Prop_bufg_I_O)         0.091    28.105 r  i_xlnx_clk_gen/inst/clkout1_buf/O
                         net (fo=15309, routed)       1.617    29.722    i_dmi_jtag/i_dmi_cdc/i_cdc_req/i_dst/clk_out1
    SLICE_X103Y32        FDCE                                         r  i_dmi_jtag/i_dmi_cdc/i_cdc_req/i_dst/data_dst_q_reg[data][17]/C
                         clock pessimism              0.000    29.722    
                         clock uncertainty           -0.604    29.118    
    SLICE_X103Y32        FDCE (Setup_fdce_C_D)       -0.081    29.037    i_dmi_jtag/i_dmi_cdc/i_cdc_req/i_dst/data_dst_q_reg[data][17]
  -------------------------------------------------------------------
                         required time                         29.037    
                         arrival time                          -8.167    
  -------------------------------------------------------------------
                         slack                                 20.870    

Slack (MET) :             20.873ns  (required time - arrival time)
  Source:                 i_dmi_jtag/i_dmi_cdc/i_cdc_req/i_src/data_src_q_reg[addr][6]/C
                            (rising edge-triggered cell FDCE clocked by tck  {rise@0.000ns fall@62.500ns period=125.000ns})
  Destination:            i_dmi_jtag/i_dmi_cdc/i_cdc_req/i_dst/data_dst_q_reg[addr][6]/D
                            (rising edge-triggered cell FDCE clocked by clk_out1_xlnx_clk_gen  {rise@0.000ns fall@15.625ns period=31.250ns})
  Path Group:             clk_out1_xlnx_clk_gen
  Path Type:              Setup (Max at Slow Process Corner)
  Requirement:            31.250ns  (clk_out1_xlnx_clk_gen rise@31.250ns - tck rise@0.000ns)
  Data Path Delay:        0.973ns  (logic 0.478ns (49.117%)  route 0.495ns (50.883%))
  Logic Levels:           0  
  Clock Path Skew:        -8.584ns (DCD - SCD + CPR)
    Destination Clock Delay (DCD):    -1.450ns = ( 29.800 - 31.250 ) 
    Source Clock Delay      (SCD):    7.134ns
    Clock Pessimism Removal (CPR):    0.000ns
  Clock Uncertainty:      0.604ns  ((TSJ^2 + TIJ^2 + DJ^2)^1/2) / 2 + PE
    Total System Jitter     (TSJ):    0.071ns
    Total Input Jitter      (TIJ):    1.000ns
    Discrete Jitter          (DJ):    0.155ns
    Phase Error              (PE):    0.097ns
  Clock Domain Crossing:  Inter clock paths are considered valid unless explicitly excluded by timing constraints such as set_clock_groups or set_false_path.

    Location             Delay type                Incr(ns)  Path(ns)    Netlist Resource(s)
  -------------------------------------------------------------------    -------------------
                         (clock tck rise edge)        0.000     0.000 r  
    H15                                               0.000     0.000 r  tck (IN)
                         net (fo=0)                   0.000     0.000    tck
    H15                  IBUF (Prop_ibuf_I_O)         1.500     1.500 r  tck_IBUF_inst/O
                         net (fo=1, routed)           3.659     5.159    tck_IBUF
    BUFGCTRL_X0Y0        BUFG (Prop_bufg_I_O)         0.101     5.260 r  tck_IBUF_BUFG_inst/O
                         net (fo=258, routed)         1.874     7.134    i_dmi_jtag/i_dmi_cdc/i_cdc_req/i_src/CLK
    SLICE_X108Y37        FDCE                                         r  i_dmi_jtag/i_dmi_cdc/i_cdc_req/i_src/data_src_q_reg[addr][6]/C
  -------------------------------------------------------------------    -------------------
    SLICE_X108Y37        FDCE (Prop_fdce_C_Q)         0.478     7.612 r  i_dmi_jtag/i_dmi_cdc/i_cdc_req/i_src/data_src_q_reg[addr][6]/Q
                         net (fo=1, routed)           0.495     8.108    i_dmi_jtag/i_dmi_cdc/i_cdc_req/i_dst/data_dst_q_reg[addr][6]_1[6]
    SLICE_X108Y35        FDCE                                         r  i_dmi_jtag/i_dmi_cdc/i_cdc_req/i_dst/data_dst_q_reg[addr][6]/D
  -------------------------------------------------------------------    -------------------

                         (clock clk_out1_xlnx_clk_gen rise edge)
                                                     31.250    31.250 r  
    K17                                               0.000    31.250 r  clk_sys (IN)
                         net (fo=0)                   0.000    31.250    i_xlnx_clk_gen/inst/clk_in1
    K17                  IBUF (Prop_ibuf_I_O)         1.404    32.654 r  i_xlnx_clk_gen/inst/clkin1_ibufg/O
                         net (fo=1, routed)           1.162    33.816    i_xlnx_clk_gen/inst/clk_in1_xlnx_clk_gen
    MMCME2_ADV_X1Y2      MMCME2_ADV (Prop_mmcme2_adv_CLKIN1_CLKOUT0)
                                                     -7.814    26.002 r  i_xlnx_clk_gen/inst/mmcm_adv_inst/CLKOUT0
                         net (fo=1, routed)           2.012    28.014    i_xlnx_clk_gen/inst/clk_out1_xlnx_clk_gen
    BUFGCTRL_X0Y16       BUFG (Prop_bufg_I_O)         0.091    28.105 r  i_xlnx_clk_gen/inst/clkout1_buf/O
                         net (fo=15309, routed)       1.695    29.800    i_dmi_jtag/i_dmi_cdc/i_cdc_req/i_dst/clk_out1
    SLICE_X108Y35        FDCE                                         r  i_dmi_jtag/i_dmi_cdc/i_cdc_req/i_dst/data_dst_q_reg[addr][6]/C
                         clock pessimism              0.000    29.800    
                         clock uncertainty           -0.604    29.196    
    SLICE_X108Y35        FDCE (Setup_fdce_C_D)       -0.216    28.980    i_dmi_jtag/i_dmi_cdc/i_cdc_req/i_dst/data_dst_q_reg[addr][6]
  -------------------------------------------------------------------
                         required time                         28.980    
                         arrival time                          -8.108    
  -------------------------------------------------------------------
                         slack                                 20.873    

Slack (MET) :             20.877ns  (required time - arrival time)
  Source:                 i_dmi_jtag/i_dmi_cdc/i_cdc_req/i_src/data_src_q_reg[data][19]/C
                            (rising edge-triggered cell FDCE clocked by tck  {rise@0.000ns fall@62.500ns period=125.000ns})
  Destination:            i_dmi_jtag/i_dmi_cdc/i_cdc_req/i_dst/data_dst_q_reg[data][19]/D
                            (rising edge-triggered cell FDCE clocked by clk_out1_xlnx_clk_gen  {rise@0.000ns fall@15.625ns period=31.250ns})
  Path Group:             clk_out1_xlnx_clk_gen
  Path Type:              Setup (Max at Slow Process Corner)
  Requirement:            31.250ns  (clk_out1_xlnx_clk_gen rise@31.250ns - tck rise@0.000ns)
  Data Path Delay:        1.129ns  (logic 0.518ns (45.881%)  route 0.611ns (54.119%))
  Logic Levels:           0  
  Clock Path Skew:        -8.579ns (DCD - SCD + CPR)
    Destination Clock Delay (DCD):    -1.528ns = ( 29.722 - 31.250 ) 
    Source Clock Delay      (SCD):    7.051ns
    Clock Pessimism Removal (CPR):    0.000ns
  Clock Uncertainty:      0.604ns  ((TSJ^2 + TIJ^2 + DJ^2)^1/2) / 2 + PE
    Total System Jitter     (TSJ):    0.071ns
    Total Input Jitter      (TIJ):    1.000ns
    Discrete Jitter          (DJ):    0.155ns
    Phase Error              (PE):    0.097ns
  Clock Domain Crossing:  Inter clock paths are considered valid unless explicitly excluded by timing constraints such as set_clock_groups or set_false_path.

    Location             Delay type                Incr(ns)  Path(ns)    Netlist Resource(s)
  -------------------------------------------------------------------    -------------------
                         (clock tck rise edge)        0.000     0.000 r  
    H15                                               0.000     0.000 r  tck (IN)
                         net (fo=0)                   0.000     0.000    tck
    H15                  IBUF (Prop_ibuf_I_O)         1.500     1.500 r  tck_IBUF_inst/O
                         net (fo=1, routed)           3.659     5.159    tck_IBUF
    BUFGCTRL_X0Y0        BUFG (Prop_bufg_I_O)         0.101     5.260 r  tck_IBUF_BUFG_inst/O
                         net (fo=258, routed)         1.791     7.051    i_dmi_jtag/i_dmi_cdc/i_cdc_req/i_src/CLK
    SLICE_X102Y32        FDCE                                         r  i_dmi_jtag/i_dmi_cdc/i_cdc_req/i_src/data_src_q_reg[data][19]/C
  -------------------------------------------------------------------    -------------------
    SLICE_X102Y32        FDCE (Prop_fdce_C_Q)         0.518     7.569 r  i_dmi_jtag/i_dmi_cdc/i_cdc_req/i_src/data_src_q_reg[data][19]/Q
                         net (fo=1, routed)           0.611     8.181    i_dmi_jtag/i_dmi_cdc/i_cdc_req/i_dst/data_dst_q_reg[data][31]_2[19]
    SLICE_X103Y32        FDCE                                         r  i_dmi_jtag/i_dmi_cdc/i_cdc_req/i_dst/data_dst_q_reg[data][19]/D
  -------------------------------------------------------------------    -------------------

                         (clock clk_out1_xlnx_clk_gen rise edge)
                                                     31.250    31.250 r  
    K17                                               0.000    31.250 r  clk_sys (IN)
                         net (fo=0)                   0.000    31.250    i_xlnx_clk_gen/inst/clk_in1
    K17                  IBUF (Prop_ibuf_I_O)         1.404    32.654 r  i_xlnx_clk_gen/inst/clkin1_ibufg/O
                         net (fo=1, routed)           1.162    33.816    i_xlnx_clk_gen/inst/clk_in1_xlnx_clk_gen
    MMCME2_ADV_X1Y2      MMCME2_ADV (Prop_mmcme2_adv_CLKIN1_CLKOUT0)
                                                     -7.814    26.002 r  i_xlnx_clk_gen/inst/mmcm_adv_inst/CLKOUT0
                         net (fo=1, routed)           2.012    28.014    i_xlnx_clk_gen/inst/clk_out1_xlnx_clk_gen
    BUFGCTRL_X0Y16       BUFG (Prop_bufg_I_O)         0.091    28.105 r  i_xlnx_clk_gen/inst/clkout1_buf/O
                         net (fo=15309, routed)       1.617    29.722    i_dmi_jtag/i_dmi_cdc/i_cdc_req/i_dst/clk_out1
    SLICE_X103Y32        FDCE                                         r  i_dmi_jtag/i_dmi_cdc/i_cdc_req/i_dst/data_dst_q_reg[data][19]/C
                         clock pessimism              0.000    29.722    
                         clock uncertainty           -0.604    29.118    
    SLICE_X103Y32        FDCE (Setup_fdce_C_D)       -0.061    29.057    i_dmi_jtag/i_dmi_cdc/i_cdc_req/i_dst/data_dst_q_reg[data][19]
  -------------------------------------------------------------------
                         required time                         29.057    
                         arrival time                          -8.181    
  -------------------------------------------------------------------
                         slack                                 20.877    

Slack (MET) :             20.881ns  (required time - arrival time)
  Source:                 i_dmi_jtag/i_dmi_cdc/i_cdc_req/i_src/data_src_q_reg[data][20]/C
                            (rising edge-triggered cell FDCE clocked by tck  {rise@0.000ns fall@62.500ns period=125.000ns})
  Destination:            i_dmi_jtag/i_dmi_cdc/i_cdc_req/i_dst/data_dst_q_reg[data][20]/D
                            (rising edge-triggered cell FDCE clocked by clk_out1_xlnx_clk_gen  {rise@0.000ns fall@15.625ns period=31.250ns})
  Path Group:             clk_out1_xlnx_clk_gen
  Path Type:              Setup (Max at Slow Process Corner)
  Requirement:            31.250ns  (clk_out1_xlnx_clk_gen rise@31.250ns - tck rise@0.000ns)
  Data Path Delay:        1.128ns  (logic 0.518ns (45.921%)  route 0.610ns (54.079%))
  Logic Levels:           0  
  Clock Path Skew:        -8.579ns (DCD - SCD + CPR)
    Destination Clock Delay (DCD):    -1.528ns = ( 29.722 - 31.250 ) 
    Source Clock Delay      (SCD):    7.051ns
    Clock Pessimism Removal (CPR):    0.000ns
  Clock Uncertainty:      0.604ns  ((TSJ^2 + TIJ^2 + DJ^2)^1/2) / 2 + PE
    Total System Jitter     (TSJ):    0.071ns
    Total Input Jitter      (TIJ):    1.000ns
    Discrete Jitter          (DJ):    0.155ns
    Phase Error              (PE):    0.097ns
  Clock Domain Crossing:  Inter clock paths are considered valid unless explicitly excluded by timing constraints such as set_clock_groups or set_false_path.

    Location             Delay type                Incr(ns)  Path(ns)    Netlist Resource(s)
  -------------------------------------------------------------------    -------------------
                         (clock tck rise edge)        0.000     0.000 r  
    H15                                               0.000     0.000 r  tck (IN)
                         net (fo=0)                   0.000     0.000    tck
    H15                  IBUF (Prop_ibuf_I_O)         1.500     1.500 r  tck_IBUF_inst/O
                         net (fo=1, routed)           3.659     5.159    tck_IBUF
    BUFGCTRL_X0Y0        BUFG (Prop_bufg_I_O)         0.101     5.260 r  tck_IBUF_BUFG_inst/O
                         net (fo=258, routed)         1.791     7.051    i_dmi_jtag/i_dmi_cdc/i_cdc_req/i_src/CLK
    SLICE_X102Y32        FDCE                                         r  i_dmi_jtag/i_dmi_cdc/i_cdc_req/i_src/data_src_q_reg[data][20]/C
  -------------------------------------------------------------------    -------------------
    SLICE_X102Y32        FDCE (Prop_fdce_C_Q)         0.518     7.569 r  i_dmi_jtag/i_dmi_cdc/i_cdc_req/i_src/data_src_q_reg[data][20]/Q
                         net (fo=1, routed)           0.610     8.180    i_dmi_jtag/i_dmi_cdc/i_cdc_req/i_dst/data_dst_q_reg[data][31]_2[20]
    SLICE_X103Y32        FDCE                                         r  i_dmi_jtag/i_dmi_cdc/i_cdc_req/i_dst/data_dst_q_reg[data][20]/D
  -------------------------------------------------------------------    -------------------

                         (clock clk_out1_xlnx_clk_gen rise edge)
                                                     31.250    31.250 r  
    K17                                               0.000    31.250 r  clk_sys (IN)
                         net (fo=0)                   0.000    31.250    i_xlnx_clk_gen/inst/clk_in1
    K17                  IBUF (Prop_ibuf_I_O)         1.404    32.654 r  i_xlnx_clk_gen/inst/clkin1_ibufg/O
                         net (fo=1, routed)           1.162    33.816    i_xlnx_clk_gen/inst/clk_in1_xlnx_clk_gen
    MMCME2_ADV_X1Y2      MMCME2_ADV (Prop_mmcme2_adv_CLKIN1_CLKOUT0)
                                                     -7.814    26.002 r  i_xlnx_clk_gen/inst/mmcm_adv_inst/CLKOUT0
                         net (fo=1, routed)           2.012    28.014    i_xlnx_clk_gen/inst/clk_out1_xlnx_clk_gen
    BUFGCTRL_X0Y16       BUFG (Prop_bufg_I_O)         0.091    28.105 r  i_xlnx_clk_gen/inst/clkout1_buf/O
                         net (fo=15309, routed)       1.617    29.722    i_dmi_jtag/i_dmi_cdc/i_cdc_req/i_dst/clk_out1
    SLICE_X103Y32        FDCE                                         r  i_dmi_jtag/i_dmi_cdc/i_cdc_req/i_dst/data_dst_q_reg[data][20]/C
                         clock pessimism              0.000    29.722    
                         clock uncertainty           -0.604    29.118    
    SLICE_X103Y32        FDCE (Setup_fdce_C_D)       -0.058    29.060    i_dmi_jtag/i_dmi_cdc/i_cdc_req/i_dst/data_dst_q_reg[data][20]
  -------------------------------------------------------------------
                         required time                         29.060    
                         arrival time                          -8.180    
  -------------------------------------------------------------------
                         slack                                 20.881    

Slack (MET) :             20.894ns  (required time - arrival time)
  Source:                 i_dmi_jtag/i_dmi_cdc/i_cdc_req/i_src/data_src_q_reg[op][1]/C
                            (rising edge-triggered cell FDCE clocked by tck  {rise@0.000ns fall@62.500ns period=125.000ns})
  Destination:            i_dmi_jtag/i_dmi_cdc/i_cdc_req/i_dst/data_dst_q_reg[op][1]/D
                            (rising edge-triggered cell FDCE clocked by clk_out1_xlnx_clk_gen  {rise@0.000ns fall@15.625ns period=31.250ns})
  Path Group:             clk_out1_xlnx_clk_gen
  Path Type:              Setup (Max at Slow Process Corner)
  Requirement:            31.250ns  (clk_out1_xlnx_clk_gen rise@31.250ns - tck rise@0.000ns)
  Data Path Delay:        0.983ns  (logic 0.478ns (48.633%)  route 0.505ns (51.367%))
  Logic Levels:           0  
  Clock Path Skew:        -8.584ns (DCD - SCD + CPR)
    Destination Clock Delay (DCD):    -1.450ns = ( 29.800 - 31.250 ) 
    Source Clock Delay      (SCD):    7.134ns
    Clock Pessimism Removal (CPR):    0.000ns
  Clock Uncertainty:      0.604ns  ((TSJ^2 + TIJ^2 + DJ^2)^1/2) / 2 + PE
    Total System Jitter     (TSJ):    0.071ns
    Total Input Jitter      (TIJ):    1.000ns
    Discrete Jitter          (DJ):    0.155ns
    Phase Error              (PE):    0.097ns
  Clock Domain Crossing:  Inter clock paths are considered valid unless explicitly excluded by timing constraints such as set_clock_groups or set_false_path.

    Location             Delay type                Incr(ns)  Path(ns)    Netlist Resource(s)
  -------------------------------------------------------------------    -------------------
                         (clock tck rise edge)        0.000     0.000 r  
    H15                                               0.000     0.000 r  tck (IN)
                         net (fo=0)                   0.000     0.000    tck
    H15                  IBUF (Prop_ibuf_I_O)         1.500     1.500 r  tck_IBUF_inst/O
                         net (fo=1, routed)           3.659     5.159    tck_IBUF
    BUFGCTRL_X0Y0        BUFG (Prop_bufg_I_O)         0.101     5.260 r  tck_IBUF_BUFG_inst/O
                         net (fo=258, routed)         1.874     7.134    i_dmi_jtag/i_dmi_cdc/i_cdc_req/i_src/CLK
    SLICE_X108Y37        FDCE                                         r  i_dmi_jtag/i_dmi_cdc/i_cdc_req/i_src/data_src_q_reg[op][1]/C
  -------------------------------------------------------------------    -------------------
    SLICE_X108Y37        FDCE (Prop_fdce_C_Q)         0.478     7.612 r  i_dmi_jtag/i_dmi_cdc/i_cdc_req/i_src/data_src_q_reg[op][1]/Q
                         net (fo=1, routed)           0.505     8.117    i_dmi_jtag/i_dmi_cdc/i_cdc_req/i_dst/data_dst_q_reg[op][1]_1[1]
    SLICE_X108Y35        FDCE                                         r  i_dmi_jtag/i_dmi_cdc/i_cdc_req/i_dst/data_dst_q_reg[op][1]/D
  -------------------------------------------------------------------    -------------------

                         (clock clk_out1_xlnx_clk_gen rise edge)
                                                     31.250    31.250 r  
    K17                                               0.000    31.250 r  clk_sys (IN)
                         net (fo=0)                   0.000    31.250    i_xlnx_clk_gen/inst/clk_in1
    K17                  IBUF (Prop_ibuf_I_O)         1.404    32.654 r  i_xlnx_clk_gen/inst/clkin1_ibufg/O
                         net (fo=1, routed)           1.162    33.816    i_xlnx_clk_gen/inst/clk_in1_xlnx_clk_gen
    MMCME2_ADV_X1Y2      MMCME2_ADV (Prop_mmcme2_adv_CLKIN1_CLKOUT0)
                                                     -7.814    26.002 r  i_xlnx_clk_gen/inst/mmcm_adv_inst/CLKOUT0
                         net (fo=1, routed)           2.012    28.014    i_xlnx_clk_gen/inst/clk_out1_xlnx_clk_gen
    BUFGCTRL_X0Y16       BUFG (Prop_bufg_I_O)         0.091    28.105 r  i_xlnx_clk_gen/inst/clkout1_buf/O
                         net (fo=15309, routed)       1.695    29.800    i_dmi_jtag/i_dmi_cdc/i_cdc_req/i_dst/clk_out1
    SLICE_X108Y35        FDCE                                         r  i_dmi_jtag/i_dmi_cdc/i_cdc_req/i_dst/data_dst_q_reg[op][1]/C
                         clock pessimism              0.000    29.800    
                         clock uncertainty           -0.604    29.196    
    SLICE_X108Y35        FDCE (Setup_fdce_C_D)       -0.185    29.011    i_dmi_jtag/i_dmi_cdc/i_cdc_req/i_dst/data_dst_q_reg[op][1]
  -------------------------------------------------------------------
                         required time                         29.011    
                         arrival time                          -8.117    
  -------------------------------------------------------------------
                         slack                                 20.894    

Slack (MET) :             20.894ns  (required time - arrival time)
  Source:                 i_dmi_jtag/i_dmi_cdc/i_cdc_req/i_src/data_src_q_reg[data][30]/C
                            (rising edge-triggered cell FDCE clocked by tck  {rise@0.000ns fall@62.500ns period=125.000ns})
  Destination:            i_dmi_jtag/i_dmi_cdc/i_cdc_req/i_dst/data_dst_q_reg[data][30]/D
                            (rising edge-triggered cell FDCE clocked by clk_out1_xlnx_clk_gen  {rise@0.000ns fall@15.625ns period=31.250ns})
  Path Group:             clk_out1_xlnx_clk_gen
  Path Type:              Setup (Max at Slow Process Corner)
  Requirement:            31.250ns  (clk_out1_xlnx_clk_gen rise@31.250ns - tck rise@0.000ns)
  Data Path Delay:        0.963ns  (logic 0.478ns (49.611%)  route 0.485ns (50.389%))
  Logic Levels:           0  
  Clock Path Skew:        -8.580ns (DCD - SCD + CPR)
    Destination Clock Delay (DCD):    -1.525ns = ( 29.725 - 31.250 ) 
    Source Clock Delay      (SCD):    7.055ns
    Clock Pessimism Removal (CPR):    0.000ns
  Clock Uncertainty:      0.604ns  ((TSJ^2 + TIJ^2 + DJ^2)^1/2) / 2 + PE
    Total System Jitter     (TSJ):    0.071ns
    Total Input Jitter      (TIJ):    1.000ns
    Discrete Jitter          (DJ):    0.155ns
    Phase Error              (PE):    0.097ns
  Clock Domain Crossing:  Inter clock paths are considered valid unless explicitly excluded by timing constraints such as set_clock_groups or set_false_path.

    Location             Delay type                Incr(ns)  Path(ns)    Netlist Resource(s)
  -------------------------------------------------------------------    -------------------
                         (clock tck rise edge)        0.000     0.000 r  
    H15                                               0.000     0.000 r  tck (IN)
                         net (fo=0)                   0.000     0.000    tck
    H15                  IBUF (Prop_ibuf_I_O)         1.500     1.500 r  tck_IBUF_inst/O
                         net (fo=1, routed)           3.659     5.159    tck_IBUF
    BUFGCTRL_X0Y0        BUFG (Prop_bufg_I_O)         0.101     5.260 r  tck_IBUF_BUFG_inst/O
                         net (fo=258, routed)         1.795     7.055    i_dmi_jtag/i_dmi_cdc/i_cdc_req/i_src/CLK
    SLICE_X104Y36        FDCE                                         r  i_dmi_jtag/i_dmi_cdc/i_cdc_req/i_src/data_src_q_reg[data][30]/C
  -------------------------------------------------------------------    -------------------
    SLICE_X104Y36        FDCE (Prop_fdce_C_Q)         0.478     7.533 r  i_dmi_jtag/i_dmi_cdc/i_cdc_req/i_src/data_src_q_reg[data][30]/Q
                         net (fo=1, routed)           0.485     8.019    i_dmi_jtag/i_dmi_cdc/i_cdc_req/i_dst/data_dst_q_reg[data][31]_2[30]
    SLICE_X102Y36        FDCE                                         r  i_dmi_jtag/i_dmi_cdc/i_cdc_req/i_dst/data_dst_q_reg[data][30]/D
  -------------------------------------------------------------------    -------------------

                         (clock clk_out1_xlnx_clk_gen rise edge)
                                                     31.250    31.250 r  
    K17                                               0.000    31.250 r  clk_sys (IN)
                         net (fo=0)                   0.000    31.250    i_xlnx_clk_gen/inst/clk_in1
    K17                  IBUF (Prop_ibuf_I_O)         1.404    32.654 r  i_xlnx_clk_gen/inst/clkin1_ibufg/O
                         net (fo=1, routed)           1.162    33.816    i_xlnx_clk_gen/inst/clk_in1_xlnx_clk_gen
    MMCME2_ADV_X1Y2      MMCME2_ADV (Prop_mmcme2_adv_CLKIN1_CLKOUT0)
                                                     -7.814    26.002 r  i_xlnx_clk_gen/inst/mmcm_adv_inst/CLKOUT0
                         net (fo=1, routed)           2.012    28.014    i_xlnx_clk_gen/inst/clk_out1_xlnx_clk_gen
    BUFGCTRL_X0Y16       BUFG (Prop_bufg_I_O)         0.091    28.105 r  i_xlnx_clk_gen/inst/clkout1_buf/O
                         net (fo=15309, routed)       1.620    29.725    i_dmi_jtag/i_dmi_cdc/i_cdc_req/i_dst/clk_out1
    SLICE_X102Y36        FDCE                                         r  i_dmi_jtag/i_dmi_cdc/i_cdc_req/i_dst/data_dst_q_reg[data][30]/C
                         clock pessimism              0.000    29.725    
                         clock uncertainty           -0.604    29.121    
    SLICE_X102Y36        FDCE (Setup_fdce_C_D)       -0.208    28.913    i_dmi_jtag/i_dmi_cdc/i_cdc_req/i_dst/data_dst_q_reg[data][30]
  -------------------------------------------------------------------
                         required time                         28.913    
                         arrival time                          -8.019    
  -------------------------------------------------------------------
                         slack                                 20.894    





Min Delay Paths
--------------------------------------------------------------------------------------
Slack (MET) :             2.795ns  (arrival time - required time)
  Source:                 i_dmi_jtag/i_dmi_cdc/i_cdc_req/i_src/data_src_q_reg[data][18]/C
                            (rising edge-triggered cell FDCE clocked by tck  {rise@0.000ns fall@62.500ns period=125.000ns})
  Destination:            i_dmi_jtag/i_dmi_cdc/i_cdc_req/i_dst/data_dst_q_reg[data][18]/D
                            (rising edge-triggered cell FDCE clocked by clk_out1_xlnx_clk_gen  {rise@0.000ns fall@15.625ns period=31.250ns})
  Path Group:             clk_out1_xlnx_clk_gen
  Path Type:              Hold (Min at Fast Process Corner)
  Requirement:            0.000ns  (clk_out1_xlnx_clk_gen rise@0.000ns - tck rise@0.000ns)
  Data Path Delay:        0.228ns  (logic 0.141ns (61.814%)  route 0.087ns (38.186%))
  Logic Levels:           0  
  Clock Path Skew:        -3.256ns (DCD - SCD - CPR)
    Destination Clock Delay (DCD):    -0.838ns
    Source Clock Delay      (SCD):    2.418ns
    Clock Pessimism Removal (CPR):    -0.000ns
  Clock Uncertainty:      0.604ns  ((TSJ^2 + TIJ^2 + DJ^2)^1/2) / 2 + PE
    Total System Jitter     (TSJ):    0.071ns
    Total Input Jitter      (TIJ):    1.000ns
    Discrete Jitter          (DJ):    0.155ns
    Phase Error              (PE):    0.097ns
  Clock Domain Crossing:  Inter clock paths are considered valid unless explicitly excluded by timing constraints such as set_clock_groups or set_false_path.

    Location             Delay type                Incr(ns)  Path(ns)    Netlist Resource(s)
  -------------------------------------------------------------------    -------------------
                         (clock tck rise edge)        0.000     0.000 r  
    H15                                               0.000     0.000 r  tck (IN)
                         net (fo=0)                   0.000     0.000    tck
    H15                  IBUF (Prop_ibuf_I_O)         0.268     0.268 r  tck_IBUF_inst/O
                         net (fo=1, routed)           1.516     1.784    tck_IBUF
    BUFGCTRL_X0Y0        BUFG (Prop_bufg_I_O)         0.026     1.810 r  tck_IBUF_BUFG_inst/O
                         net (fo=258, routed)         0.608     2.418    i_dmi_jtag/i_dmi_cdc/i_cdc_req/i_src/CLK
    SLICE_X99Y34         FDCE                                         r  i_dmi_jtag/i_dmi_cdc/i_cdc_req/i_src/data_src_q_reg[data][18]/C
  -------------------------------------------------------------------    -------------------
    SLICE_X99Y34         FDCE (Prop_fdce_C_Q)         0.141     2.559 r  i_dmi_jtag/i_dmi_cdc/i_cdc_req/i_src/data_src_q_reg[data][18]/Q
                         net (fo=1, routed)           0.087     2.646    i_dmi_jtag/i_dmi_cdc/i_cdc_req/i_dst/data_dst_q_reg[data][31]_2[18]
    SLICE_X98Y34         FDCE                                         r  i_dmi_jtag/i_dmi_cdc/i_cdc_req/i_dst/data_dst_q_reg[data][18]/D
  -------------------------------------------------------------------    -------------------

                         (clock clk_out1_xlnx_clk_gen rise edge)
                                                      0.000     0.000 r  
    K17                                               0.000     0.000 r  clk_sys (IN)
                         net (fo=0)                   0.000     0.000    i_xlnx_clk_gen/inst/clk_in1
    K17                  IBUF (Prop_ibuf_I_O)         0.431     0.431 r  i_xlnx_clk_gen/inst/clkin1_ibufg/O
                         net (fo=1, routed)           0.480     0.911    i_xlnx_clk_gen/inst/clk_in1_xlnx_clk_gen
    MMCME2_ADV_X1Y2      MMCME2_ADV (Prop_mmcme2_adv_CLKIN1_CLKOUT0)
                                                     -3.407    -2.496 r  i_xlnx_clk_gen/inst/mmcm_adv_inst/CLKOUT0
                         net (fo=1, routed)           0.752    -1.744    i_xlnx_clk_gen/inst/clk_out1_xlnx_clk_gen
    BUFGCTRL_X0Y16       BUFG (Prop_bufg_I_O)         0.029    -1.715 r  i_xlnx_clk_gen/inst/clkout1_buf/O
                         net (fo=15309, routed)       0.877    -0.838    i_dmi_jtag/i_dmi_cdc/i_cdc_req/i_dst/clk_out1
    SLICE_X98Y34         FDCE                                         r  i_dmi_jtag/i_dmi_cdc/i_cdc_req/i_dst/data_dst_q_reg[data][18]/C
                         clock pessimism              0.000    -0.838    
                         clock uncertainty            0.604    -0.234    
    SLICE_X98Y34         FDCE (Hold_fdce_C_D)         0.085    -0.149    i_dmi_jtag/i_dmi_cdc/i_cdc_req/i_dst/data_dst_q_reg[data][18]
  -------------------------------------------------------------------
                         required time                          0.149    
                         arrival time                           2.646    
  -------------------------------------------------------------------
                         slack                                  2.795    

Slack (MET) :             2.817ns  (arrival time - required time)
  Source:                 i_dmi_jtag/i_dmi_cdc/i_cdc_req/i_src/data_src_q_reg[addr][2]/C
                            (rising edge-triggered cell FDCE clocked by tck  {rise@0.000ns fall@62.500ns period=125.000ns})
  Destination:            i_dmi_jtag/i_dmi_cdc/i_cdc_req/i_dst/data_dst_q_reg[addr][2]/D
                            (rising edge-triggered cell FDCE clocked by clk_out1_xlnx_clk_gen  {rise@0.000ns fall@15.625ns period=31.250ns})
  Path Group:             clk_out1_xlnx_clk_gen
  Path Type:              Hold (Min at Fast Process Corner)
  Requirement:            0.000ns  (clk_out1_xlnx_clk_gen rise@0.000ns - tck rise@0.000ns)
  Data Path Delay:        0.243ns  (logic 0.141ns (57.984%)  route 0.102ns (42.016%))
  Logic Levels:           0  
  Clock Path Skew:        -3.253ns (DCD - SCD - CPR)
    Destination Clock Delay (DCD):    -0.808ns
    Source Clock Delay      (SCD):    2.445ns
    Clock Pessimism Removal (CPR):    -0.000ns
  Clock Uncertainty:      0.604ns  ((TSJ^2 + TIJ^2 + DJ^2)^1/2) / 2 + PE
    Total System Jitter     (TSJ):    0.071ns
    Total Input Jitter      (TIJ):    1.000ns
    Discrete Jitter          (DJ):    0.155ns
    Phase Error              (PE):    0.097ns
  Clock Domain Crossing:  Inter clock paths are considered valid unless explicitly excluded by timing constraints such as set_clock_groups or set_false_path.

    Location             Delay type                Incr(ns)  Path(ns)    Netlist Resource(s)
  -------------------------------------------------------------------    -------------------
                         (clock tck rise edge)        0.000     0.000 r  
    H15                                               0.000     0.000 r  tck (IN)
                         net (fo=0)                   0.000     0.000    tck
    H15                  IBUF (Prop_ibuf_I_O)         0.268     0.268 r  tck_IBUF_inst/O
                         net (fo=1, routed)           1.516     1.784    tck_IBUF
    BUFGCTRL_X0Y0        BUFG (Prop_bufg_I_O)         0.026     1.810 r  tck_IBUF_BUFG_inst/O
                         net (fo=258, routed)         0.635     2.445    i_dmi_jtag/i_dmi_cdc/i_cdc_req/i_src/CLK
    SLICE_X107Y35        FDCE                                         r  i_dmi_jtag/i_dmi_cdc/i_cdc_req/i_src/data_src_q_reg[addr][2]/C
  -------------------------------------------------------------------    -------------------
    SLICE_X107Y35        FDCE (Prop_fdce_C_Q)         0.141     2.586 r  i_dmi_jtag/i_dmi_cdc/i_cdc_req/i_src/data_src_q_reg[addr][2]/Q
                         net (fo=1, routed)           0.102     2.688    i_dmi_jtag/i_dmi_cdc/i_cdc_req/i_dst/data_dst_q_reg[addr][6]_1[2]
    SLICE_X108Y35        FDCE                                         r  i_dmi_jtag/i_dmi_cdc/i_cdc_req/i_dst/data_dst_q_reg[addr][2]/D
  -------------------------------------------------------------------    -------------------

                         (clock clk_out1_xlnx_clk_gen rise edge)
                                                      0.000     0.000 r  
    K17                                               0.000     0.000 r  clk_sys (IN)
                         net (fo=0)                   0.000     0.000    i_xlnx_clk_gen/inst/clk_in1
    K17                  IBUF (Prop_ibuf_I_O)         0.431     0.431 r  i_xlnx_clk_gen/inst/clkin1_ibufg/O
                         net (fo=1, routed)           0.480     0.911    i_xlnx_clk_gen/inst/clk_in1_xlnx_clk_gen
    MMCME2_ADV_X1Y2      MMCME2_ADV (Prop_mmcme2_adv_CLKIN1_CLKOUT0)
                                                     -3.407    -2.496 r  i_xlnx_clk_gen/inst/mmcm_adv_inst/CLKOUT0
                         net (fo=1, routed)           0.752    -1.744    i_xlnx_clk_gen/inst/clk_out1_xlnx_clk_gen
    BUFGCTRL_X0Y16       BUFG (Prop_bufg_I_O)         0.029    -1.715 r  i_xlnx_clk_gen/inst/clkout1_buf/O
                         net (fo=15309, routed)       0.907    -0.808    i_dmi_jtag/i_dmi_cdc/i_cdc_req/i_dst/clk_out1
    SLICE_X108Y35        FDCE                                         r  i_dmi_jtag/i_dmi_cdc/i_cdc_req/i_dst/data_dst_q_reg[addr][2]/C
                         clock pessimism              0.000    -0.808    
                         clock uncertainty            0.604    -0.204    
    SLICE_X108Y35        FDCE (Hold_fdce_C_D)         0.075    -0.129    i_dmi_jtag/i_dmi_cdc/i_cdc_req/i_dst/data_dst_q_reg[addr][2]
  -------------------------------------------------------------------
                         required time                          0.129    
                         arrival time                           2.688    
  -------------------------------------------------------------------
                         slack                                  2.817    

Slack (MET) :             2.845ns  (arrival time - required time)
  Source:                 i_dmi_jtag/i_dmi_cdc/i_cdc_req/i_src/data_src_q_reg[data][5]/C
                            (rising edge-triggered cell FDCE clocked by tck  {rise@0.000ns fall@62.500ns period=125.000ns})
  Destination:            i_dmi_jtag/i_dmi_cdc/i_cdc_req/i_dst/data_dst_q_reg[data][5]/D
                            (rising edge-triggered cell FDCE clocked by clk_out1_xlnx_clk_gen  {rise@0.000ns fall@15.625ns period=31.250ns})
  Path Group:             clk_out1_xlnx_clk_gen
  Path Type:              Hold (Min at Fast Process Corner)
  Requirement:            0.000ns  (clk_out1_xlnx_clk_gen rise@0.000ns - tck rise@0.000ns)
  Data Path Delay:        0.256ns  (logic 0.141ns (55.026%)  route 0.115ns (44.974%))
  Logic Levels:           0  
  Clock Path Skew:        -3.256ns (DCD - SCD - CPR)
    Destination Clock Delay (DCD):    -0.812ns
    Source Clock Delay      (SCD):    2.444ns
    Clock Pessimism Removal (CPR):    -0.000ns
  Clock Uncertainty:      0.604ns  ((TSJ^2 + TIJ^2 + DJ^2)^1/2) / 2 + PE
    Total System Jitter     (TSJ):    0.071ns
    Total Input Jitter      (TIJ):    1.000ns
    Discrete Jitter          (DJ):    0.155ns
    Phase Error              (PE):    0.097ns
  Clock Domain Crossing:  Inter clock paths are considered valid unless explicitly excluded by timing constraints such as set_clock_groups or set_false_path.

    Location             Delay type                Incr(ns)  Path(ns)    Netlist Resource(s)
  -------------------------------------------------------------------    -------------------
                         (clock tck rise edge)        0.000     0.000 r  
    H15                                               0.000     0.000 r  tck (IN)
                         net (fo=0)                   0.000     0.000    tck
    H15                  IBUF (Prop_ibuf_I_O)         0.268     0.268 r  tck_IBUF_inst/O
                         net (fo=1, routed)           1.516     1.784    tck_IBUF
    BUFGCTRL_X0Y0        BUFG (Prop_bufg_I_O)         0.026     1.810 r  tck_IBUF_BUFG_inst/O
                         net (fo=258, routed)         0.634     2.444    i_dmi_jtag/i_dmi_cdc/i_cdc_req/i_src/CLK
    SLICE_X109Y33        FDCE                                         r  i_dmi_jtag/i_dmi_cdc/i_cdc_req/i_src/data_src_q_reg[data][5]/C
  -------------------------------------------------------------------    -------------------
    SLICE_X109Y33        FDCE (Prop_fdce_C_Q)         0.141     2.585 r  i_dmi_jtag/i_dmi_cdc/i_cdc_req/i_src/data_src_q_reg[data][5]/Q
                         net (fo=1, routed)           0.115     2.700    i_dmi_jtag/i_dmi_cdc/i_cdc_req/i_dst/data_dst_q_reg[data][31]_2[5]
    SLICE_X108Y31        FDCE                                         r  i_dmi_jtag/i_dmi_cdc/i_cdc_req/i_dst/data_dst_q_reg[data][5]/D
  -------------------------------------------------------------------    -------------------

                         (clock clk_out1_xlnx_clk_gen rise edge)
                                                      0.000     0.000 r  
    K17                                               0.000     0.000 r  clk_sys (IN)
                         net (fo=0)                   0.000     0.000    i_xlnx_clk_gen/inst/clk_in1
    K17                  IBUF (Prop_ibuf_I_O)         0.431     0.431 r  i_xlnx_clk_gen/inst/clkin1_ibufg/O
                         net (fo=1, routed)           0.480     0.911    i_xlnx_clk_gen/inst/clk_in1_xlnx_clk_gen
    MMCME2_ADV_X1Y2      MMCME2_ADV (Prop_mmcme2_adv_CLKIN1_CLKOUT0)
                                                     -3.407    -2.496 r  i_xlnx_clk_gen/inst/mmcm_adv_inst/CLKOUT0
                         net (fo=1, routed)           0.752    -1.744    i_xlnx_clk_gen/inst/clk_out1_xlnx_clk_gen
    BUFGCTRL_X0Y16       BUFG (Prop_bufg_I_O)         0.029    -1.715 r  i_xlnx_clk_gen/inst/clkout1_buf/O
                         net (fo=15309, routed)       0.903    -0.812    i_dmi_jtag/i_dmi_cdc/i_cdc_req/i_dst/clk_out1
    SLICE_X108Y31        FDCE                                         r  i_dmi_jtag/i_dmi_cdc/i_cdc_req/i_dst/data_dst_q_reg[data][5]/C
                         clock pessimism              0.000    -0.812    
                         clock uncertainty            0.604    -0.208    
    SLICE_X108Y31        FDCE (Hold_fdce_C_D)         0.063    -0.145    i_dmi_jtag/i_dmi_cdc/i_cdc_req/i_dst/data_dst_q_reg[data][5]
  -------------------------------------------------------------------
                         required time                          0.145    
                         arrival time                           2.700    
  -------------------------------------------------------------------
                         slack                                  2.845    

Slack (MET) :             2.845ns  (arrival time - required time)
  Source:                 i_dmi_jtag/i_dmi_cdc/i_cdc_req/i_src/data_src_q_reg[data][6]/C
                            (rising edge-triggered cell FDCE clocked by tck  {rise@0.000ns fall@62.500ns period=125.000ns})
  Destination:            i_dmi_jtag/i_dmi_cdc/i_cdc_req/i_dst/data_dst_q_reg[data][6]/D
                            (rising edge-triggered cell FDCE clocked by clk_out1_xlnx_clk_gen  {rise@0.000ns fall@15.625ns period=31.250ns})
  Path Group:             clk_out1_xlnx_clk_gen
  Path Type:              Hold (Min at Fast Process Corner)
  Requirement:            0.000ns  (clk_out1_xlnx_clk_gen rise@0.000ns - tck rise@0.000ns)
  Data Path Delay:        0.256ns  (logic 0.141ns (55.026%)  route 0.115ns (44.974%))
  Logic Levels:           0  
  Clock Path Skew:        -3.256ns (DCD - SCD - CPR)
    Destination Clock Delay (DCD):    -0.812ns
    Source Clock Delay      (SCD):    2.444ns
    Clock Pessimism Removal (CPR):    -0.000ns
  Clock Uncertainty:      0.604ns  ((TSJ^2 + TIJ^2 + DJ^2)^1/2) / 2 + PE
    Total System Jitter     (TSJ):    0.071ns
    Total Input Jitter      (TIJ):    1.000ns
    Discrete Jitter          (DJ):    0.155ns
    Phase Error              (PE):    0.097ns
  Clock Domain Crossing:  Inter clock paths are considered valid unless explicitly excluded by timing constraints such as set_clock_groups or set_false_path.

    Location             Delay type                Incr(ns)  Path(ns)    Netlist Resource(s)
  -------------------------------------------------------------------    -------------------
                         (clock tck rise edge)        0.000     0.000 r  
    H15                                               0.000     0.000 r  tck (IN)
                         net (fo=0)                   0.000     0.000    tck
    H15                  IBUF (Prop_ibuf_I_O)         0.268     0.268 r  tck_IBUF_inst/O
                         net (fo=1, routed)           1.516     1.784    tck_IBUF
    BUFGCTRL_X0Y0        BUFG (Prop_bufg_I_O)         0.026     1.810 r  tck_IBUF_BUFG_inst/O
                         net (fo=258, routed)         0.634     2.444    i_dmi_jtag/i_dmi_cdc/i_cdc_req/i_src/CLK
    SLICE_X109Y33        FDCE                                         r  i_dmi_jtag/i_dmi_cdc/i_cdc_req/i_src/data_src_q_reg[data][6]/C
  -------------------------------------------------------------------    -------------------
    SLICE_X109Y33        FDCE (Prop_fdce_C_Q)         0.141     2.585 r  i_dmi_jtag/i_dmi_cdc/i_cdc_req/i_src/data_src_q_reg[data][6]/Q
                         net (fo=1, routed)           0.115     2.700    i_dmi_jtag/i_dmi_cdc/i_cdc_req/i_dst/data_dst_q_reg[data][31]_2[6]
    SLICE_X108Y31        FDCE                                         r  i_dmi_jtag/i_dmi_cdc/i_cdc_req/i_dst/data_dst_q_reg[data][6]/D
  -------------------------------------------------------------------    -------------------

                         (clock clk_out1_xlnx_clk_gen rise edge)
                                                      0.000     0.000 r  
    K17                                               0.000     0.000 r  clk_sys (IN)
                         net (fo=0)                   0.000     0.000    i_xlnx_clk_gen/inst/clk_in1
    K17                  IBUF (Prop_ibuf_I_O)         0.431     0.431 r  i_xlnx_clk_gen/inst/clkin1_ibufg/O
                         net (fo=1, routed)           0.480     0.911    i_xlnx_clk_gen/inst/clk_in1_xlnx_clk_gen
    MMCME2_ADV_X1Y2      MMCME2_ADV (Prop_mmcme2_adv_CLKIN1_CLKOUT0)
                                                     -3.407    -2.496 r  i_xlnx_clk_gen/inst/mmcm_adv_inst/CLKOUT0
                         net (fo=1, routed)           0.752    -1.744    i_xlnx_clk_gen/inst/clk_out1_xlnx_clk_gen
    BUFGCTRL_X0Y16       BUFG (Prop_bufg_I_O)         0.029    -1.715 r  i_xlnx_clk_gen/inst/clkout1_buf/O
                         net (fo=15309, routed)       0.903    -0.812    i_dmi_jtag/i_dmi_cdc/i_cdc_req/i_dst/clk_out1
    SLICE_X108Y31        FDCE                                         r  i_dmi_jtag/i_dmi_cdc/i_cdc_req/i_dst/data_dst_q_reg[data][6]/C
                         clock pessimism              0.000    -0.812    
                         clock uncertainty            0.604    -0.208    
    SLICE_X108Y31        FDCE (Hold_fdce_C_D)         0.063    -0.145    i_dmi_jtag/i_dmi_cdc/i_cdc_req/i_dst/data_dst_q_reg[data][6]
  -------------------------------------------------------------------
                         required time                          0.145    
                         arrival time                           2.700    
  -------------------------------------------------------------------
                         slack                                  2.845    

Slack (MET) :             2.850ns  (arrival time - required time)
  Source:                 i_dmi_jtag/i_dmi_cdc/i_cdc_req/i_src/data_src_q_reg[data][4]/C
                            (rising edge-triggered cell FDCE clocked by tck  {rise@0.000ns fall@62.500ns period=125.000ns})
  Destination:            i_dmi_jtag/i_dmi_cdc/i_cdc_req/i_dst/data_dst_q_reg[data][4]/D
                            (rising edge-triggered cell FDCE clocked by clk_out1_xlnx_clk_gen  {rise@0.000ns fall@15.625ns period=31.250ns})
  Path Group:             clk_out1_xlnx_clk_gen
  Path Type:              Hold (Min at Fast Process Corner)
  Requirement:            0.000ns  (clk_out1_xlnx_clk_gen rise@0.000ns - tck rise@0.000ns)
  Data Path Delay:        0.251ns  (logic 0.141ns (56.174%)  route 0.110ns (43.826%))
  Logic Levels:           0  
  Clock Path Skew:        -3.255ns (DCD - SCD - CPR)
    Destination Clock Delay (DCD):    -0.811ns
    Source Clock Delay      (SCD):    2.444ns
    Clock Pessimism Removal (CPR):    -0.000ns
  Clock Uncertainty:      0.604ns  ((TSJ^2 + TIJ^2 + DJ^2)^1/2) / 2 + PE
    Total System Jitter     (TSJ):    0.071ns
    Total Input Jitter      (TIJ):    1.000ns
    Discrete Jitter          (DJ):    0.155ns
    Phase Error              (PE):    0.097ns
  Clock Domain Crossing:  Inter clock paths are considered valid unless explicitly excluded by timing constraints such as set_clock_groups or set_false_path.

    Location             Delay type                Incr(ns)  Path(ns)    Netlist Resource(s)
  -------------------------------------------------------------------    -------------------
                         (clock tck rise edge)        0.000     0.000 r  
    H15                                               0.000     0.000 r  tck (IN)
                         net (fo=0)                   0.000     0.000    tck
    H15                  IBUF (Prop_ibuf_I_O)         0.268     0.268 r  tck_IBUF_inst/O
                         net (fo=1, routed)           1.516     1.784    tck_IBUF
    BUFGCTRL_X0Y0        BUFG (Prop_bufg_I_O)         0.026     1.810 r  tck_IBUF_BUFG_inst/O
                         net (fo=258, routed)         0.634     2.444    i_dmi_jtag/i_dmi_cdc/i_cdc_req/i_src/CLK
    SLICE_X109Y33        FDCE                                         r  i_dmi_jtag/i_dmi_cdc/i_cdc_req/i_src/data_src_q_reg[data][4]/C
  -------------------------------------------------------------------    -------------------
    SLICE_X109Y33        FDCE (Prop_fdce_C_Q)         0.141     2.585 r  i_dmi_jtag/i_dmi_cdc/i_cdc_req/i_src/data_src_q_reg[data][4]/Q
                         net (fo=1, routed)           0.110     2.695    i_dmi_jtag/i_dmi_cdc/i_cdc_req/i_dst/data_dst_q_reg[data][31]_2[4]
    SLICE_X108Y32        FDCE                                         r  i_dmi_jtag/i_dmi_cdc/i_cdc_req/i_dst/data_dst_q_reg[data][4]/D
  -------------------------------------------------------------------    -------------------

                         (clock clk_out1_xlnx_clk_gen rise edge)
                                                      0.000     0.000 r  
    K17                                               0.000     0.000 r  clk_sys (IN)
                         net (fo=0)                   0.000     0.000    i_xlnx_clk_gen/inst/clk_in1
    K17                  IBUF (Prop_ibuf_I_O)         0.431     0.431 r  i_xlnx_clk_gen/inst/clkin1_ibufg/O
                         net (fo=1, routed)           0.480     0.911    i_xlnx_clk_gen/inst/clk_in1_xlnx_clk_gen
    MMCME2_ADV_X1Y2      MMCME2_ADV (Prop_mmcme2_adv_CLKIN1_CLKOUT0)
                                                     -3.407    -2.496 r  i_xlnx_clk_gen/inst/mmcm_adv_inst/CLKOUT0
                         net (fo=1, routed)           0.752    -1.744    i_xlnx_clk_gen/inst/clk_out1_xlnx_clk_gen
    BUFGCTRL_X0Y16       BUFG (Prop_bufg_I_O)         0.029    -1.715 r  i_xlnx_clk_gen/inst/clkout1_buf/O
                         net (fo=15309, routed)       0.904    -0.811    i_dmi_jtag/i_dmi_cdc/i_cdc_req/i_dst/clk_out1
    SLICE_X108Y32        FDCE                                         r  i_dmi_jtag/i_dmi_cdc/i_cdc_req/i_dst/data_dst_q_reg[data][4]/C
                         clock pessimism              0.000    -0.811    
                         clock uncertainty            0.604    -0.207    
    SLICE_X108Y32        FDCE (Hold_fdce_C_D)         0.052    -0.155    i_dmi_jtag/i_dmi_cdc/i_cdc_req/i_dst/data_dst_q_reg[data][4]
  -------------------------------------------------------------------
                         required time                          0.155    
                         arrival time                           2.695    
  -------------------------------------------------------------------
                         slack                                  2.850    

Slack (MET) :             2.850ns  (arrival time - required time)
  Source:                 i_dmi_jtag/i_dmi_cdc/i_cdc_req/i_src/data_src_q_reg[data][0]/C
                            (rising edge-triggered cell FDCE clocked by tck  {rise@0.000ns fall@62.500ns period=125.000ns})
  Destination:            i_dmi_jtag/i_dmi_cdc/i_cdc_req/i_dst/data_dst_q_reg[data][0]/D
                            (rising edge-triggered cell FDCE clocked by clk_out1_xlnx_clk_gen  {rise@0.000ns fall@15.625ns period=31.250ns})
  Path Group:             clk_out1_xlnx_clk_gen
  Path Type:              Hold (Min at Fast Process Corner)
  Requirement:            0.000ns  (clk_out1_xlnx_clk_gen rise@0.000ns - tck rise@0.000ns)
  Data Path Delay:        0.276ns  (logic 0.164ns (59.331%)  route 0.112ns (40.669%))
  Logic Levels:           0  
  Clock Path Skew:        -3.254ns (DCD - SCD - CPR)
    Destination Clock Delay (DCD):    -0.808ns
    Source Clock Delay      (SCD):    2.446ns
    Clock Pessimism Removal (CPR):    -0.000ns
  Clock Uncertainty:      0.604ns  ((TSJ^2 + TIJ^2 + DJ^2)^1/2) / 2 + PE
    Total System Jitter     (TSJ):    0.071ns
    Total Input Jitter      (TIJ):    1.000ns
    Discrete Jitter          (DJ):    0.155ns
    Phase Error              (PE):    0.097ns
  Clock Domain Crossing:  Inter clock paths are considered valid unless explicitly excluded by timing constraints such as set_clock_groups or set_false_path.

    Location             Delay type                Incr(ns)  Path(ns)    Netlist Resource(s)
  -------------------------------------------------------------------    -------------------
                         (clock tck rise edge)        0.000     0.000 r  
    H15                                               0.000     0.000 r  tck (IN)
                         net (fo=0)                   0.000     0.000    tck
    H15                  IBUF (Prop_ibuf_I_O)         0.268     0.268 r  tck_IBUF_inst/O
                         net (fo=1, routed)           1.516     1.784    tck_IBUF
    BUFGCTRL_X0Y0        BUFG (Prop_bufg_I_O)         0.026     1.810 r  tck_IBUF_BUFG_inst/O
                         net (fo=258, routed)         0.636     2.446    i_dmi_jtag/i_dmi_cdc/i_cdc_req/i_src/CLK
    SLICE_X108Y37        FDCE                                         r  i_dmi_jtag/i_dmi_cdc/i_cdc_req/i_src/data_src_q_reg[data][0]/C
  -------------------------------------------------------------------    -------------------
    SLICE_X108Y37        FDCE (Prop_fdce_C_Q)         0.164     2.610 r  i_dmi_jtag/i_dmi_cdc/i_cdc_req/i_src/data_src_q_reg[data][0]/Q
                         net (fo=1, routed)           0.112     2.722    i_dmi_jtag/i_dmi_cdc/i_cdc_req/i_dst/data_dst_q_reg[data][31]_2[0]
    SLICE_X108Y35        FDCE                                         r  i_dmi_jtag/i_dmi_cdc/i_cdc_req/i_dst/data_dst_q_reg[data][0]/D
  -------------------------------------------------------------------    -------------------

                         (clock clk_out1_xlnx_clk_gen rise edge)
                                                      0.000     0.000 r  
    K17                                               0.000     0.000 r  clk_sys (IN)
                         net (fo=0)                   0.000     0.000    i_xlnx_clk_gen/inst/clk_in1
    K17                  IBUF (Prop_ibuf_I_O)         0.431     0.431 r  i_xlnx_clk_gen/inst/clkin1_ibufg/O
                         net (fo=1, routed)           0.480     0.911    i_xlnx_clk_gen/inst/clk_in1_xlnx_clk_gen
    MMCME2_ADV_X1Y2      MMCME2_ADV (Prop_mmcme2_adv_CLKIN1_CLKOUT0)
                                                     -3.407    -2.496 r  i_xlnx_clk_gen/inst/mmcm_adv_inst/CLKOUT0
                         net (fo=1, routed)           0.752    -1.744    i_xlnx_clk_gen/inst/clk_out1_xlnx_clk_gen
    BUFGCTRL_X0Y16       BUFG (Prop_bufg_I_O)         0.029    -1.715 r  i_xlnx_clk_gen/inst/clkout1_buf/O
                         net (fo=15309, routed)       0.907    -0.808    i_dmi_jtag/i_dmi_cdc/i_cdc_req/i_dst/clk_out1
    SLICE_X108Y35        FDCE                                         r  i_dmi_jtag/i_dmi_cdc/i_cdc_req/i_dst/data_dst_q_reg[data][0]/C
                         clock pessimism              0.000    -0.808    
                         clock uncertainty            0.604    -0.204    
    SLICE_X108Y35        FDCE (Hold_fdce_C_D)         0.076    -0.128    i_dmi_jtag/i_dmi_cdc/i_cdc_req/i_dst/data_dst_q_reg[data][0]
  -------------------------------------------------------------------
                         required time                          0.128    
                         arrival time                           2.722    
  -------------------------------------------------------------------
                         slack                                  2.850    

Slack (MET) :             2.861ns  (arrival time - required time)
  Source:                 i_dmi_jtag/i_dmi_cdc/i_cdc_req/i_src/data_src_q_reg[addr][5]/C
                            (rising edge-triggered cell FDCE clocked by tck  {rise@0.000ns fall@62.500ns period=125.000ns})
  Destination:            i_dmi_jtag/i_dmi_cdc/i_cdc_req/i_dst/data_dst_q_reg[addr][5]/D
                            (rising edge-triggered cell FDCE clocked by clk_out1_xlnx_clk_gen  {rise@0.000ns fall@15.625ns period=31.250ns})
  Path Group:             clk_out1_xlnx_clk_gen
  Path Type:              Hold (Min at Fast Process Corner)
  Requirement:            0.000ns  (clk_out1_xlnx_clk_gen rise@0.000ns - tck rise@0.000ns)
  Data Path Delay:        0.274ns  (logic 0.164ns (59.853%)  route 0.110ns (40.147%))
  Logic Levels:           0  
  Clock Path Skew:        -3.254ns (DCD - SCD - CPR)
    Destination Clock Delay (DCD):    -0.836ns
    Source Clock Delay      (SCD):    2.418ns
    Clock Pessimism Removal (CPR):    -0.000ns
  Clock Uncertainty:      0.604ns  ((TSJ^2 + TIJ^2 + DJ^2)^1/2) / 2 + PE
    Total System Jitter     (TSJ):    0.071ns
    Total Input Jitter      (TIJ):    1.000ns
    Discrete Jitter          (DJ):    0.155ns
    Phase Error              (PE):    0.097ns
  Clock Domain Crossing:  Inter clock paths are considered valid unless explicitly excluded by timing constraints such as set_clock_groups or set_false_path.

    Location             Delay type                Incr(ns)  Path(ns)    Netlist Resource(s)
  -------------------------------------------------------------------    -------------------
                         (clock tck rise edge)        0.000     0.000 r  
    H15                                               0.000     0.000 r  tck (IN)
                         net (fo=0)                   0.000     0.000    tck
    H15                  IBUF (Prop_ibuf_I_O)         0.268     0.268 r  tck_IBUF_inst/O
                         net (fo=1, routed)           1.516     1.784    tck_IBUF
    BUFGCTRL_X0Y0        BUFG (Prop_bufg_I_O)         0.026     1.810 r  tck_IBUF_BUFG_inst/O
                         net (fo=258, routed)         0.608     2.418    i_dmi_jtag/i_dmi_cdc/i_cdc_req/i_src/CLK
    SLICE_X104Y36        FDCE                                         r  i_dmi_jtag/i_dmi_cdc/i_cdc_req/i_src/data_src_q_reg[addr][5]/C
  -------------------------------------------------------------------    -------------------
    SLICE_X104Y36        FDCE (Prop_fdce_C_Q)         0.164     2.582 r  i_dmi_jtag/i_dmi_cdc/i_cdc_req/i_src/data_src_q_reg[addr][5]/Q
                         net (fo=1, routed)           0.110     2.692    i_dmi_jtag/i_dmi_cdc/i_cdc_req/i_dst/data_dst_q_reg[addr][6]_1[5]
    SLICE_X104Y35        FDCE                                         r  i_dmi_jtag/i_dmi_cdc/i_cdc_req/i_dst/data_dst_q_reg[addr][5]/D
  -------------------------------------------------------------------    -------------------

                         (clock clk_out1_xlnx_clk_gen rise edge)
                                                      0.000     0.000 r  
    K17                                               0.000     0.000 r  clk_sys (IN)
                         net (fo=0)                   0.000     0.000    i_xlnx_clk_gen/inst/clk_in1
    K17                  IBUF (Prop_ibuf_I_O)         0.431     0.431 r  i_xlnx_clk_gen/inst/clkin1_ibufg/O
                         net (fo=1, routed)           0.480     0.911    i_xlnx_clk_gen/inst/clk_in1_xlnx_clk_gen
    MMCME2_ADV_X1Y2      MMCME2_ADV (Prop_mmcme2_adv_CLKIN1_CLKOUT0)
                                                     -3.407    -2.496 r  i_xlnx_clk_gen/inst/mmcm_adv_inst/CLKOUT0
                         net (fo=1, routed)           0.752    -1.744    i_xlnx_clk_gen/inst/clk_out1_xlnx_clk_gen
    BUFGCTRL_X0Y16       BUFG (Prop_bufg_I_O)         0.029    -1.715 r  i_xlnx_clk_gen/inst/clkout1_buf/O
                         net (fo=15309, routed)       0.879    -0.836    i_dmi_jtag/i_dmi_cdc/i_cdc_req/i_dst/clk_out1
    SLICE_X104Y35        FDCE                                         r  i_dmi_jtag/i_dmi_cdc/i_cdc_req/i_dst/data_dst_q_reg[addr][5]/C
                         clock pessimism              0.000    -0.836    
                         clock uncertainty            0.604    -0.232    
    SLICE_X104Y35        FDCE (Hold_fdce_C_D)         0.063    -0.169    i_dmi_jtag/i_dmi_cdc/i_cdc_req/i_dst/data_dst_q_reg[addr][5]
  -------------------------------------------------------------------
                         required time                          0.169    
                         arrival time                           2.692    
  -------------------------------------------------------------------
                         slack                                  2.861    

Slack (MET) :             2.861ns  (arrival time - required time)
  Source:                 i_dmi_jtag/i_dmi_cdc/i_cdc_req/i_src/data_src_q_reg[data][29]/C
                            (rising edge-triggered cell FDCE clocked by tck  {rise@0.000ns fall@62.500ns period=125.000ns})
  Destination:            i_dmi_jtag/i_dmi_cdc/i_cdc_req/i_dst/data_dst_q_reg[data][29]/D
                            (rising edge-triggered cell FDCE clocked by clk_out1_xlnx_clk_gen  {rise@0.000ns fall@15.625ns period=31.250ns})
  Path Group:             clk_out1_xlnx_clk_gen
  Path Type:              Hold (Min at Fast Process Corner)
  Requirement:            0.000ns  (clk_out1_xlnx_clk_gen rise@0.000ns - tck rise@0.000ns)
  Data Path Delay:        0.274ns  (logic 0.164ns (59.853%)  route 0.110ns (40.147%))
  Logic Levels:           0  
  Clock Path Skew:        -3.254ns (DCD - SCD - CPR)
    Destination Clock Delay (DCD):    -0.836ns
    Source Clock Delay      (SCD):    2.418ns
    Clock Pessimism Removal (CPR):    -0.000ns
  Clock Uncertainty:      0.604ns  ((TSJ^2 + TIJ^2 + DJ^2)^1/2) / 2 + PE
    Total System Jitter     (TSJ):    0.071ns
    Total Input Jitter      (TIJ):    1.000ns
    Discrete Jitter          (DJ):    0.155ns
    Phase Error              (PE):    0.097ns
  Clock Domain Crossing:  Inter clock paths are considered valid unless explicitly excluded by timing constraints such as set_clock_groups or set_false_path.

    Location             Delay type                Incr(ns)  Path(ns)    Netlist Resource(s)
  -------------------------------------------------------------------    -------------------
                         (clock tck rise edge)        0.000     0.000 r  
    H15                                               0.000     0.000 r  tck (IN)
                         net (fo=0)                   0.000     0.000    tck
    H15                  IBUF (Prop_ibuf_I_O)         0.268     0.268 r  tck_IBUF_inst/O
                         net (fo=1, routed)           1.516     1.784    tck_IBUF
    BUFGCTRL_X0Y0        BUFG (Prop_bufg_I_O)         0.026     1.810 r  tck_IBUF_BUFG_inst/O
                         net (fo=258, routed)         0.608     2.418    i_dmi_jtag/i_dmi_cdc/i_cdc_req/i_src/CLK
    SLICE_X104Y36        FDCE                                         r  i_dmi_jtag/i_dmi_cdc/i_cdc_req/i_src/data_src_q_reg[data][29]/C
  -------------------------------------------------------------------    -------------------
    SLICE_X104Y36        FDCE (Prop_fdce_C_Q)         0.164     2.582 r  i_dmi_jtag/i_dmi_cdc/i_cdc_req/i_src/data_src_q_reg[data][29]/Q
                         net (fo=1, routed)           0.110     2.692    i_dmi_jtag/i_dmi_cdc/i_cdc_req/i_dst/data_dst_q_reg[data][31]_2[29]
    SLICE_X104Y35        FDCE                                         r  i_dmi_jtag/i_dmi_cdc/i_cdc_req/i_dst/data_dst_q_reg[data][29]/D
  -------------------------------------------------------------------    -------------------

                         (clock clk_out1_xlnx_clk_gen rise edge)
                                                      0.000     0.000 r  
    K17                                               0.000     0.000 r  clk_sys (IN)
                         net (fo=0)                   0.000     0.000    i_xlnx_clk_gen/inst/clk_in1
    K17                  IBUF (Prop_ibuf_I_O)         0.431     0.431 r  i_xlnx_clk_gen/inst/clkin1_ibufg/O
                         net (fo=1, routed)           0.480     0.911    i_xlnx_clk_gen/inst/clk_in1_xlnx_clk_gen
    MMCME2_ADV_X1Y2      MMCME2_ADV (Prop_mmcme2_adv_CLKIN1_CLKOUT0)
                                                     -3.407    -2.496 r  i_xlnx_clk_gen/inst/mmcm_adv_inst/CLKOUT0
                         net (fo=1, routed)           0.752    -1.744    i_xlnx_clk_gen/inst/clk_out1_xlnx_clk_gen
    BUFGCTRL_X0Y16       BUFG (Prop_bufg_I_O)         0.029    -1.715 r  i_xlnx_clk_gen/inst/clkout1_buf/O
                         net (fo=15309, routed)       0.879    -0.836    i_dmi_jtag/i_dmi_cdc/i_cdc_req/i_dst/clk_out1
    SLICE_X104Y35        FDCE                                         r  i_dmi_jtag/i_dmi_cdc/i_cdc_req/i_dst/data_dst_q_reg[data][29]/C
                         clock pessimism              0.000    -0.836    
                         clock uncertainty            0.604    -0.232    
    SLICE_X104Y35        FDCE (Hold_fdce_C_D)         0.063    -0.169    i_dmi_jtag/i_dmi_cdc/i_cdc_req/i_dst/data_dst_q_reg[data][29]
  -------------------------------------------------------------------
                         required time                          0.169    
                         arrival time                           2.692    
  -------------------------------------------------------------------
                         slack                                  2.861    

Slack (MET) :             2.872ns  (arrival time - required time)
  Source:                 i_dmi_jtag/i_dmi_cdc/i_cdc_req/i_src/data_src_q_reg[addr][1]/C
                            (rising edge-triggered cell FDCE clocked by tck  {rise@0.000ns fall@62.500ns period=125.000ns})
  Destination:            i_dmi_jtag/i_dmi_cdc/i_cdc_req/i_dst/data_dst_q_reg[addr][1]/D
                            (rising edge-triggered cell FDCE clocked by clk_out1_xlnx_clk_gen  {rise@0.000ns fall@15.625ns period=31.250ns})
  Path Group:             clk_out1_xlnx_clk_gen
  Path Type:              Hold (Min at Fast Process Corner)
  Requirement:            0.000ns  (clk_out1_xlnx_clk_gen rise@0.000ns - tck rise@0.000ns)
  Data Path Delay:        0.274ns  (logic 0.164ns (59.853%)  route 0.110ns (40.147%))
  Logic Levels:           0  
  Clock Path Skew:        -3.254ns (DCD - SCD - CPR)
    Destination Clock Delay (DCD):    -0.836ns
    Source Clock Delay      (SCD):    2.418ns
    Clock Pessimism Removal (CPR):    -0.000ns
  Clock Uncertainty:      0.604ns  ((TSJ^2 + TIJ^2 + DJ^2)^1/2) / 2 + PE
    Total System Jitter     (TSJ):    0.071ns
    Total Input Jitter      (TIJ):    1.000ns
    Discrete Jitter          (DJ):    0.155ns
    Phase Error              (PE):    0.097ns
  Clock Domain Crossing:  Inter clock paths are considered valid unless explicitly excluded by timing constraints such as set_clock_groups or set_false_path.

    Location             Delay type                Incr(ns)  Path(ns)    Netlist Resource(s)
  -------------------------------------------------------------------    -------------------
                         (clock tck rise edge)        0.000     0.000 r  
    H15                                               0.000     0.000 r  tck (IN)
                         net (fo=0)                   0.000     0.000    tck
    H15                  IBUF (Prop_ibuf_I_O)         0.268     0.268 r  tck_IBUF_inst/O
                         net (fo=1, routed)           1.516     1.784    tck_IBUF
    BUFGCTRL_X0Y0        BUFG (Prop_bufg_I_O)         0.026     1.810 r  tck_IBUF_BUFG_inst/O
                         net (fo=258, routed)         0.608     2.418    i_dmi_jtag/i_dmi_cdc/i_cdc_req/i_src/CLK
    SLICE_X104Y36        FDCE                                         r  i_dmi_jtag/i_dmi_cdc/i_cdc_req/i_src/data_src_q_reg[addr][1]/C
  -------------------------------------------------------------------    -------------------
    SLICE_X104Y36        FDCE (Prop_fdce_C_Q)         0.164     2.582 r  i_dmi_jtag/i_dmi_cdc/i_cdc_req/i_src/data_src_q_reg[addr][1]/Q
                         net (fo=1, routed)           0.110     2.692    i_dmi_jtag/i_dmi_cdc/i_cdc_req/i_dst/data_dst_q_reg[addr][6]_1[1]
    SLICE_X104Y35        FDCE                                         r  i_dmi_jtag/i_dmi_cdc/i_cdc_req/i_dst/data_dst_q_reg[addr][1]/D
  -------------------------------------------------------------------    -------------------

                         (clock clk_out1_xlnx_clk_gen rise edge)
                                                      0.000     0.000 r  
    K17                                               0.000     0.000 r  clk_sys (IN)
                         net (fo=0)                   0.000     0.000    i_xlnx_clk_gen/inst/clk_in1
    K17                  IBUF (Prop_ibuf_I_O)         0.431     0.431 r  i_xlnx_clk_gen/inst/clkin1_ibufg/O
                         net (fo=1, routed)           0.480     0.911    i_xlnx_clk_gen/inst/clk_in1_xlnx_clk_gen
    MMCME2_ADV_X1Y2      MMCME2_ADV (Prop_mmcme2_adv_CLKIN1_CLKOUT0)
                                                     -3.407    -2.496 r  i_xlnx_clk_gen/inst/mmcm_adv_inst/CLKOUT0
                         net (fo=1, routed)           0.752    -1.744    i_xlnx_clk_gen/inst/clk_out1_xlnx_clk_gen
    BUFGCTRL_X0Y16       BUFG (Prop_bufg_I_O)         0.029    -1.715 r  i_xlnx_clk_gen/inst/clkout1_buf/O
                         net (fo=15309, routed)       0.879    -0.836    i_dmi_jtag/i_dmi_cdc/i_cdc_req/i_dst/clk_out1
    SLICE_X104Y35        FDCE                                         r  i_dmi_jtag/i_dmi_cdc/i_cdc_req/i_dst/data_dst_q_reg[addr][1]/C
                         clock pessimism              0.000    -0.836    
                         clock uncertainty            0.604    -0.232    
    SLICE_X104Y35        FDCE (Hold_fdce_C_D)         0.052    -0.180    i_dmi_jtag/i_dmi_cdc/i_cdc_req/i_dst/data_dst_q_reg[addr][1]
  -------------------------------------------------------------------
                         required time                          0.180    
                         arrival time                           2.692    
  -------------------------------------------------------------------
                         slack                                  2.872    

Slack (MET) :             2.876ns  (arrival time - required time)
  Source:                 i_dmi_jtag/i_dmi_cdc/i_cdc_req/i_src/data_src_q_reg[data][15]/C
                            (rising edge-triggered cell FDCE clocked by tck  {rise@0.000ns fall@62.500ns period=125.000ns})
  Destination:            i_dmi_jtag/i_dmi_cdc/i_cdc_req/i_dst/data_dst_q_reg[data][15]/D
                            (rising edge-triggered cell FDCE clocked by clk_out1_xlnx_clk_gen  {rise@0.000ns fall@15.625ns period=31.250ns})
  Path Group:             clk_out1_xlnx_clk_gen
  Path Type:              Hold (Min at Fast Process Corner)
  Requirement:            0.000ns  (clk_out1_xlnx_clk_gen rise@0.000ns - tck rise@0.000ns)
  Data Path Delay:        0.242ns  (logic 0.128ns (52.976%)  route 0.114ns (47.024%))
  Logic Levels:           0  
  Clock Path Skew:        -3.254ns (DCD - SCD - CPR)
    Destination Clock Delay (DCD):    -0.809ns
    Source Clock Delay      (SCD):    2.445ns
    Clock Pessimism Removal (CPR):    -0.000ns
  Clock Uncertainty:      0.604ns  ((TSJ^2 + TIJ^2 + DJ^2)^1/2) / 2 + PE
    Total System Jitter     (TSJ):    0.071ns
    Total Input Jitter      (TIJ):    1.000ns
    Discrete Jitter          (DJ):    0.155ns
    Phase Error              (PE):    0.097ns
  Clock Domain Crossing:  Inter clock paths are considered valid unless explicitly excluded by timing constraints such as set_clock_groups or set_false_path.

    Location             Delay type                Incr(ns)  Path(ns)    Netlist Resource(s)
  -------------------------------------------------------------------    -------------------
                         (clock tck rise edge)        0.000     0.000 r  
    H15                                               0.000     0.000 r  tck (IN)
                         net (fo=0)                   0.000     0.000    tck
    H15                  IBUF (Prop_ibuf_I_O)         0.268     0.268 r  tck_IBUF_inst/O
                         net (fo=1, routed)           1.516     1.784    tck_IBUF
    BUFGCTRL_X0Y0        BUFG (Prop_bufg_I_O)         0.026     1.810 r  tck_IBUF_BUFG_inst/O
                         net (fo=258, routed)         0.635     2.445    i_dmi_jtag/i_dmi_cdc/i_cdc_req/i_src/CLK
    SLICE_X107Y35        FDCE                                         r  i_dmi_jtag/i_dmi_cdc/i_cdc_req/i_src/data_src_q_reg[data][15]/C
  -------------------------------------------------------------------    -------------------
    SLICE_X107Y35        FDCE (Prop_fdce_C_Q)         0.128     2.573 r  i_dmi_jtag/i_dmi_cdc/i_cdc_req/i_src/data_src_q_reg[data][15]/Q
                         net (fo=1, routed)           0.114     2.686    i_dmi_jtag/i_dmi_cdc/i_cdc_req/i_dst/data_dst_q_reg[data][31]_2[15]
    SLICE_X107Y34        FDCE                                         r  i_dmi_jtag/i_dmi_cdc/i_cdc_req/i_dst/data_dst_q_reg[data][15]/D
  -------------------------------------------------------------------    -------------------

                         (clock clk_out1_xlnx_clk_gen rise edge)
                                                      0.000     0.000 r  
    K17                                               0.000     0.000 r  clk_sys (IN)
                         net (fo=0)                   0.000     0.000    i_xlnx_clk_gen/inst/clk_in1
    K17                  IBUF (Prop_ibuf_I_O)         0.431     0.431 r  i_xlnx_clk_gen/inst/clkin1_ibufg/O
                         net (fo=1, routed)           0.480     0.911    i_xlnx_clk_gen/inst/clk_in1_xlnx_clk_gen
    MMCME2_ADV_X1Y2      MMCME2_ADV (Prop_mmcme2_adv_CLKIN1_CLKOUT0)
                                                     -3.407    -2.496 r  i_xlnx_clk_gen/inst/mmcm_adv_inst/CLKOUT0
                         net (fo=1, routed)           0.752    -1.744    i_xlnx_clk_gen/inst/clk_out1_xlnx_clk_gen
    BUFGCTRL_X0Y16       BUFG (Prop_bufg_I_O)         0.029    -1.715 r  i_xlnx_clk_gen/inst/clkout1_buf/O
                         net (fo=15309, routed)       0.906    -0.809    i_dmi_jtag/i_dmi_cdc/i_cdc_req/i_dst/clk_out1
    SLICE_X107Y34        FDCE                                         r  i_dmi_jtag/i_dmi_cdc/i_cdc_req/i_dst/data_dst_q_reg[data][15]/C
                         clock pessimism              0.000    -0.809    
                         clock uncertainty            0.604    -0.205    
    SLICE_X107Y34        FDCE (Hold_fdce_C_D)         0.016    -0.189    i_dmi_jtag/i_dmi_cdc/i_cdc_req/i_dst/data_dst_q_reg[data][15]
  -------------------------------------------------------------------
                         required time                          0.189    
                         arrival time                           2.686    
  -------------------------------------------------------------------
                         slack                                  2.876    





---------------------------------------------------------------------------------------------------
From Clock:  clk_out1_xlnx_clk_gen
  To Clock:  tck

Setup :            0  Failing Endpoints,  Worst Slack       18.518ns,  Total Violation        0.000ns
Hold  :           NA  Failing Endpoints,  Worst Slack           NA  ,  Total Violation           NA
---------------------------------------------------------------------------------------------------


Max Delay Paths
--------------------------------------------------------------------------------------
Slack (MET) :             18.518ns  (required time - arrival time)
  Source:                 i_dmi_jtag/i_dmi_cdc/i_cdc_req/i_dst/ack_dst_q_reg/C
                            (rising edge-triggered cell FDCE clocked by clk_out1_xlnx_clk_gen  {rise@0.000ns fall@15.625ns period=31.250ns})
  Destination:            i_dmi_jtag/i_dmi_cdc/i_cdc_req/i_src/ack_src_q_reg/D
                            (rising edge-triggered cell FDCE clocked by tck  {rise@0.000ns fall@62.500ns period=125.000ns})
  Path Group:             tck
  Path Type:              Setup (Max at Slow Process Corner)
  Requirement:            20.000ns  (MaxDelay Path 20.000ns)
  Data Path Delay:        1.424ns  (logic 0.456ns (32.018%)  route 0.968ns (67.982%))
  Logic Levels:           0  
  Timing Exception:       MaxDelay Path 20.000ns -datapath_only

    Location             Delay type                Incr(ns)  Path(ns)    Netlist Resource(s)
  -------------------------------------------------------------------    -------------------
    SLICE_X106Y36                                     0.000     0.000 r  i_dmi_jtag/i_dmi_cdc/i_cdc_req/i_dst/ack_dst_q_reg/C
    SLICE_X106Y36        FDCE (Prop_fdce_C_Q)         0.456     0.456 r  i_dmi_jtag/i_dmi_cdc/i_cdc_req/i_dst/ack_dst_q_reg/Q
                         net (fo=12, routed)          0.968     1.424    i_dmi_jtag/i_dmi_cdc/i_cdc_req/i_src/ack_src_q_reg_0
    SLICE_X105Y38        FDCE                                         r  i_dmi_jtag/i_dmi_cdc/i_cdc_req/i_src/ack_src_q_reg/D
  -------------------------------------------------------------------    -------------------

                         max delay                   20.000    20.000    
    SLICE_X105Y38        FDCE (Setup_fdce_C_D)       -0.058    19.942    i_dmi_jtag/i_dmi_cdc/i_cdc_req/i_src/ack_src_q_reg
  -------------------------------------------------------------------
                         required time                         19.942    
                         arrival time                          -1.424    
  -------------------------------------------------------------------
                         slack                                 18.518    

Slack (MET) :             18.613ns  (required time - arrival time)
  Source:                 i_dmi_jtag/i_dmi_cdc/i_cdc_resp/i_src/req_src_q_reg/C
                            (rising edge-triggered cell FDCE clocked by clk_out1_xlnx_clk_gen  {rise@0.000ns fall@15.625ns period=31.250ns})
  Destination:            i_dmi_jtag/i_dmi_cdc/i_cdc_resp/i_dst/req_dst_q_reg/D
                            (rising edge-triggered cell FDCE clocked by tck  {rise@0.000ns fall@62.500ns period=125.000ns})
  Path Group:             tck
  Path Type:              Setup (Max at Slow Process Corner)
  Requirement:            20.000ns  (MaxDelay Path 20.000ns)
  Data Path Delay:        1.282ns  (logic 0.456ns (35.566%)  route 0.826ns (64.434%))
  Logic Levels:           0  
  Timing Exception:       MaxDelay Path 20.000ns -datapath_only

    Location             Delay type                Incr(ns)  Path(ns)    Netlist Resource(s)
  -------------------------------------------------------------------    -------------------
    SLICE_X103Y38                                     0.000     0.000 r  i_dmi_jtag/i_dmi_cdc/i_cdc_resp/i_src/req_src_q_reg/C
    SLICE_X103Y38        FDCE (Prop_fdce_C_Q)         0.456     0.456 r  i_dmi_jtag/i_dmi_cdc/i_cdc_resp/i_src/req_src_q_reg/Q
                         net (fo=6, routed)           0.826     1.282    i_dmi_jtag/i_dmi_cdc/i_cdc_resp/i_dst/req_dst_q_reg_0
    SLICE_X105Y38        FDCE                                         r  i_dmi_jtag/i_dmi_cdc/i_cdc_resp/i_dst/req_dst_q_reg/D
  -------------------------------------------------------------------    -------------------

                         max delay                   20.000    20.000    
    SLICE_X105Y38        FDCE (Setup_fdce_C_D)       -0.105    19.895    i_dmi_jtag/i_dmi_cdc/i_cdc_resp/i_dst/req_dst_q_reg
  -------------------------------------------------------------------
                         required time                         19.895    
                         arrival time                          -1.282    
  -------------------------------------------------------------------
                         slack                                 18.613    

Slack (MET) :             18.624ns  (required time - arrival time)
  Source:                 i_dmi_jtag/i_dmi_cdc/i_cdc_resp/i_src/data_src_q_reg[data][27]/C
                            (rising edge-triggered cell FDCE clocked by clk_out1_xlnx_clk_gen  {rise@0.000ns fall@15.625ns period=31.250ns})
  Destination:            i_dmi_jtag/i_dmi_cdc/i_cdc_resp/i_dst/data_dst_q_reg[data][27]/D
                            (rising edge-triggered cell FDCE clocked by tck  {rise@0.000ns fall@62.500ns period=125.000ns})
  Path Group:             tck
  Path Type:              Setup (Max at Slow Process Corner)
  Requirement:            20.000ns  (MaxDelay Path 20.000ns)
  Data Path Delay:        1.143ns  (logic 0.478ns (41.821%)  route 0.665ns (58.179%))
  Logic Levels:           0  
  Timing Exception:       MaxDelay Path 20.000ns -datapath_only

    Location             Delay type                Incr(ns)  Path(ns)    Netlist Resource(s)
  -------------------------------------------------------------------    -------------------
    SLICE_X100Y35                                     0.000     0.000 r  i_dmi_jtag/i_dmi_cdc/i_cdc_resp/i_src/data_src_q_reg[data][27]/C
    SLICE_X100Y35        FDCE (Prop_fdce_C_Q)         0.478     0.478 r  i_dmi_jtag/i_dmi_cdc/i_cdc_resp/i_src/data_src_q_reg[data][27]/Q
                         net (fo=1, routed)           0.665     1.143    i_dmi_jtag/i_dmi_cdc/i_cdc_resp/i_dst/D[27]
    SLICE_X101Y35        FDCE                                         r  i_dmi_jtag/i_dmi_cdc/i_cdc_resp/i_dst/data_dst_q_reg[data][27]/D
  -------------------------------------------------------------------    -------------------

                         max delay                   20.000    20.000    
    SLICE_X101Y35        FDCE (Setup_fdce_C_D)       -0.233    19.767    i_dmi_jtag/i_dmi_cdc/i_cdc_resp/i_dst/data_dst_q_reg[data][27]
  -------------------------------------------------------------------
                         required time                         19.767    
                         arrival time                          -1.143    
  -------------------------------------------------------------------
                         slack                                 18.624    

Slack (MET) :             18.652ns  (required time - arrival time)
  Source:                 i_dmi_jtag/i_dmi_cdc/i_cdc_resp/i_src/data_src_q_reg[data][30]/C
                            (rising edge-triggered cell FDCE clocked by clk_out1_xlnx_clk_gen  {rise@0.000ns fall@15.625ns period=31.250ns})
  Destination:            i_dmi_jtag/i_dmi_cdc/i_cdc_resp/i_dst/data_dst_q_reg[data][30]/D
                            (rising edge-triggered cell FDCE clocked by tck  {rise@0.000ns fall@62.500ns period=125.000ns})
  Path Group:             tck
  Path Type:              Setup (Max at Slow Process Corner)
  Requirement:            20.000ns  (MaxDelay Path 20.000ns)
  Data Path Delay:        1.305ns  (logic 0.518ns (39.698%)  route 0.787ns (60.302%))
  Logic Levels:           0  
  Timing Exception:       MaxDelay Path 20.000ns -datapath_only

    Location             Delay type                Incr(ns)  Path(ns)    Netlist Resource(s)
  -------------------------------------------------------------------    -------------------
    SLICE_X100Y35                                     0.000     0.000 r  i_dmi_jtag/i_dmi_cdc/i_cdc_resp/i_src/data_src_q_reg[data][30]/C
    SLICE_X100Y35        FDCE (Prop_fdce_C_Q)         0.518     0.518 r  i_dmi_jtag/i_dmi_cdc/i_cdc_resp/i_src/data_src_q_reg[data][30]/Q
                         net (fo=1, routed)           0.787     1.305    i_dmi_jtag/i_dmi_cdc/i_cdc_resp/i_dst/D[30]
    SLICE_X101Y35        FDCE                                         r  i_dmi_jtag/i_dmi_cdc/i_cdc_resp/i_dst/data_dst_q_reg[data][30]/D
  -------------------------------------------------------------------    -------------------

                         max delay                   20.000    20.000    
    SLICE_X101Y35        FDCE (Setup_fdce_C_D)       -0.043    19.957    i_dmi_jtag/i_dmi_cdc/i_cdc_resp/i_dst/data_dst_q_reg[data][30]
  -------------------------------------------------------------------
                         required time                         19.957    
                         arrival time                          -1.305    
  -------------------------------------------------------------------
                         slack                                 18.652    

Slack (MET) :             18.658ns  (required time - arrival time)
  Source:                 i_dmi_jtag/i_dmi_cdc/i_cdc_resp/i_src/data_src_q_reg[data][21]/C
                            (rising edge-triggered cell FDCE clocked by clk_out1_xlnx_clk_gen  {rise@0.000ns fall@15.625ns period=31.250ns})
  Destination:            i_dmi_jtag/i_dmi_cdc/i_cdc_resp/i_dst/data_dst_q_reg[data][21]/D
                            (rising edge-triggered cell FDCE clocked by tck  {rise@0.000ns fall@62.500ns period=125.000ns})
  Path Group:             tck
  Path Type:              Setup (Max at Slow Process Corner)
  Requirement:            20.000ns  (MaxDelay Path 20.000ns)
  Data Path Delay:        1.103ns  (logic 0.478ns (43.323%)  route 0.625ns (56.677%))
  Logic Levels:           0  
  Timing Exception:       MaxDelay Path 20.000ns -datapath_only

    Location             Delay type                Incr(ns)  Path(ns)    Netlist Resource(s)
  -------------------------------------------------------------------    -------------------
    SLICE_X104Y34                                     0.000     0.000 r  i_dmi_jtag/i_dmi_cdc/i_cdc_resp/i_src/data_src_q_reg[data][21]/C
    SLICE_X104Y34        FDCE (Prop_fdce_C_Q)         0.478     0.478 r  i_dmi_jtag/i_dmi_cdc/i_cdc_resp/i_src/data_src_q_reg[data][21]/Q
                         net (fo=1, routed)           0.625     1.103    i_dmi_jtag/i_dmi_cdc/i_cdc_resp/i_dst/D[21]
    SLICE_X103Y34        FDCE                                         r  i_dmi_jtag/i_dmi_cdc/i_cdc_resp/i_dst/data_dst_q_reg[data][21]/D
  -------------------------------------------------------------------    -------------------

                         max delay                   20.000    20.000    
    SLICE_X103Y34        FDCE (Setup_fdce_C_D)       -0.239    19.761    i_dmi_jtag/i_dmi_cdc/i_cdc_resp/i_dst/data_dst_q_reg[data][21]
  -------------------------------------------------------------------
                         required time                         19.761    
                         arrival time                          -1.103    
  -------------------------------------------------------------------
                         slack                                 18.658    

Slack (MET) :             18.659ns  (required time - arrival time)
  Source:                 i_dmi_jtag/i_dmi_cdc/i_cdc_resp/i_src/data_src_q_reg[data][19]/C
                            (rising edge-triggered cell FDCE clocked by clk_out1_xlnx_clk_gen  {rise@0.000ns fall@15.625ns period=31.250ns})
  Destination:            i_dmi_jtag/i_dmi_cdc/i_cdc_resp/i_dst/data_dst_q_reg[data][19]/D
                            (rising edge-triggered cell FDCE clocked by tck  {rise@0.000ns fall@62.500ns period=125.000ns})
  Path Group:             tck
  Path Type:              Setup (Max at Slow Process Corner)
  Requirement:            20.000ns  (MaxDelay Path 20.000ns)
  Data Path Delay:        1.108ns  (logic 0.419ns (37.826%)  route 0.689ns (62.174%))
  Logic Levels:           0  
  Timing Exception:       MaxDelay Path 20.000ns -datapath_only

    Location             Delay type                Incr(ns)  Path(ns)    Netlist Resource(s)
  -------------------------------------------------------------------    -------------------
    SLICE_X101Y33                                     0.000     0.000 r  i_dmi_jtag/i_dmi_cdc/i_cdc_resp/i_src/data_src_q_reg[data][19]/C
    SLICE_X101Y33        FDCE (Prop_fdce_C_Q)         0.419     0.419 r  i_dmi_jtag/i_dmi_cdc/i_cdc_resp/i_src/data_src_q_reg[data][19]/Q
                         net (fo=1, routed)           0.689     1.108    i_dmi_jtag/i_dmi_cdc/i_cdc_resp/i_dst/D[19]
    SLICE_X103Y34        FDCE                                         r  i_dmi_jtag/i_dmi_cdc/i_cdc_resp/i_dst/data_dst_q_reg[data][19]/D
  -------------------------------------------------------------------    -------------------

                         max delay                   20.000    20.000    
    SLICE_X103Y34        FDCE (Setup_fdce_C_D)       -0.233    19.767    i_dmi_jtag/i_dmi_cdc/i_cdc_resp/i_dst/data_dst_q_reg[data][19]
  -------------------------------------------------------------------
                         required time                         19.767    
                         arrival time                          -1.108    
  -------------------------------------------------------------------
                         slack                                 18.659    

Slack (MET) :             18.722ns  (required time - arrival time)
  Source:                 i_dmi_jtag/i_dmi_cdc/i_cdc_resp/i_src/data_src_q_reg[data][13]/C
                            (rising edge-triggered cell FDCE clocked by clk_out1_xlnx_clk_gen  {rise@0.000ns fall@15.625ns period=31.250ns})
  Destination:            i_dmi_jtag/i_dmi_cdc/i_cdc_resp/i_dst/data_dst_q_reg[data][13]/D
                            (rising edge-triggered cell FDCE clocked by tck  {rise@0.000ns fall@62.500ns period=125.000ns})
  Path Group:             tck
  Path Type:              Setup (Max at Slow Process Corner)
  Requirement:            20.000ns  (MaxDelay Path 20.000ns)
  Data Path Delay:        1.038ns  (logic 0.419ns (40.355%)  route 0.619ns (59.645%))
  Logic Levels:           0  
  Timing Exception:       MaxDelay Path 20.000ns -datapath_only

    Location             Delay type                Incr(ns)  Path(ns)    Netlist Resource(s)
  -------------------------------------------------------------------    -------------------
    SLICE_X110Y34                                     0.000     0.000 r  i_dmi_jtag/i_dmi_cdc/i_cdc_resp/i_src/data_src_q_reg[data][13]/C
    SLICE_X110Y34        FDCE (Prop_fdce_C_Q)         0.419     0.419 r  i_dmi_jtag/i_dmi_cdc/i_cdc_resp/i_src/data_src_q_reg[data][13]/Q
                         net (fo=1, routed)           0.619     1.038    i_dmi_jtag/i_dmi_cdc/i_cdc_resp/i_dst/D[13]
    SLICE_X110Y36        FDCE                                         r  i_dmi_jtag/i_dmi_cdc/i_cdc_resp/i_dst/data_dst_q_reg[data][13]/D
  -------------------------------------------------------------------    -------------------

                         max delay                   20.000    20.000    
    SLICE_X110Y36        FDCE (Setup_fdce_C_D)       -0.240    19.760    i_dmi_jtag/i_dmi_cdc/i_cdc_resp/i_dst/data_dst_q_reg[data][13]
  -------------------------------------------------------------------
                         required time                         19.760    
                         arrival time                          -1.038    
  -------------------------------------------------------------------
                         slack                                 18.722    

Slack (MET) :             18.726ns  (required time - arrival time)
  Source:                 i_dmi_jtag/i_dmi_cdc/i_cdc_resp/i_src/data_src_q_reg[data][15]/C
                            (rising edge-triggered cell FDCE clocked by clk_out1_xlnx_clk_gen  {rise@0.000ns fall@15.625ns period=31.250ns})
  Destination:            i_dmi_jtag/i_dmi_cdc/i_cdc_resp/i_dst/data_dst_q_reg[data][15]/D
                            (rising edge-triggered cell FDCE clocked by tck  {rise@0.000ns fall@62.500ns period=125.000ns})
  Path Group:             tck
  Path Type:              Setup (Max at Slow Process Corner)
  Requirement:            20.000ns  (MaxDelay Path 20.000ns)
  Data Path Delay:        1.038ns  (logic 0.419ns (40.377%)  route 0.619ns (59.623%))
  Logic Levels:           0  
  Timing Exception:       MaxDelay Path 20.000ns -datapath_only

    Location             Delay type                Incr(ns)  Path(ns)    Netlist Resource(s)
  -------------------------------------------------------------------    -------------------
    SLICE_X110Y34                                     0.000     0.000 r  i_dmi_jtag/i_dmi_cdc/i_cdc_resp/i_src/data_src_q_reg[data][15]/C
    SLICE_X110Y34        FDCE (Prop_fdce_C_Q)         0.419     0.419 r  i_dmi_jtag/i_dmi_cdc/i_cdc_resp/i_src/data_src_q_reg[data][15]/Q
                         net (fo=1, routed)           0.619     1.038    i_dmi_jtag/i_dmi_cdc/i_cdc_resp/i_dst/D[15]
    SLICE_X110Y36        FDCE                                         r  i_dmi_jtag/i_dmi_cdc/i_cdc_resp/i_dst/data_dst_q_reg[data][15]/D
  -------------------------------------------------------------------    -------------------

                         max delay                   20.000    20.000    
    SLICE_X110Y36        FDCE (Setup_fdce_C_D)       -0.236    19.764    i_dmi_jtag/i_dmi_cdc/i_cdc_resp/i_dst/data_dst_q_reg[data][15]
  -------------------------------------------------------------------
                         required time                         19.764    
                         arrival time                          -1.038    
  -------------------------------------------------------------------
                         slack                                 18.726    

Slack (MET) :             18.728ns  (required time - arrival time)
  Source:                 i_dmi_jtag/i_dmi_cdc/i_cdc_resp/i_src/data_src_q_reg[data][1]/C
                            (rising edge-triggered cell FDCE clocked by clk_out1_xlnx_clk_gen  {rise@0.000ns fall@15.625ns period=31.250ns})
  Destination:            i_dmi_jtag/i_dmi_cdc/i_cdc_resp/i_dst/data_dst_q_reg[data][1]/D
                            (rising edge-triggered cell FDCE clocked by tck  {rise@0.000ns fall@62.500ns period=125.000ns})
  Path Group:             tck
  Path Type:              Setup (Max at Slow Process Corner)
  Requirement:            20.000ns  (MaxDelay Path 20.000ns)
  Data Path Delay:        1.039ns  (logic 0.419ns (40.343%)  route 0.620ns (59.657%))
  Logic Levels:           0  
  Timing Exception:       MaxDelay Path 20.000ns -datapath_only

    Location             Delay type                Incr(ns)  Path(ns)    Netlist Resource(s)
  -------------------------------------------------------------------    -------------------
    SLICE_X110Y34                                     0.000     0.000 r  i_dmi_jtag/i_dmi_cdc/i_cdc_resp/i_src/data_src_q_reg[data][1]/C
    SLICE_X110Y34        FDCE (Prop_fdce_C_Q)         0.419     0.419 r  i_dmi_jtag/i_dmi_cdc/i_cdc_resp/i_src/data_src_q_reg[data][1]/Q
                         net (fo=1, routed)           0.620     1.039    i_dmi_jtag/i_dmi_cdc/i_cdc_resp/i_dst/D[1]
    SLICE_X110Y36        FDCE                                         r  i_dmi_jtag/i_dmi_cdc/i_cdc_resp/i_dst/data_dst_q_reg[data][1]/D
  -------------------------------------------------------------------    -------------------

                         max delay                   20.000    20.000    
    SLICE_X110Y36        FDCE (Setup_fdce_C_D)       -0.233    19.767    i_dmi_jtag/i_dmi_cdc/i_cdc_resp/i_dst/data_dst_q_reg[data][1]
  -------------------------------------------------------------------
                         required time                         19.767    
                         arrival time                          -1.039    
  -------------------------------------------------------------------
                         slack                                 18.728    

Slack (MET) :             18.737ns  (required time - arrival time)
  Source:                 i_dmi_jtag/i_dmi_cdc/i_cdc_resp/i_src/data_src_q_reg[data][25]/C
                            (rising edge-triggered cell FDCE clocked by clk_out1_xlnx_clk_gen  {rise@0.000ns fall@15.625ns period=31.250ns})
  Destination:            i_dmi_jtag/i_dmi_cdc/i_cdc_resp/i_dst/data_dst_q_reg[data][25]/D
                            (rising edge-triggered cell FDCE clocked by tck  {rise@0.000ns fall@62.500ns period=125.000ns})
  Path Group:             tck
  Path Type:              Setup (Max at Slow Process Corner)
  Requirement:            20.000ns  (MaxDelay Path 20.000ns)
  Data Path Delay:        0.998ns  (logic 0.419ns (41.971%)  route 0.579ns (58.029%))
  Logic Levels:           0  
  Timing Exception:       MaxDelay Path 20.000ns -datapath_only

    Location             Delay type                Incr(ns)  Path(ns)    Netlist Resource(s)
  -------------------------------------------------------------------    -------------------
    SLICE_X101Y33                                     0.000     0.000 r  i_dmi_jtag/i_dmi_cdc/i_cdc_resp/i_src/data_src_q_reg[data][25]/C
    SLICE_X101Y33        FDCE (Prop_fdce_C_Q)         0.419     0.419 r  i_dmi_jtag/i_dmi_cdc/i_cdc_resp/i_src/data_src_q_reg[data][25]/Q
                         net (fo=1, routed)           0.579     0.998    i_dmi_jtag/i_dmi_cdc/i_cdc_resp/i_dst/D[25]
    SLICE_X101Y35        FDCE                                         r  i_dmi_jtag/i_dmi_cdc/i_cdc_resp/i_dst/data_dst_q_reg[data][25]/D
  -------------------------------------------------------------------    -------------------

                         max delay                   20.000    20.000    
    SLICE_X101Y35        FDCE (Setup_fdce_C_D)       -0.265    19.735    i_dmi_jtag/i_dmi_cdc/i_cdc_resp/i_dst/data_dst_q_reg[data][25]
  -------------------------------------------------------------------
                         required time                         19.735    
                         arrival time                          -0.998    
  -------------------------------------------------------------------
                         slack                                 18.737    





---------------------------------------------------------------------------------------------------
Path Group:  **async_default**
From Clock:  clk_out1_xlnx_clk_gen
  To Clock:  clk_out1_xlnx_clk_gen

Setup :            0  Failing Endpoints,  Worst Slack       27.190ns,  Total Violation        0.000ns
Hold  :            0  Failing Endpoints,  Worst Slack        0.557ns,  Total Violation        0.000ns
---------------------------------------------------------------------------------------------------


Max Delay Paths
--------------------------------------------------------------------------------------
Slack (MET) :             27.190ns  (required time - arrival time)
  Source:                 i_dm_top/i_dm_csrs/dmcontrol_q_reg[ndmreset]/C
                            (rising edge-triggered cell FDCE clocked by clk_out1_xlnx_clk_gen  {rise@0.000ns fall@15.625ns period=31.250ns})
  Destination:            i_rstgen_main/i_rstgen_bypass/synch_regs_q_reg[2]/CLR
                            (recovery check against rising-edge clock clk_out1_xlnx_clk_gen  {rise@0.000ns fall@15.625ns period=31.250ns})
  Path Group:             **async_default**
  Path Type:              Recovery (Max at Slow Process Corner)
  Requirement:            31.250ns  (clk_out1_xlnx_clk_gen rise@31.250ns - clk_out1_xlnx_clk_gen rise@0.000ns)
  Data Path Delay:        3.164ns  (logic 0.606ns (19.152%)  route 2.558ns (80.848%))
  Logic Levels:           1  (LUT2=1)
  Clock Path Skew:        -0.203ns (DCD - SCD + CPR)
    Destination Clock Delay (DCD):    -1.589ns = ( 29.661 - 31.250 ) 
    Source Clock Delay      (SCD):    -0.818ns
    Clock Pessimism Removal (CPR):    0.567ns
  Clock Uncertainty:      0.085ns  ((TSJ^2 + DJ^2)^1/2) / 2 + PE
    Total System Jitter     (TSJ):    0.071ns
    Discrete Jitter          (DJ):    0.155ns
    Phase Error              (PE):    0.000ns

    Location             Delay type                Incr(ns)  Path(ns)    Netlist Resource(s)
  -------------------------------------------------------------------    -------------------
                         (clock clk_out1_xlnx_clk_gen rise edge)
                                                      0.000     0.000 r  
    K17                                               0.000     0.000 r  clk_sys (IN)
                         net (fo=0)                   0.000     0.000    i_xlnx_clk_gen/inst/clk_in1
    K17                  IBUF (Prop_ibuf_I_O)         1.475     1.475 r  i_xlnx_clk_gen/inst/clkin1_ibufg/O
                         net (fo=1, routed)           1.285     2.760    i_xlnx_clk_gen/inst/clk_in1_xlnx_clk_gen
    MMCME2_ADV_X1Y2      MMCME2_ADV (Prop_mmcme2_adv_CLKIN1_CLKOUT0)
                                                     -7.759    -4.999 r  i_xlnx_clk_gen/inst/mmcm_adv_inst/CLKOUT0
                         net (fo=1, routed)           2.206    -2.793    i_xlnx_clk_gen/inst/clk_out1_xlnx_clk_gen
    BUFGCTRL_X0Y16       BUFG (Prop_bufg_I_O)         0.101    -2.692 r  i_xlnx_clk_gen/inst/clkout1_buf/O
                         net (fo=15309, routed)       1.874    -0.818    i_dm_top/i_dm_csrs/clk_out1
    SLICE_X106Y34        FDCE                                         r  i_dm_top/i_dm_csrs/dmcontrol_q_reg[ndmreset]/C
  -------------------------------------------------------------------    -------------------
    SLICE_X106Y34        FDCE (Prop_fdce_C_Q)         0.456    -0.362 f  i_dm_top/i_dm_csrs/dmcontrol_q_reg[ndmreset]/Q
                         net (fo=3, routed)           0.813     0.451    i_dm_top/i_dm_csrs/ndmreset
    SLICE_X105Y34        LUT2 (Prop_lut2_I0_O)        0.150     0.601 f  i_dm_top/i_dm_csrs/synch_regs_q[3]_i_1/O
                         net (fo=4, routed)           1.745     2.346    i_rstgen_main/i_rstgen_bypass/synch_regs_q_reg[3]_1
    SLICE_X71Y40         FDCE                                         f  i_rstgen_main/i_rstgen_bypass/synch_regs_q_reg[2]/CLR
  -------------------------------------------------------------------    -------------------

                         (clock clk_out1_xlnx_clk_gen rise edge)
                                                     31.250    31.250 r  
    K17                                               0.000    31.250 r  clk_sys (IN)
                         net (fo=0)                   0.000    31.250    i_xlnx_clk_gen/inst/clk_in1
    K17                  IBUF (Prop_ibuf_I_O)         1.404    32.654 r  i_xlnx_clk_gen/inst/clkin1_ibufg/O
                         net (fo=1, routed)           1.162    33.816    i_xlnx_clk_gen/inst/clk_in1_xlnx_clk_gen
    MMCME2_ADV_X1Y2      MMCME2_ADV (Prop_mmcme2_adv_CLKIN1_CLKOUT0)
                                                     -7.814    26.002 r  i_xlnx_clk_gen/inst/mmcm_adv_inst/CLKOUT0
                         net (fo=1, routed)           2.012    28.014    i_xlnx_clk_gen/inst/clk_out1_xlnx_clk_gen
    BUFGCTRL_X0Y16       BUFG (Prop_bufg_I_O)         0.091    28.105 r  i_xlnx_clk_gen/inst/clkout1_buf/O
                         net (fo=15309, routed)       1.556    29.661    i_rstgen_main/i_rstgen_bypass/clk_out1
    SLICE_X71Y40         FDCE                                         r  i_rstgen_main/i_rstgen_bypass/synch_regs_q_reg[2]/C
                         clock pessimism              0.567    30.229    
                         clock uncertainty           -0.085    30.144    
    SLICE_X71Y40         FDCE (Recov_fdce_C_CLR)     -0.607    29.537    i_rstgen_main/i_rstgen_bypass/synch_regs_q_reg[2]
  -------------------------------------------------------------------
                         required time                         29.537    
                         arrival time                          -2.346    
  -------------------------------------------------------------------
                         slack                                 27.190    

Slack (MET) :             27.190ns  (required time - arrival time)
  Source:                 i_dm_top/i_dm_csrs/dmcontrol_q_reg[ndmreset]/C
                            (rising edge-triggered cell FDCE clocked by clk_out1_xlnx_clk_gen  {rise@0.000ns fall@15.625ns period=31.250ns})
  Destination:            i_rstgen_main/i_rstgen_bypass/synch_regs_q_reg[3]/CLR
                            (recovery check against rising-edge clock clk_out1_xlnx_clk_gen  {rise@0.000ns fall@15.625ns period=31.250ns})
  Path Group:             **async_default**
  Path Type:              Recovery (Max at Slow Process Corner)
  Requirement:            31.250ns  (clk_out1_xlnx_clk_gen rise@31.250ns - clk_out1_xlnx_clk_gen rise@0.000ns)
  Data Path Delay:        3.164ns  (logic 0.606ns (19.152%)  route 2.558ns (80.848%))
  Logic Levels:           1  (LUT2=1)
  Clock Path Skew:        -0.203ns (DCD - SCD + CPR)
    Destination Clock Delay (DCD):    -1.589ns = ( 29.661 - 31.250 ) 
    Source Clock Delay      (SCD):    -0.818ns
    Clock Pessimism Removal (CPR):    0.567ns
  Clock Uncertainty:      0.085ns  ((TSJ^2 + DJ^2)^1/2) / 2 + PE
    Total System Jitter     (TSJ):    0.071ns
    Discrete Jitter          (DJ):    0.155ns
    Phase Error              (PE):    0.000ns

    Location             Delay type                Incr(ns)  Path(ns)    Netlist Resource(s)
  -------------------------------------------------------------------    -------------------
                         (clock clk_out1_xlnx_clk_gen rise edge)
                                                      0.000     0.000 r  
    K17                                               0.000     0.000 r  clk_sys (IN)
                         net (fo=0)                   0.000     0.000    i_xlnx_clk_gen/inst/clk_in1
    K17                  IBUF (Prop_ibuf_I_O)         1.475     1.475 r  i_xlnx_clk_gen/inst/clkin1_ibufg/O
                         net (fo=1, routed)           1.285     2.760    i_xlnx_clk_gen/inst/clk_in1_xlnx_clk_gen
    MMCME2_ADV_X1Y2      MMCME2_ADV (Prop_mmcme2_adv_CLKIN1_CLKOUT0)
                                                     -7.759    -4.999 r  i_xlnx_clk_gen/inst/mmcm_adv_inst/CLKOUT0
                         net (fo=1, routed)           2.206    -2.793    i_xlnx_clk_gen/inst/clk_out1_xlnx_clk_gen
    BUFGCTRL_X0Y16       BUFG (Prop_bufg_I_O)         0.101    -2.692 r  i_xlnx_clk_gen/inst/clkout1_buf/O
                         net (fo=15309, routed)       1.874    -0.818    i_dm_top/i_dm_csrs/clk_out1
    SLICE_X106Y34        FDCE                                         r  i_dm_top/i_dm_csrs/dmcontrol_q_reg[ndmreset]/C
  -------------------------------------------------------------------    -------------------
    SLICE_X106Y34        FDCE (Prop_fdce_C_Q)         0.456    -0.362 f  i_dm_top/i_dm_csrs/dmcontrol_q_reg[ndmreset]/Q
                         net (fo=3, routed)           0.813     0.451    i_dm_top/i_dm_csrs/ndmreset
    SLICE_X105Y34        LUT2 (Prop_lut2_I0_O)        0.150     0.601 f  i_dm_top/i_dm_csrs/synch_regs_q[3]_i_1/O
                         net (fo=4, routed)           1.745     2.346    i_rstgen_main/i_rstgen_bypass/synch_regs_q_reg[3]_1
    SLICE_X71Y40         FDCE                                         f  i_rstgen_main/i_rstgen_bypass/synch_regs_q_reg[3]/CLR
  -------------------------------------------------------------------    -------------------

                         (clock clk_out1_xlnx_clk_gen rise edge)
                                                     31.250    31.250 r  
    K17                                               0.000    31.250 r  clk_sys (IN)
                         net (fo=0)                   0.000    31.250    i_xlnx_clk_gen/inst/clk_in1
    K17                  IBUF (Prop_ibuf_I_O)         1.404    32.654 r  i_xlnx_clk_gen/inst/clkin1_ibufg/O
                         net (fo=1, routed)           1.162    33.816    i_xlnx_clk_gen/inst/clk_in1_xlnx_clk_gen
    MMCME2_ADV_X1Y2      MMCME2_ADV (Prop_mmcme2_adv_CLKIN1_CLKOUT0)
                                                     -7.814    26.002 r  i_xlnx_clk_gen/inst/mmcm_adv_inst/CLKOUT0
                         net (fo=1, routed)           2.012    28.014    i_xlnx_clk_gen/inst/clk_out1_xlnx_clk_gen
    BUFGCTRL_X0Y16       BUFG (Prop_bufg_I_O)         0.091    28.105 r  i_xlnx_clk_gen/inst/clkout1_buf/O
                         net (fo=15309, routed)       1.556    29.661    i_rstgen_main/i_rstgen_bypass/clk_out1
    SLICE_X71Y40         FDCE                                         r  i_rstgen_main/i_rstgen_bypass/synch_regs_q_reg[3]/C
                         clock pessimism              0.567    30.229    
                         clock uncertainty           -0.085    30.144    
    SLICE_X71Y40         FDCE (Recov_fdce_C_CLR)     -0.607    29.537    i_rstgen_main/i_rstgen_bypass/synch_regs_q_reg[3]
  -------------------------------------------------------------------
                         required time                         29.537    
                         arrival time                          -2.346    
  -------------------------------------------------------------------
                         slack                                 27.190    

Slack (MET) :             27.464ns  (required time - arrival time)
  Source:                 i_axi_dwidth_converter_dm_slave/inst/gen_downsizer.gen_simple_downsizer.axi_downsizer_inst/USE_WRITE.write_addr_inst/USE_B_CHANNEL.cmd_b_queue/inst/fifo_gen_inst/inst_fifo_gen/gconvfifo.rf/grf.rf/rstblk/ngwrdrst.grst.g7serrst.gnsckt_wrst.rst_wr_reg2_inst/arststages_ff_reg[1]/C
                            (rising edge-triggered cell FDPE clocked by clk_out1_xlnx_clk_gen  {rise@0.000ns fall@15.625ns period=31.250ns})
  Destination:            i_axi_dwidth_converter_dm_slave/inst/gen_downsizer.gen_simple_downsizer.axi_downsizer_inst/USE_WRITE.write_addr_inst/USE_B_CHANNEL.cmd_b_queue/inst/fifo_gen_inst/inst_fifo_gen/gconvfifo.rf/grf.rf/gntv_or_sync_fifo.gl0.wr/wpntr/gcc0.gc0.count_d1_reg[3]/CLR
                            (recovery check against rising-edge clock clk_out1_xlnx_clk_gen  {rise@0.000ns fall@15.625ns period=31.250ns})
  Path Group:             **async_default**
  Path Type:              Recovery (Max at Slow Process Corner)
  Requirement:            31.250ns  (clk_out1_xlnx_clk_gen rise@31.250ns - clk_out1_xlnx_clk_gen rise@0.000ns)
  Data Path Delay:        3.274ns  (logic 0.718ns (21.933%)  route 2.556ns (78.067%))
  Logic Levels:           1  (LUT3=1)
  Clock Path Skew:        -0.022ns (DCD - SCD + CPR)
    Destination Clock Delay (DCD):    -1.527ns = ( 29.723 - 31.250 ) 
    Source Clock Delay      (SCD):    -0.899ns
    Clock Pessimism Removal (CPR):    0.605ns
  Clock Uncertainty:      0.085ns  ((TSJ^2 + DJ^2)^1/2) / 2 + PE
    Total System Jitter     (TSJ):    0.071ns
    Discrete Jitter          (DJ):    0.155ns
    Phase Error              (PE):    0.000ns

    Location             Delay type                Incr(ns)  Path(ns)    Netlist Resource(s)
  -------------------------------------------------------------------    -------------------
                         (clock clk_out1_xlnx_clk_gen rise edge)
                                                      0.000     0.000 r  
    K17                                               0.000     0.000 r  clk_sys (IN)
                         net (fo=0)                   0.000     0.000    i_xlnx_clk_gen/inst/clk_in1
    K17                  IBUF (Prop_ibuf_I_O)         1.475     1.475 r  i_xlnx_clk_gen/inst/clkin1_ibufg/O
                         net (fo=1, routed)           1.285     2.760    i_xlnx_clk_gen/inst/clk_in1_xlnx_clk_gen
    MMCME2_ADV_X1Y2      MMCME2_ADV (Prop_mmcme2_adv_CLKIN1_CLKOUT0)
                                                     -7.759    -4.999 r  i_xlnx_clk_gen/inst/mmcm_adv_inst/CLKOUT0
                         net (fo=1, routed)           2.206    -2.793    i_xlnx_clk_gen/inst/clk_out1_xlnx_clk_gen
    BUFGCTRL_X0Y16       BUFG (Prop_bufg_I_O)         0.101    -2.692 r  i_xlnx_clk_gen/inst/clkout1_buf/O
                         net (fo=15309, routed)       1.793    -0.899    i_axi_dwidth_converter_dm_slave/inst/gen_downsizer.gen_simple_downsizer.axi_downsizer_inst/USE_WRITE.write_addr_inst/USE_B_CHANNEL.cmd_b_queue/inst/fifo_gen_inst/inst_fifo_gen/gconvfifo.rf/grf.rf/rstblk/ngwrdrst.grst.g7serrst.gnsckt_wrst.rst_wr_reg2_inst/dest_clk
    SLICE_X97Y17         FDPE                                         r  i_axi_dwidth_converter_dm_slave/inst/gen_downsizer.gen_simple_downsizer.axi_downsizer_inst/USE_WRITE.write_addr_inst/USE_B_CHANNEL.cmd_b_queue/inst/fifo_gen_inst/inst_fifo_gen/gconvfifo.rf/grf.rf/rstblk/ngwrdrst.grst.g7serrst.gnsckt_wrst.rst_wr_reg2_inst/arststages_ff_reg[1]/C
  -------------------------------------------------------------------    -------------------
    SLICE_X97Y17         FDPE (Prop_fdpe_C_Q)         0.419    -0.480 f  i_axi_dwidth_converter_dm_slave/inst/gen_downsizer.gen_simple_downsizer.axi_downsizer_inst/USE_WRITE.write_addr_inst/USE_B_CHANNEL.cmd_b_queue/inst/fifo_gen_inst/inst_fifo_gen/gconvfifo.rf/grf.rf/rstblk/ngwrdrst.grst.g7serrst.gnsckt_wrst.rst_wr_reg2_inst/arststages_ff_reg[1]/Q
                         net (fo=3, routed)           1.164     0.684    i_axi_dwidth_converter_dm_slave/inst/gen_downsizer.gen_simple_downsizer.axi_downsizer_inst/USE_WRITE.write_addr_inst/USE_B_CHANNEL.cmd_b_queue/inst/fifo_gen_inst/inst_fifo_gen/gconvfifo.rf/grf.rf/rstblk/ngwrdrst.rst_wr_reg2
    SLICE_X95Y17         LUT3 (Prop_lut3_I2_O)        0.299     0.983 f  i_axi_dwidth_converter_dm_slave/inst/gen_downsizer.gen_simple_downsizer.axi_downsizer_inst/USE_WRITE.write_addr_inst/USE_B_CHANNEL.cmd_b_queue/inst/fifo_gen_inst/inst_fifo_gen/gconvfifo.rf/grf.rf/rstblk/gpregsm1.curr_fwft_state[1]_i_2/O
                         net (fo=32, routed)          1.391     2.374    i_axi_dwidth_converter_dm_slave/inst/gen_downsizer.gen_simple_downsizer.axi_downsizer_inst/USE_WRITE.write_addr_inst/USE_B_CHANNEL.cmd_b_queue/inst/fifo_gen_inst/inst_fifo_gen/gconvfifo.rf/grf.rf/gntv_or_sync_fifo.gl0.wr/wpntr/AR[0]
    SLICE_X95Y15         FDCE                                         f  i_axi_dwidth_converter_dm_slave/inst/gen_downsizer.gen_simple_downsizer.axi_downsizer_inst/USE_WRITE.write_addr_inst/USE_B_CHANNEL.cmd_b_queue/inst/fifo_gen_inst/inst_fifo_gen/gconvfifo.rf/grf.rf/gntv_or_sync_fifo.gl0.wr/wpntr/gcc0.gc0.count_d1_reg[3]/CLR
  -------------------------------------------------------------------    -------------------

                         (clock clk_out1_xlnx_clk_gen rise edge)
                                                     31.250    31.250 r  
    K17                                               0.000    31.250 r  clk_sys (IN)
                         net (fo=0)                   0.000    31.250    i_xlnx_clk_gen/inst/clk_in1
    K17                  IBUF (Prop_ibuf_I_O)         1.404    32.654 r  i_xlnx_clk_gen/inst/clkin1_ibufg/O
                         net (fo=1, routed)           1.162    33.816    i_xlnx_clk_gen/inst/clk_in1_xlnx_clk_gen
    MMCME2_ADV_X1Y2      MMCME2_ADV (Prop_mmcme2_adv_CLKIN1_CLKOUT0)
                                                     -7.814    26.002 r  i_xlnx_clk_gen/inst/mmcm_adv_inst/CLKOUT0
                         net (fo=1, routed)           2.012    28.014    i_xlnx_clk_gen/inst/clk_out1_xlnx_clk_gen
    BUFGCTRL_X0Y16       BUFG (Prop_bufg_I_O)         0.091    28.105 r  i_xlnx_clk_gen/inst/clkout1_buf/O
                         net (fo=15309, routed)       1.618    29.723    i_axi_dwidth_converter_dm_slave/inst/gen_downsizer.gen_simple_downsizer.axi_downsizer_inst/USE_WRITE.write_addr_inst/USE_B_CHANNEL.cmd_b_queue/inst/fifo_gen_inst/inst_fifo_gen/gconvfifo.rf/grf.rf/gntv_or_sync_fifo.gl0.wr/wpntr/clk
    SLICE_X95Y15         FDCE                                         r  i_axi_dwidth_converter_dm_slave/inst/gen_downsizer.gen_simple_downsizer.axi_downsizer_inst/USE_WRITE.write_addr_inst/USE_B_CHANNEL.cmd_b_queue/inst/fifo_gen_inst/inst_fifo_gen/gconvfifo.rf/grf.rf/gntv_or_sync_fifo.gl0.wr/wpntr/gcc0.gc0.count_d1_reg[3]/C
                         clock pessimism              0.605    30.329    
                         clock uncertainty           -0.085    30.244    
    SLICE_X95Y15         FDCE (Recov_fdce_C_CLR)     -0.405    29.839    i_axi_dwidth_converter_dm_slave/inst/gen_downsizer.gen_simple_downsizer.axi_downsizer_inst/USE_WRITE.write_addr_inst/USE_B_CHANNEL.cmd_b_queue/inst/fifo_gen_inst/inst_fifo_gen/gconvfifo.rf/grf.rf/gntv_or_sync_fifo.gl0.wr/wpntr/gcc0.gc0.count_d1_reg[3]
  -------------------------------------------------------------------
                         required time                         29.839    
                         arrival time                          -2.374    
  -------------------------------------------------------------------
                         slack                                 27.464    

Slack (MET) :             27.464ns  (required time - arrival time)
  Source:                 i_axi_dwidth_converter_dm_slave/inst/gen_downsizer.gen_simple_downsizer.axi_downsizer_inst/USE_WRITE.write_addr_inst/USE_B_CHANNEL.cmd_b_queue/inst/fifo_gen_inst/inst_fifo_gen/gconvfifo.rf/grf.rf/rstblk/ngwrdrst.grst.g7serrst.gnsckt_wrst.rst_wr_reg2_inst/arststages_ff_reg[1]/C
                            (rising edge-triggered cell FDPE clocked by clk_out1_xlnx_clk_gen  {rise@0.000ns fall@15.625ns period=31.250ns})
  Destination:            i_axi_dwidth_converter_dm_slave/inst/gen_downsizer.gen_simple_downsizer.axi_downsizer_inst/USE_WRITE.write_addr_inst/USE_B_CHANNEL.cmd_b_queue/inst/fifo_gen_inst/inst_fifo_gen/gconvfifo.rf/grf.rf/gntv_or_sync_fifo.gl0.wr/wpntr/gcc0.gc0.count_d1_reg[4]/CLR
                            (recovery check against rising-edge clock clk_out1_xlnx_clk_gen  {rise@0.000ns fall@15.625ns period=31.250ns})
  Path Group:             **async_default**
  Path Type:              Recovery (Max at Slow Process Corner)
  Requirement:            31.250ns  (clk_out1_xlnx_clk_gen rise@31.250ns - clk_out1_xlnx_clk_gen rise@0.000ns)
  Data Path Delay:        3.274ns  (logic 0.718ns (21.933%)  route 2.556ns (78.067%))
  Logic Levels:           1  (LUT3=1)
  Clock Path Skew:        -0.022ns (DCD - SCD + CPR)
    Destination Clock Delay (DCD):    -1.527ns = ( 29.723 - 31.250 ) 
    Source Clock Delay      (SCD):    -0.899ns
    Clock Pessimism Removal (CPR):    0.605ns
  Clock Uncertainty:      0.085ns  ((TSJ^2 + DJ^2)^1/2) / 2 + PE
    Total System Jitter     (TSJ):    0.071ns
    Discrete Jitter          (DJ):    0.155ns
    Phase Error              (PE):    0.000ns

    Location             Delay type                Incr(ns)  Path(ns)    Netlist Resource(s)
  -------------------------------------------------------------------    -------------------
                         (clock clk_out1_xlnx_clk_gen rise edge)
                                                      0.000     0.000 r  
    K17                                               0.000     0.000 r  clk_sys (IN)
                         net (fo=0)                   0.000     0.000    i_xlnx_clk_gen/inst/clk_in1
    K17                  IBUF (Prop_ibuf_I_O)         1.475     1.475 r  i_xlnx_clk_gen/inst/clkin1_ibufg/O
                         net (fo=1, routed)           1.285     2.760    i_xlnx_clk_gen/inst/clk_in1_xlnx_clk_gen
    MMCME2_ADV_X1Y2      MMCME2_ADV (Prop_mmcme2_adv_CLKIN1_CLKOUT0)
                                                     -7.759    -4.999 r  i_xlnx_clk_gen/inst/mmcm_adv_inst/CLKOUT0
                         net (fo=1, routed)           2.206    -2.793    i_xlnx_clk_gen/inst/clk_out1_xlnx_clk_gen
    BUFGCTRL_X0Y16       BUFG (Prop_bufg_I_O)         0.101    -2.692 r  i_xlnx_clk_gen/inst/clkout1_buf/O
                         net (fo=15309, routed)       1.793    -0.899    i_axi_dwidth_converter_dm_slave/inst/gen_downsizer.gen_simple_downsizer.axi_downsizer_inst/USE_WRITE.write_addr_inst/USE_B_CHANNEL.cmd_b_queue/inst/fifo_gen_inst/inst_fifo_gen/gconvfifo.rf/grf.rf/rstblk/ngwrdrst.grst.g7serrst.gnsckt_wrst.rst_wr_reg2_inst/dest_clk
    SLICE_X97Y17         FDPE                                         r  i_axi_dwidth_converter_dm_slave/inst/gen_downsizer.gen_simple_downsizer.axi_downsizer_inst/USE_WRITE.write_addr_inst/USE_B_CHANNEL.cmd_b_queue/inst/fifo_gen_inst/inst_fifo_gen/gconvfifo.rf/grf.rf/rstblk/ngwrdrst.grst.g7serrst.gnsckt_wrst.rst_wr_reg2_inst/arststages_ff_reg[1]/C
  -------------------------------------------------------------------    -------------------
    SLICE_X97Y17         FDPE (Prop_fdpe_C_Q)         0.419    -0.480 f  i_axi_dwidth_converter_dm_slave/inst/gen_downsizer.gen_simple_downsizer.axi_downsizer_inst/USE_WRITE.write_addr_inst/USE_B_CHANNEL.cmd_b_queue/inst/fifo_gen_inst/inst_fifo_gen/gconvfifo.rf/grf.rf/rstblk/ngwrdrst.grst.g7serrst.gnsckt_wrst.rst_wr_reg2_inst/arststages_ff_reg[1]/Q
                         net (fo=3, routed)           1.164     0.684    i_axi_dwidth_converter_dm_slave/inst/gen_downsizer.gen_simple_downsizer.axi_downsizer_inst/USE_WRITE.write_addr_inst/USE_B_CHANNEL.cmd_b_queue/inst/fifo_gen_inst/inst_fifo_gen/gconvfifo.rf/grf.rf/rstblk/ngwrdrst.rst_wr_reg2
    SLICE_X95Y17         LUT3 (Prop_lut3_I2_O)        0.299     0.983 f  i_axi_dwidth_converter_dm_slave/inst/gen_downsizer.gen_simple_downsizer.axi_downsizer_inst/USE_WRITE.write_addr_inst/USE_B_CHANNEL.cmd_b_queue/inst/fifo_gen_inst/inst_fifo_gen/gconvfifo.rf/grf.rf/rstblk/gpregsm1.curr_fwft_state[1]_i_2/O
                         net (fo=32, routed)          1.391     2.374    i_axi_dwidth_converter_dm_slave/inst/gen_downsizer.gen_simple_downsizer.axi_downsizer_inst/USE_WRITE.write_addr_inst/USE_B_CHANNEL.cmd_b_queue/inst/fifo_gen_inst/inst_fifo_gen/gconvfifo.rf/grf.rf/gntv_or_sync_fifo.gl0.wr/wpntr/AR[0]
    SLICE_X95Y15         FDCE                                         f  i_axi_dwidth_converter_dm_slave/inst/gen_downsizer.gen_simple_downsizer.axi_downsizer_inst/USE_WRITE.write_addr_inst/USE_B_CHANNEL.cmd_b_queue/inst/fifo_gen_inst/inst_fifo_gen/gconvfifo.rf/grf.rf/gntv_or_sync_fifo.gl0.wr/wpntr/gcc0.gc0.count_d1_reg[4]/CLR
  -------------------------------------------------------------------    -------------------

                         (clock clk_out1_xlnx_clk_gen rise edge)
                                                     31.250    31.250 r  
    K17                                               0.000    31.250 r  clk_sys (IN)
                         net (fo=0)                   0.000    31.250    i_xlnx_clk_gen/inst/clk_in1
    K17                  IBUF (Prop_ibuf_I_O)         1.404    32.654 r  i_xlnx_clk_gen/inst/clkin1_ibufg/O
                         net (fo=1, routed)           1.162    33.816    i_xlnx_clk_gen/inst/clk_in1_xlnx_clk_gen
    MMCME2_ADV_X1Y2      MMCME2_ADV (Prop_mmcme2_adv_CLKIN1_CLKOUT0)
                                                     -7.814    26.002 r  i_xlnx_clk_gen/inst/mmcm_adv_inst/CLKOUT0
                         net (fo=1, routed)           2.012    28.014    i_xlnx_clk_gen/inst/clk_out1_xlnx_clk_gen
    BUFGCTRL_X0Y16       BUFG (Prop_bufg_I_O)         0.091    28.105 r  i_xlnx_clk_gen/inst/clkout1_buf/O
                         net (fo=15309, routed)       1.618    29.723    i_axi_dwidth_converter_dm_slave/inst/gen_downsizer.gen_simple_downsizer.axi_downsizer_inst/USE_WRITE.write_addr_inst/USE_B_CHANNEL.cmd_b_queue/inst/fifo_gen_inst/inst_fifo_gen/gconvfifo.rf/grf.rf/gntv_or_sync_fifo.gl0.wr/wpntr/clk
    SLICE_X95Y15         FDCE                                         r  i_axi_dwidth_converter_dm_slave/inst/gen_downsizer.gen_simple_downsizer.axi_downsizer_inst/USE_WRITE.write_addr_inst/USE_B_CHANNEL.cmd_b_queue/inst/fifo_gen_inst/inst_fifo_gen/gconvfifo.rf/grf.rf/gntv_or_sync_fifo.gl0.wr/wpntr/gcc0.gc0.count_d1_reg[4]/C
                         clock pessimism              0.605    30.329    
                         clock uncertainty           -0.085    30.244    
    SLICE_X95Y15         FDCE (Recov_fdce_C_CLR)     -0.405    29.839    i_axi_dwidth_converter_dm_slave/inst/gen_downsizer.gen_simple_downsizer.axi_downsizer_inst/USE_WRITE.write_addr_inst/USE_B_CHANNEL.cmd_b_queue/inst/fifo_gen_inst/inst_fifo_gen/gconvfifo.rf/grf.rf/gntv_or_sync_fifo.gl0.wr/wpntr/gcc0.gc0.count_d1_reg[4]
  -------------------------------------------------------------------
                         required time                         29.839    
                         arrival time                          -2.374    
  -------------------------------------------------------------------
                         slack                                 27.464    

Slack (MET) :             27.464ns  (required time - arrival time)
  Source:                 i_axi_dwidth_converter_dm_slave/inst/gen_downsizer.gen_simple_downsizer.axi_downsizer_inst/USE_WRITE.write_addr_inst/USE_B_CHANNEL.cmd_b_queue/inst/fifo_gen_inst/inst_fifo_gen/gconvfifo.rf/grf.rf/rstblk/ngwrdrst.grst.g7serrst.gnsckt_wrst.rst_wr_reg2_inst/arststages_ff_reg[1]/C
                            (rising edge-triggered cell FDPE clocked by clk_out1_xlnx_clk_gen  {rise@0.000ns fall@15.625ns period=31.250ns})
  Destination:            i_axi_dwidth_converter_dm_slave/inst/gen_downsizer.gen_simple_downsizer.axi_downsizer_inst/USE_WRITE.write_addr_inst/USE_B_CHANNEL.cmd_b_queue/inst/fifo_gen_inst/inst_fifo_gen/gconvfifo.rf/grf.rf/gntv_or_sync_fifo.gl0.wr/wpntr/gcc0.gc0.count_reg[1]/CLR
                            (recovery check against rising-edge clock clk_out1_xlnx_clk_gen  {rise@0.000ns fall@15.625ns period=31.250ns})
  Path Group:             **async_default**
  Path Type:              Recovery (Max at Slow Process Corner)
  Requirement:            31.250ns  (clk_out1_xlnx_clk_gen rise@31.250ns - clk_out1_xlnx_clk_gen rise@0.000ns)
  Data Path Delay:        3.274ns  (logic 0.718ns (21.933%)  route 2.556ns (78.067%))
  Logic Levels:           1  (LUT3=1)
  Clock Path Skew:        -0.022ns (DCD - SCD + CPR)
    Destination Clock Delay (DCD):    -1.527ns = ( 29.723 - 31.250 ) 
    Source Clock Delay      (SCD):    -0.899ns
    Clock Pessimism Removal (CPR):    0.605ns
  Clock Uncertainty:      0.085ns  ((TSJ^2 + DJ^2)^1/2) / 2 + PE
    Total System Jitter     (TSJ):    0.071ns
    Discrete Jitter          (DJ):    0.155ns
    Phase Error              (PE):    0.000ns

    Location             Delay type                Incr(ns)  Path(ns)    Netlist Resource(s)
  -------------------------------------------------------------------    -------------------
                         (clock clk_out1_xlnx_clk_gen rise edge)
                                                      0.000     0.000 r  
    K17                                               0.000     0.000 r  clk_sys (IN)
                         net (fo=0)                   0.000     0.000    i_xlnx_clk_gen/inst/clk_in1
    K17                  IBUF (Prop_ibuf_I_O)         1.475     1.475 r  i_xlnx_clk_gen/inst/clkin1_ibufg/O
                         net (fo=1, routed)           1.285     2.760    i_xlnx_clk_gen/inst/clk_in1_xlnx_clk_gen
    MMCME2_ADV_X1Y2      MMCME2_ADV (Prop_mmcme2_adv_CLKIN1_CLKOUT0)
                                                     -7.759    -4.999 r  i_xlnx_clk_gen/inst/mmcm_adv_inst/CLKOUT0
                         net (fo=1, routed)           2.206    -2.793    i_xlnx_clk_gen/inst/clk_out1_xlnx_clk_gen
    BUFGCTRL_X0Y16       BUFG (Prop_bufg_I_O)         0.101    -2.692 r  i_xlnx_clk_gen/inst/clkout1_buf/O
                         net (fo=15309, routed)       1.793    -0.899    i_axi_dwidth_converter_dm_slave/inst/gen_downsizer.gen_simple_downsizer.axi_downsizer_inst/USE_WRITE.write_addr_inst/USE_B_CHANNEL.cmd_b_queue/inst/fifo_gen_inst/inst_fifo_gen/gconvfifo.rf/grf.rf/rstblk/ngwrdrst.grst.g7serrst.gnsckt_wrst.rst_wr_reg2_inst/dest_clk
    SLICE_X97Y17         FDPE                                         r  i_axi_dwidth_converter_dm_slave/inst/gen_downsizer.gen_simple_downsizer.axi_downsizer_inst/USE_WRITE.write_addr_inst/USE_B_CHANNEL.cmd_b_queue/inst/fifo_gen_inst/inst_fifo_gen/gconvfifo.rf/grf.rf/rstblk/ngwrdrst.grst.g7serrst.gnsckt_wrst.rst_wr_reg2_inst/arststages_ff_reg[1]/C
  -------------------------------------------------------------------    -------------------
    SLICE_X97Y17         FDPE (Prop_fdpe_C_Q)         0.419    -0.480 f  i_axi_dwidth_converter_dm_slave/inst/gen_downsizer.gen_simple_downsizer.axi_downsizer_inst/USE_WRITE.write_addr_inst/USE_B_CHANNEL.cmd_b_queue/inst/fifo_gen_inst/inst_fifo_gen/gconvfifo.rf/grf.rf/rstblk/ngwrdrst.grst.g7serrst.gnsckt_wrst.rst_wr_reg2_inst/arststages_ff_reg[1]/Q
                         net (fo=3, routed)           1.164     0.684    i_axi_dwidth_converter_dm_slave/inst/gen_downsizer.gen_simple_downsizer.axi_downsizer_inst/USE_WRITE.write_addr_inst/USE_B_CHANNEL.cmd_b_queue/inst/fifo_gen_inst/inst_fifo_gen/gconvfifo.rf/grf.rf/rstblk/ngwrdrst.rst_wr_reg2
    SLICE_X95Y17         LUT3 (Prop_lut3_I2_O)        0.299     0.983 f  i_axi_dwidth_converter_dm_slave/inst/gen_downsizer.gen_simple_downsizer.axi_downsizer_inst/USE_WRITE.write_addr_inst/USE_B_CHANNEL.cmd_b_queue/inst/fifo_gen_inst/inst_fifo_gen/gconvfifo.rf/grf.rf/rstblk/gpregsm1.curr_fwft_state[1]_i_2/O
                         net (fo=32, routed)          1.391     2.374    i_axi_dwidth_converter_dm_slave/inst/gen_downsizer.gen_simple_downsizer.axi_downsizer_inst/USE_WRITE.write_addr_inst/USE_B_CHANNEL.cmd_b_queue/inst/fifo_gen_inst/inst_fifo_gen/gconvfifo.rf/grf.rf/gntv_or_sync_fifo.gl0.wr/wpntr/AR[0]
    SLICE_X95Y15         FDCE                                         f  i_axi_dwidth_converter_dm_slave/inst/gen_downsizer.gen_simple_downsizer.axi_downsizer_inst/USE_WRITE.write_addr_inst/USE_B_CHANNEL.cmd_b_queue/inst/fifo_gen_inst/inst_fifo_gen/gconvfifo.rf/grf.rf/gntv_or_sync_fifo.gl0.wr/wpntr/gcc0.gc0.count_reg[1]/CLR
  -------------------------------------------------------------------    -------------------

                         (clock clk_out1_xlnx_clk_gen rise edge)
                                                     31.250    31.250 r  
    K17                                               0.000    31.250 r  clk_sys (IN)
                         net (fo=0)                   0.000    31.250    i_xlnx_clk_gen/inst/clk_in1
    K17                  IBUF (Prop_ibuf_I_O)         1.404    32.654 r  i_xlnx_clk_gen/inst/clkin1_ibufg/O
                         net (fo=1, routed)           1.162    33.816    i_xlnx_clk_gen/inst/clk_in1_xlnx_clk_gen
    MMCME2_ADV_X1Y2      MMCME2_ADV (Prop_mmcme2_adv_CLKIN1_CLKOUT0)
                                                     -7.814    26.002 r  i_xlnx_clk_gen/inst/mmcm_adv_inst/CLKOUT0
                         net (fo=1, routed)           2.012    28.014    i_xlnx_clk_gen/inst/clk_out1_xlnx_clk_gen
    BUFGCTRL_X0Y16       BUFG (Prop_bufg_I_O)         0.091    28.105 r  i_xlnx_clk_gen/inst/clkout1_buf/O
                         net (fo=15309, routed)       1.618    29.723    i_axi_dwidth_converter_dm_slave/inst/gen_downsizer.gen_simple_downsizer.axi_downsizer_inst/USE_WRITE.write_addr_inst/USE_B_CHANNEL.cmd_b_queue/inst/fifo_gen_inst/inst_fifo_gen/gconvfifo.rf/grf.rf/gntv_or_sync_fifo.gl0.wr/wpntr/clk
    SLICE_X95Y15         FDCE                                         r  i_axi_dwidth_converter_dm_slave/inst/gen_downsizer.gen_simple_downsizer.axi_downsizer_inst/USE_WRITE.write_addr_inst/USE_B_CHANNEL.cmd_b_queue/inst/fifo_gen_inst/inst_fifo_gen/gconvfifo.rf/grf.rf/gntv_or_sync_fifo.gl0.wr/wpntr/gcc0.gc0.count_reg[1]/C
                         clock pessimism              0.605    30.329    
                         clock uncertainty           -0.085    30.244    
    SLICE_X95Y15         FDCE (Recov_fdce_C_CLR)     -0.405    29.839    i_axi_dwidth_converter_dm_slave/inst/gen_downsizer.gen_simple_downsizer.axi_downsizer_inst/USE_WRITE.write_addr_inst/USE_B_CHANNEL.cmd_b_queue/inst/fifo_gen_inst/inst_fifo_gen/gconvfifo.rf/grf.rf/gntv_or_sync_fifo.gl0.wr/wpntr/gcc0.gc0.count_reg[1]
  -------------------------------------------------------------------
                         required time                         29.839    
                         arrival time                          -2.374    
  -------------------------------------------------------------------
                         slack                                 27.464    

Slack (MET) :             27.464ns  (required time - arrival time)
  Source:                 i_axi_dwidth_converter_dm_slave/inst/gen_downsizer.gen_simple_downsizer.axi_downsizer_inst/USE_WRITE.write_addr_inst/USE_B_CHANNEL.cmd_b_queue/inst/fifo_gen_inst/inst_fifo_gen/gconvfifo.rf/grf.rf/rstblk/ngwrdrst.grst.g7serrst.gnsckt_wrst.rst_wr_reg2_inst/arststages_ff_reg[1]/C
                            (rising edge-triggered cell FDPE clocked by clk_out1_xlnx_clk_gen  {rise@0.000ns fall@15.625ns period=31.250ns})
  Destination:            i_axi_dwidth_converter_dm_slave/inst/gen_downsizer.gen_simple_downsizer.axi_downsizer_inst/USE_WRITE.write_addr_inst/USE_B_CHANNEL.cmd_b_queue/inst/fifo_gen_inst/inst_fifo_gen/gconvfifo.rf/grf.rf/gntv_or_sync_fifo.gl0.wr/wpntr/gcc0.gc0.count_reg[3]/CLR
                            (recovery check against rising-edge clock clk_out1_xlnx_clk_gen  {rise@0.000ns fall@15.625ns period=31.250ns})
  Path Group:             **async_default**
  Path Type:              Recovery (Max at Slow Process Corner)
  Requirement:            31.250ns  (clk_out1_xlnx_clk_gen rise@31.250ns - clk_out1_xlnx_clk_gen rise@0.000ns)
  Data Path Delay:        3.274ns  (logic 0.718ns (21.933%)  route 2.556ns (78.067%))
  Logic Levels:           1  (LUT3=1)
  Clock Path Skew:        -0.022ns (DCD - SCD + CPR)
    Destination Clock Delay (DCD):    -1.527ns = ( 29.723 - 31.250 ) 
    Source Clock Delay      (SCD):    -0.899ns
    Clock Pessimism Removal (CPR):    0.605ns
  Clock Uncertainty:      0.085ns  ((TSJ^2 + DJ^2)^1/2) / 2 + PE
    Total System Jitter     (TSJ):    0.071ns
    Discrete Jitter          (DJ):    0.155ns
    Phase Error              (PE):    0.000ns

    Location             Delay type                Incr(ns)  Path(ns)    Netlist Resource(s)
  -------------------------------------------------------------------    -------------------
                         (clock clk_out1_xlnx_clk_gen rise edge)
                                                      0.000     0.000 r  
    K17                                               0.000     0.000 r  clk_sys (IN)
                         net (fo=0)                   0.000     0.000    i_xlnx_clk_gen/inst/clk_in1
    K17                  IBUF (Prop_ibuf_I_O)         1.475     1.475 r  i_xlnx_clk_gen/inst/clkin1_ibufg/O
                         net (fo=1, routed)           1.285     2.760    i_xlnx_clk_gen/inst/clk_in1_xlnx_clk_gen
    MMCME2_ADV_X1Y2      MMCME2_ADV (Prop_mmcme2_adv_CLKIN1_CLKOUT0)
                                                     -7.759    -4.999 r  i_xlnx_clk_gen/inst/mmcm_adv_inst/CLKOUT0
                         net (fo=1, routed)           2.206    -2.793    i_xlnx_clk_gen/inst/clk_out1_xlnx_clk_gen
    BUFGCTRL_X0Y16       BUFG (Prop_bufg_I_O)         0.101    -2.692 r  i_xlnx_clk_gen/inst/clkout1_buf/O
                         net (fo=15309, routed)       1.793    -0.899    i_axi_dwidth_converter_dm_slave/inst/gen_downsizer.gen_simple_downsizer.axi_downsizer_inst/USE_WRITE.write_addr_inst/USE_B_CHANNEL.cmd_b_queue/inst/fifo_gen_inst/inst_fifo_gen/gconvfifo.rf/grf.rf/rstblk/ngwrdrst.grst.g7serrst.gnsckt_wrst.rst_wr_reg2_inst/dest_clk
    SLICE_X97Y17         FDPE                                         r  i_axi_dwidth_converter_dm_slave/inst/gen_downsizer.gen_simple_downsizer.axi_downsizer_inst/USE_WRITE.write_addr_inst/USE_B_CHANNEL.cmd_b_queue/inst/fifo_gen_inst/inst_fifo_gen/gconvfifo.rf/grf.rf/rstblk/ngwrdrst.grst.g7serrst.gnsckt_wrst.rst_wr_reg2_inst/arststages_ff_reg[1]/C
  -------------------------------------------------------------------    -------------------
    SLICE_X97Y17         FDPE (Prop_fdpe_C_Q)         0.419    -0.480 f  i_axi_dwidth_converter_dm_slave/inst/gen_downsizer.gen_simple_downsizer.axi_downsizer_inst/USE_WRITE.write_addr_inst/USE_B_CHANNEL.cmd_b_queue/inst/fifo_gen_inst/inst_fifo_gen/gconvfifo.rf/grf.rf/rstblk/ngwrdrst.grst.g7serrst.gnsckt_wrst.rst_wr_reg2_inst/arststages_ff_reg[1]/Q
                         net (fo=3, routed)           1.164     0.684    i_axi_dwidth_converter_dm_slave/inst/gen_downsizer.gen_simple_downsizer.axi_downsizer_inst/USE_WRITE.write_addr_inst/USE_B_CHANNEL.cmd_b_queue/inst/fifo_gen_inst/inst_fifo_gen/gconvfifo.rf/grf.rf/rstblk/ngwrdrst.rst_wr_reg2
    SLICE_X95Y17         LUT3 (Prop_lut3_I2_O)        0.299     0.983 f  i_axi_dwidth_converter_dm_slave/inst/gen_downsizer.gen_simple_downsizer.axi_downsizer_inst/USE_WRITE.write_addr_inst/USE_B_CHANNEL.cmd_b_queue/inst/fifo_gen_inst/inst_fifo_gen/gconvfifo.rf/grf.rf/rstblk/gpregsm1.curr_fwft_state[1]_i_2/O
                         net (fo=32, routed)          1.391     2.374    i_axi_dwidth_converter_dm_slave/inst/gen_downsizer.gen_simple_downsizer.axi_downsizer_inst/USE_WRITE.write_addr_inst/USE_B_CHANNEL.cmd_b_queue/inst/fifo_gen_inst/inst_fifo_gen/gconvfifo.rf/grf.rf/gntv_or_sync_fifo.gl0.wr/wpntr/AR[0]
    SLICE_X95Y15         FDCE                                         f  i_axi_dwidth_converter_dm_slave/inst/gen_downsizer.gen_simple_downsizer.axi_downsizer_inst/USE_WRITE.write_addr_inst/USE_B_CHANNEL.cmd_b_queue/inst/fifo_gen_inst/inst_fifo_gen/gconvfifo.rf/grf.rf/gntv_or_sync_fifo.gl0.wr/wpntr/gcc0.gc0.count_reg[3]/CLR
  -------------------------------------------------------------------    -------------------

                         (clock clk_out1_xlnx_clk_gen rise edge)
                                                     31.250    31.250 r  
    K17                                               0.000    31.250 r  clk_sys (IN)
                         net (fo=0)                   0.000    31.250    i_xlnx_clk_gen/inst/clk_in1
    K17                  IBUF (Prop_ibuf_I_O)         1.404    32.654 r  i_xlnx_clk_gen/inst/clkin1_ibufg/O
                         net (fo=1, routed)           1.162    33.816    i_xlnx_clk_gen/inst/clk_in1_xlnx_clk_gen
    MMCME2_ADV_X1Y2      MMCME2_ADV (Prop_mmcme2_adv_CLKIN1_CLKOUT0)
                                                     -7.814    26.002 r  i_xlnx_clk_gen/inst/mmcm_adv_inst/CLKOUT0
                         net (fo=1, routed)           2.012    28.014    i_xlnx_clk_gen/inst/clk_out1_xlnx_clk_gen
    BUFGCTRL_X0Y16       BUFG (Prop_bufg_I_O)         0.091    28.105 r  i_xlnx_clk_gen/inst/clkout1_buf/O
                         net (fo=15309, routed)       1.618    29.723    i_axi_dwidth_converter_dm_slave/inst/gen_downsizer.gen_simple_downsizer.axi_downsizer_inst/USE_WRITE.write_addr_inst/USE_B_CHANNEL.cmd_b_queue/inst/fifo_gen_inst/inst_fifo_gen/gconvfifo.rf/grf.rf/gntv_or_sync_fifo.gl0.wr/wpntr/clk
    SLICE_X95Y15         FDCE                                         r  i_axi_dwidth_converter_dm_slave/inst/gen_downsizer.gen_simple_downsizer.axi_downsizer_inst/USE_WRITE.write_addr_inst/USE_B_CHANNEL.cmd_b_queue/inst/fifo_gen_inst/inst_fifo_gen/gconvfifo.rf/grf.rf/gntv_or_sync_fifo.gl0.wr/wpntr/gcc0.gc0.count_reg[3]/C
                         clock pessimism              0.605    30.329    
                         clock uncertainty           -0.085    30.244    
    SLICE_X95Y15         FDCE (Recov_fdce_C_CLR)     -0.405    29.839    i_axi_dwidth_converter_dm_slave/inst/gen_downsizer.gen_simple_downsizer.axi_downsizer_inst/USE_WRITE.write_addr_inst/USE_B_CHANNEL.cmd_b_queue/inst/fifo_gen_inst/inst_fifo_gen/gconvfifo.rf/grf.rf/gntv_or_sync_fifo.gl0.wr/wpntr/gcc0.gc0.count_reg[3]
  -------------------------------------------------------------------
                         required time                         29.839    
                         arrival time                          -2.374    
  -------------------------------------------------------------------
                         slack                                 27.464    

Slack (MET) :             27.464ns  (required time - arrival time)
  Source:                 i_axi_dwidth_converter_dm_slave/inst/gen_downsizer.gen_simple_downsizer.axi_downsizer_inst/USE_WRITE.write_addr_inst/USE_B_CHANNEL.cmd_b_queue/inst/fifo_gen_inst/inst_fifo_gen/gconvfifo.rf/grf.rf/rstblk/ngwrdrst.grst.g7serrst.gnsckt_wrst.rst_wr_reg2_inst/arststages_ff_reg[1]/C
                            (rising edge-triggered cell FDPE clocked by clk_out1_xlnx_clk_gen  {rise@0.000ns fall@15.625ns period=31.250ns})
  Destination:            i_axi_dwidth_converter_dm_slave/inst/gen_downsizer.gen_simple_downsizer.axi_downsizer_inst/USE_WRITE.write_addr_inst/USE_B_CHANNEL.cmd_b_queue/inst/fifo_gen_inst/inst_fifo_gen/gconvfifo.rf/grf.rf/gntv_or_sync_fifo.gl0.wr/wpntr/gcc0.gc0.count_reg[4]/CLR
                            (recovery check against rising-edge clock clk_out1_xlnx_clk_gen  {rise@0.000ns fall@15.625ns period=31.250ns})
  Path Group:             **async_default**
  Path Type:              Recovery (Max at Slow Process Corner)
  Requirement:            31.250ns  (clk_out1_xlnx_clk_gen rise@31.250ns - clk_out1_xlnx_clk_gen rise@0.000ns)
  Data Path Delay:        3.274ns  (logic 0.718ns (21.933%)  route 2.556ns (78.067%))
  Logic Levels:           1  (LUT3=1)
  Clock Path Skew:        -0.022ns (DCD - SCD + CPR)
    Destination Clock Delay (DCD):    -1.527ns = ( 29.723 - 31.250 ) 
    Source Clock Delay      (SCD):    -0.899ns
    Clock Pessimism Removal (CPR):    0.605ns
  Clock Uncertainty:      0.085ns  ((TSJ^2 + DJ^2)^1/2) / 2 + PE
    Total System Jitter     (TSJ):    0.071ns
    Discrete Jitter          (DJ):    0.155ns
    Phase Error              (PE):    0.000ns

    Location             Delay type                Incr(ns)  Path(ns)    Netlist Resource(s)
  -------------------------------------------------------------------    -------------------
                         (clock clk_out1_xlnx_clk_gen rise edge)
                                                      0.000     0.000 r  
    K17                                               0.000     0.000 r  clk_sys (IN)
                         net (fo=0)                   0.000     0.000    i_xlnx_clk_gen/inst/clk_in1
    K17                  IBUF (Prop_ibuf_I_O)         1.475     1.475 r  i_xlnx_clk_gen/inst/clkin1_ibufg/O
                         net (fo=1, routed)           1.285     2.760    i_xlnx_clk_gen/inst/clk_in1_xlnx_clk_gen
    MMCME2_ADV_X1Y2      MMCME2_ADV (Prop_mmcme2_adv_CLKIN1_CLKOUT0)
                                                     -7.759    -4.999 r  i_xlnx_clk_gen/inst/mmcm_adv_inst/CLKOUT0
                         net (fo=1, routed)           2.206    -2.793    i_xlnx_clk_gen/inst/clk_out1_xlnx_clk_gen
    BUFGCTRL_X0Y16       BUFG (Prop_bufg_I_O)         0.101    -2.692 r  i_xlnx_clk_gen/inst/clkout1_buf/O
                         net (fo=15309, routed)       1.793    -0.899    i_axi_dwidth_converter_dm_slave/inst/gen_downsizer.gen_simple_downsizer.axi_downsizer_inst/USE_WRITE.write_addr_inst/USE_B_CHANNEL.cmd_b_queue/inst/fifo_gen_inst/inst_fifo_gen/gconvfifo.rf/grf.rf/rstblk/ngwrdrst.grst.g7serrst.gnsckt_wrst.rst_wr_reg2_inst/dest_clk
    SLICE_X97Y17         FDPE                                         r  i_axi_dwidth_converter_dm_slave/inst/gen_downsizer.gen_simple_downsizer.axi_downsizer_inst/USE_WRITE.write_addr_inst/USE_B_CHANNEL.cmd_b_queue/inst/fifo_gen_inst/inst_fifo_gen/gconvfifo.rf/grf.rf/rstblk/ngwrdrst.grst.g7serrst.gnsckt_wrst.rst_wr_reg2_inst/arststages_ff_reg[1]/C
  -------------------------------------------------------------------    -------------------
    SLICE_X97Y17         FDPE (Prop_fdpe_C_Q)         0.419    -0.480 f  i_axi_dwidth_converter_dm_slave/inst/gen_downsizer.gen_simple_downsizer.axi_downsizer_inst/USE_WRITE.write_addr_inst/USE_B_CHANNEL.cmd_b_queue/inst/fifo_gen_inst/inst_fifo_gen/gconvfifo.rf/grf.rf/rstblk/ngwrdrst.grst.g7serrst.gnsckt_wrst.rst_wr_reg2_inst/arststages_ff_reg[1]/Q
                         net (fo=3, routed)           1.164     0.684    i_axi_dwidth_converter_dm_slave/inst/gen_downsizer.gen_simple_downsizer.axi_downsizer_inst/USE_WRITE.write_addr_inst/USE_B_CHANNEL.cmd_b_queue/inst/fifo_gen_inst/inst_fifo_gen/gconvfifo.rf/grf.rf/rstblk/ngwrdrst.rst_wr_reg2
    SLICE_X95Y17         LUT3 (Prop_lut3_I2_O)        0.299     0.983 f  i_axi_dwidth_converter_dm_slave/inst/gen_downsizer.gen_simple_downsizer.axi_downsizer_inst/USE_WRITE.write_addr_inst/USE_B_CHANNEL.cmd_b_queue/inst/fifo_gen_inst/inst_fifo_gen/gconvfifo.rf/grf.rf/rstblk/gpregsm1.curr_fwft_state[1]_i_2/O
                         net (fo=32, routed)          1.391     2.374    i_axi_dwidth_converter_dm_slave/inst/gen_downsizer.gen_simple_downsizer.axi_downsizer_inst/USE_WRITE.write_addr_inst/USE_B_CHANNEL.cmd_b_queue/inst/fifo_gen_inst/inst_fifo_gen/gconvfifo.rf/grf.rf/gntv_or_sync_fifo.gl0.wr/wpntr/AR[0]
    SLICE_X95Y15         FDCE                                         f  i_axi_dwidth_converter_dm_slave/inst/gen_downsizer.gen_simple_downsizer.axi_downsizer_inst/USE_WRITE.write_addr_inst/USE_B_CHANNEL.cmd_b_queue/inst/fifo_gen_inst/inst_fifo_gen/gconvfifo.rf/grf.rf/gntv_or_sync_fifo.gl0.wr/wpntr/gcc0.gc0.count_reg[4]/CLR
  -------------------------------------------------------------------    -------------------

                         (clock clk_out1_xlnx_clk_gen rise edge)
                                                     31.250    31.250 r  
    K17                                               0.000    31.250 r  clk_sys (IN)
                         net (fo=0)                   0.000    31.250    i_xlnx_clk_gen/inst/clk_in1
    K17                  IBUF (Prop_ibuf_I_O)         1.404    32.654 r  i_xlnx_clk_gen/inst/clkin1_ibufg/O
                         net (fo=1, routed)           1.162    33.816    i_xlnx_clk_gen/inst/clk_in1_xlnx_clk_gen
    MMCME2_ADV_X1Y2      MMCME2_ADV (Prop_mmcme2_adv_CLKIN1_CLKOUT0)
                                                     -7.814    26.002 r  i_xlnx_clk_gen/inst/mmcm_adv_inst/CLKOUT0
                         net (fo=1, routed)           2.012    28.014    i_xlnx_clk_gen/inst/clk_out1_xlnx_clk_gen
    BUFGCTRL_X0Y16       BUFG (Prop_bufg_I_O)         0.091    28.105 r  i_xlnx_clk_gen/inst/clkout1_buf/O
                         net (fo=15309, routed)       1.618    29.723    i_axi_dwidth_converter_dm_slave/inst/gen_downsizer.gen_simple_downsizer.axi_downsizer_inst/USE_WRITE.write_addr_inst/USE_B_CHANNEL.cmd_b_queue/inst/fifo_gen_inst/inst_fifo_gen/gconvfifo.rf/grf.rf/gntv_or_sync_fifo.gl0.wr/wpntr/clk
    SLICE_X95Y15         FDCE                                         r  i_axi_dwidth_converter_dm_slave/inst/gen_downsizer.gen_simple_downsizer.axi_downsizer_inst/USE_WRITE.write_addr_inst/USE_B_CHANNEL.cmd_b_queue/inst/fifo_gen_inst/inst_fifo_gen/gconvfifo.rf/grf.rf/gntv_or_sync_fifo.gl0.wr/wpntr/gcc0.gc0.count_reg[4]/C
                         clock pessimism              0.605    30.329    
                         clock uncertainty           -0.085    30.244    
    SLICE_X95Y15         FDCE (Recov_fdce_C_CLR)     -0.405    29.839    i_axi_dwidth_converter_dm_slave/inst/gen_downsizer.gen_simple_downsizer.axi_downsizer_inst/USE_WRITE.write_addr_inst/USE_B_CHANNEL.cmd_b_queue/inst/fifo_gen_inst/inst_fifo_gen/gconvfifo.rf/grf.rf/gntv_or_sync_fifo.gl0.wr/wpntr/gcc0.gc0.count_reg[4]
  -------------------------------------------------------------------
                         required time                         29.839    
                         arrival time                          -2.374    
  -------------------------------------------------------------------
                         slack                                 27.464    

Slack (MET) :             27.546ns  (required time - arrival time)
  Source:                 i_axi_dwidth_converter_dm_slave/inst/gen_downsizer.gen_simple_downsizer.axi_downsizer_inst/USE_WRITE.write_addr_inst/USE_B_CHANNEL.cmd_b_queue/inst/fifo_gen_inst/inst_fifo_gen/gconvfifo.rf/grf.rf/rstblk/ngwrdrst.grst.g7serrst.gnsckt_wrst.rst_wr_reg2_inst/arststages_ff_reg[1]/C
                            (rising edge-triggered cell FDPE clocked by clk_out1_xlnx_clk_gen  {rise@0.000ns fall@15.625ns period=31.250ns})
  Destination:            i_axi_dwidth_converter_dm_slave/inst/gen_downsizer.gen_simple_downsizer.axi_downsizer_inst/USE_WRITE.write_addr_inst/USE_B_CHANNEL.cmd_b_queue/inst/fifo_gen_inst/inst_fifo_gen/gconvfifo.rf/grf.rf/gntv_or_sync_fifo.gl0.rd/rpntr/gc0.count_d1_reg[2]/CLR
                            (recovery check against rising-edge clock clk_out1_xlnx_clk_gen  {rise@0.000ns fall@15.625ns period=31.250ns})
  Path Group:             **async_default**
  Path Type:              Recovery (Max at Slow Process Corner)
  Requirement:            31.250ns  (clk_out1_xlnx_clk_gen rise@31.250ns - clk_out1_xlnx_clk_gen rise@0.000ns)
  Data Path Delay:        3.191ns  (logic 0.718ns (22.501%)  route 2.473ns (77.499%))
  Logic Levels:           1  (LUT3=1)
  Clock Path Skew:        -0.023ns (DCD - SCD + CPR)
    Destination Clock Delay (DCD):    -1.528ns = ( 29.722 - 31.250 ) 
    Source Clock Delay      (SCD):    -0.899ns
    Clock Pessimism Removal (CPR):    0.605ns
  Clock Uncertainty:      0.085ns  ((TSJ^2 + DJ^2)^1/2) / 2 + PE
    Total System Jitter     (TSJ):    0.071ns
    Discrete Jitter          (DJ):    0.155ns
    Phase Error              (PE):    0.000ns

    Location             Delay type                Incr(ns)  Path(ns)    Netlist Resource(s)
  -------------------------------------------------------------------    -------------------
                         (clock clk_out1_xlnx_clk_gen rise edge)
                                                      0.000     0.000 r  
    K17                                               0.000     0.000 r  clk_sys (IN)
                         net (fo=0)                   0.000     0.000    i_xlnx_clk_gen/inst/clk_in1
    K17                  IBUF (Prop_ibuf_I_O)         1.475     1.475 r  i_xlnx_clk_gen/inst/clkin1_ibufg/O
                         net (fo=1, routed)           1.285     2.760    i_xlnx_clk_gen/inst/clk_in1_xlnx_clk_gen
    MMCME2_ADV_X1Y2      MMCME2_ADV (Prop_mmcme2_adv_CLKIN1_CLKOUT0)
                                                     -7.759    -4.999 r  i_xlnx_clk_gen/inst/mmcm_adv_inst/CLKOUT0
                         net (fo=1, routed)           2.206    -2.793    i_xlnx_clk_gen/inst/clk_out1_xlnx_clk_gen
    BUFGCTRL_X0Y16       BUFG (Prop_bufg_I_O)         0.101    -2.692 r  i_xlnx_clk_gen/inst/clkout1_buf/O
                         net (fo=15309, routed)       1.793    -0.899    i_axi_dwidth_converter_dm_slave/inst/gen_downsizer.gen_simple_downsizer.axi_downsizer_inst/USE_WRITE.write_addr_inst/USE_B_CHANNEL.cmd_b_queue/inst/fifo_gen_inst/inst_fifo_gen/gconvfifo.rf/grf.rf/rstblk/ngwrdrst.grst.g7serrst.gnsckt_wrst.rst_wr_reg2_inst/dest_clk
    SLICE_X97Y17         FDPE                                         r  i_axi_dwidth_converter_dm_slave/inst/gen_downsizer.gen_simple_downsizer.axi_downsizer_inst/USE_WRITE.write_addr_inst/USE_B_CHANNEL.cmd_b_queue/inst/fifo_gen_inst/inst_fifo_gen/gconvfifo.rf/grf.rf/rstblk/ngwrdrst.grst.g7serrst.gnsckt_wrst.rst_wr_reg2_inst/arststages_ff_reg[1]/C
  -------------------------------------------------------------------    -------------------
    SLICE_X97Y17         FDPE (Prop_fdpe_C_Q)         0.419    -0.480 f  i_axi_dwidth_converter_dm_slave/inst/gen_downsizer.gen_simple_downsizer.axi_downsizer_inst/USE_WRITE.write_addr_inst/USE_B_CHANNEL.cmd_b_queue/inst/fifo_gen_inst/inst_fifo_gen/gconvfifo.rf/grf.rf/rstblk/ngwrdrst.grst.g7serrst.gnsckt_wrst.rst_wr_reg2_inst/arststages_ff_reg[1]/Q
                         net (fo=3, routed)           1.164     0.684    i_axi_dwidth_converter_dm_slave/inst/gen_downsizer.gen_simple_downsizer.axi_downsizer_inst/USE_WRITE.write_addr_inst/USE_B_CHANNEL.cmd_b_queue/inst/fifo_gen_inst/inst_fifo_gen/gconvfifo.rf/grf.rf/rstblk/ngwrdrst.rst_wr_reg2
    SLICE_X95Y17         LUT3 (Prop_lut3_I2_O)        0.299     0.983 f  i_axi_dwidth_converter_dm_slave/inst/gen_downsizer.gen_simple_downsizer.axi_downsizer_inst/USE_WRITE.write_addr_inst/USE_B_CHANNEL.cmd_b_queue/inst/fifo_gen_inst/inst_fifo_gen/gconvfifo.rf/grf.rf/rstblk/gpregsm1.curr_fwft_state[1]_i_2/O
                         net (fo=32, routed)          1.309     2.292    i_axi_dwidth_converter_dm_slave/inst/gen_downsizer.gen_simple_downsizer.axi_downsizer_inst/USE_WRITE.write_addr_inst/USE_B_CHANNEL.cmd_b_queue/inst/fifo_gen_inst/inst_fifo_gen/gconvfifo.rf/grf.rf/gntv_or_sync_fifo.gl0.rd/rpntr/gc0.count_d1_reg[4]_1
    SLICE_X95Y16         FDCE                                         f  i_axi_dwidth_converter_dm_slave/inst/gen_downsizer.gen_simple_downsizer.axi_downsizer_inst/USE_WRITE.write_addr_inst/USE_B_CHANNEL.cmd_b_queue/inst/fifo_gen_inst/inst_fifo_gen/gconvfifo.rf/grf.rf/gntv_or_sync_fifo.gl0.rd/rpntr/gc0.count_d1_reg[2]/CLR
  -------------------------------------------------------------------    -------------------

                         (clock clk_out1_xlnx_clk_gen rise edge)
                                                     31.250    31.250 r  
    K17                                               0.000    31.250 r  clk_sys (IN)
                         net (fo=0)                   0.000    31.250    i_xlnx_clk_gen/inst/clk_in1
    K17                  IBUF (Prop_ibuf_I_O)         1.404    32.654 r  i_xlnx_clk_gen/inst/clkin1_ibufg/O
                         net (fo=1, routed)           1.162    33.816    i_xlnx_clk_gen/inst/clk_in1_xlnx_clk_gen
    MMCME2_ADV_X1Y2      MMCME2_ADV (Prop_mmcme2_adv_CLKIN1_CLKOUT0)
                                                     -7.814    26.002 r  i_xlnx_clk_gen/inst/mmcm_adv_inst/CLKOUT0
                         net (fo=1, routed)           2.012    28.014    i_xlnx_clk_gen/inst/clk_out1_xlnx_clk_gen
    BUFGCTRL_X0Y16       BUFG (Prop_bufg_I_O)         0.091    28.105 r  i_xlnx_clk_gen/inst/clkout1_buf/O
                         net (fo=15309, routed)       1.617    29.722    i_axi_dwidth_converter_dm_slave/inst/gen_downsizer.gen_simple_downsizer.axi_downsizer_inst/USE_WRITE.write_addr_inst/USE_B_CHANNEL.cmd_b_queue/inst/fifo_gen_inst/inst_fifo_gen/gconvfifo.rf/grf.rf/gntv_or_sync_fifo.gl0.rd/rpntr/clk
    SLICE_X95Y16         FDCE                                         r  i_axi_dwidth_converter_dm_slave/inst/gen_downsizer.gen_simple_downsizer.axi_downsizer_inst/USE_WRITE.write_addr_inst/USE_B_CHANNEL.cmd_b_queue/inst/fifo_gen_inst/inst_fifo_gen/gconvfifo.rf/grf.rf/gntv_or_sync_fifo.gl0.rd/rpntr/gc0.count_d1_reg[2]/C
                         clock pessimism              0.605    30.328    
                         clock uncertainty           -0.085    30.243    
    SLICE_X95Y16         FDCE (Recov_fdce_C_CLR)     -0.405    29.838    i_axi_dwidth_converter_dm_slave/inst/gen_downsizer.gen_simple_downsizer.axi_downsizer_inst/USE_WRITE.write_addr_inst/USE_B_CHANNEL.cmd_b_queue/inst/fifo_gen_inst/inst_fifo_gen/gconvfifo.rf/grf.rf/gntv_or_sync_fifo.gl0.rd/rpntr/gc0.count_d1_reg[2]
  -------------------------------------------------------------------
                         required time                         29.838    
                         arrival time                          -2.292    
  -------------------------------------------------------------------
                         slack                                 27.546    

Slack (MET) :             27.546ns  (required time - arrival time)
  Source:                 i_axi_dwidth_converter_dm_slave/inst/gen_downsizer.gen_simple_downsizer.axi_downsizer_inst/USE_WRITE.write_addr_inst/USE_B_CHANNEL.cmd_b_queue/inst/fifo_gen_inst/inst_fifo_gen/gconvfifo.rf/grf.rf/rstblk/ngwrdrst.grst.g7serrst.gnsckt_wrst.rst_wr_reg2_inst/arststages_ff_reg[1]/C
                            (rising edge-triggered cell FDPE clocked by clk_out1_xlnx_clk_gen  {rise@0.000ns fall@15.625ns period=31.250ns})
  Destination:            i_axi_dwidth_converter_dm_slave/inst/gen_downsizer.gen_simple_downsizer.axi_downsizer_inst/USE_WRITE.write_addr_inst/USE_B_CHANNEL.cmd_b_queue/inst/fifo_gen_inst/inst_fifo_gen/gconvfifo.rf/grf.rf/gntv_or_sync_fifo.gl0.rd/rpntr/gc0.count_d1_reg[3]/CLR
                            (recovery check against rising-edge clock clk_out1_xlnx_clk_gen  {rise@0.000ns fall@15.625ns period=31.250ns})
  Path Group:             **async_default**
  Path Type:              Recovery (Max at Slow Process Corner)
  Requirement:            31.250ns  (clk_out1_xlnx_clk_gen rise@31.250ns - clk_out1_xlnx_clk_gen rise@0.000ns)
  Data Path Delay:        3.191ns  (logic 0.718ns (22.501%)  route 2.473ns (77.499%))
  Logic Levels:           1  (LUT3=1)
  Clock Path Skew:        -0.023ns (DCD - SCD + CPR)
    Destination Clock Delay (DCD):    -1.528ns = ( 29.722 - 31.250 ) 
    Source Clock Delay      (SCD):    -0.899ns
    Clock Pessimism Removal (CPR):    0.605ns
  Clock Uncertainty:      0.085ns  ((TSJ^2 + DJ^2)^1/2) / 2 + PE
    Total System Jitter     (TSJ):    0.071ns
    Discrete Jitter          (DJ):    0.155ns
    Phase Error              (PE):    0.000ns

    Location             Delay type                Incr(ns)  Path(ns)    Netlist Resource(s)
  -------------------------------------------------------------------    -------------------
                         (clock clk_out1_xlnx_clk_gen rise edge)
                                                      0.000     0.000 r  
    K17                                               0.000     0.000 r  clk_sys (IN)
                         net (fo=0)                   0.000     0.000    i_xlnx_clk_gen/inst/clk_in1
    K17                  IBUF (Prop_ibuf_I_O)         1.475     1.475 r  i_xlnx_clk_gen/inst/clkin1_ibufg/O
                         net (fo=1, routed)           1.285     2.760    i_xlnx_clk_gen/inst/clk_in1_xlnx_clk_gen
    MMCME2_ADV_X1Y2      MMCME2_ADV (Prop_mmcme2_adv_CLKIN1_CLKOUT0)
                                                     -7.759    -4.999 r  i_xlnx_clk_gen/inst/mmcm_adv_inst/CLKOUT0
                         net (fo=1, routed)           2.206    -2.793    i_xlnx_clk_gen/inst/clk_out1_xlnx_clk_gen
    BUFGCTRL_X0Y16       BUFG (Prop_bufg_I_O)         0.101    -2.692 r  i_xlnx_clk_gen/inst/clkout1_buf/O
                         net (fo=15309, routed)       1.793    -0.899    i_axi_dwidth_converter_dm_slave/inst/gen_downsizer.gen_simple_downsizer.axi_downsizer_inst/USE_WRITE.write_addr_inst/USE_B_CHANNEL.cmd_b_queue/inst/fifo_gen_inst/inst_fifo_gen/gconvfifo.rf/grf.rf/rstblk/ngwrdrst.grst.g7serrst.gnsckt_wrst.rst_wr_reg2_inst/dest_clk
    SLICE_X97Y17         FDPE                                         r  i_axi_dwidth_converter_dm_slave/inst/gen_downsizer.gen_simple_downsizer.axi_downsizer_inst/USE_WRITE.write_addr_inst/USE_B_CHANNEL.cmd_b_queue/inst/fifo_gen_inst/inst_fifo_gen/gconvfifo.rf/grf.rf/rstblk/ngwrdrst.grst.g7serrst.gnsckt_wrst.rst_wr_reg2_inst/arststages_ff_reg[1]/C
  -------------------------------------------------------------------    -------------------
    SLICE_X97Y17         FDPE (Prop_fdpe_C_Q)         0.419    -0.480 f  i_axi_dwidth_converter_dm_slave/inst/gen_downsizer.gen_simple_downsizer.axi_downsizer_inst/USE_WRITE.write_addr_inst/USE_B_CHANNEL.cmd_b_queue/inst/fifo_gen_inst/inst_fifo_gen/gconvfifo.rf/grf.rf/rstblk/ngwrdrst.grst.g7serrst.gnsckt_wrst.rst_wr_reg2_inst/arststages_ff_reg[1]/Q
                         net (fo=3, routed)           1.164     0.684    i_axi_dwidth_converter_dm_slave/inst/gen_downsizer.gen_simple_downsizer.axi_downsizer_inst/USE_WRITE.write_addr_inst/USE_B_CHANNEL.cmd_b_queue/inst/fifo_gen_inst/inst_fifo_gen/gconvfifo.rf/grf.rf/rstblk/ngwrdrst.rst_wr_reg2
    SLICE_X95Y17         LUT3 (Prop_lut3_I2_O)        0.299     0.983 f  i_axi_dwidth_converter_dm_slave/inst/gen_downsizer.gen_simple_downsizer.axi_downsizer_inst/USE_WRITE.write_addr_inst/USE_B_CHANNEL.cmd_b_queue/inst/fifo_gen_inst/inst_fifo_gen/gconvfifo.rf/grf.rf/rstblk/gpregsm1.curr_fwft_state[1]_i_2/O
                         net (fo=32, routed)          1.309     2.292    i_axi_dwidth_converter_dm_slave/inst/gen_downsizer.gen_simple_downsizer.axi_downsizer_inst/USE_WRITE.write_addr_inst/USE_B_CHANNEL.cmd_b_queue/inst/fifo_gen_inst/inst_fifo_gen/gconvfifo.rf/grf.rf/gntv_or_sync_fifo.gl0.rd/rpntr/gc0.count_d1_reg[4]_1
    SLICE_X95Y16         FDCE                                         f  i_axi_dwidth_converter_dm_slave/inst/gen_downsizer.gen_simple_downsizer.axi_downsizer_inst/USE_WRITE.write_addr_inst/USE_B_CHANNEL.cmd_b_queue/inst/fifo_gen_inst/inst_fifo_gen/gconvfifo.rf/grf.rf/gntv_or_sync_fifo.gl0.rd/rpntr/gc0.count_d1_reg[3]/CLR
  -------------------------------------------------------------------    -------------------

                         (clock clk_out1_xlnx_clk_gen rise edge)
                                                     31.250    31.250 r  
    K17                                               0.000    31.250 r  clk_sys (IN)
                         net (fo=0)                   0.000    31.250    i_xlnx_clk_gen/inst/clk_in1
    K17                  IBUF (Prop_ibuf_I_O)         1.404    32.654 r  i_xlnx_clk_gen/inst/clkin1_ibufg/O
                         net (fo=1, routed)           1.162    33.816    i_xlnx_clk_gen/inst/clk_in1_xlnx_clk_gen
    MMCME2_ADV_X1Y2      MMCME2_ADV (Prop_mmcme2_adv_CLKIN1_CLKOUT0)
                                                     -7.814    26.002 r  i_xlnx_clk_gen/inst/mmcm_adv_inst/CLKOUT0
                         net (fo=1, routed)           2.012    28.014    i_xlnx_clk_gen/inst/clk_out1_xlnx_clk_gen
    BUFGCTRL_X0Y16       BUFG (Prop_bufg_I_O)         0.091    28.105 r  i_xlnx_clk_gen/inst/clkout1_buf/O
                         net (fo=15309, routed)       1.617    29.722    i_axi_dwidth_converter_dm_slave/inst/gen_downsizer.gen_simple_downsizer.axi_downsizer_inst/USE_WRITE.write_addr_inst/USE_B_CHANNEL.cmd_b_queue/inst/fifo_gen_inst/inst_fifo_gen/gconvfifo.rf/grf.rf/gntv_or_sync_fifo.gl0.rd/rpntr/clk
    SLICE_X95Y16         FDCE                                         r  i_axi_dwidth_converter_dm_slave/inst/gen_downsizer.gen_simple_downsizer.axi_downsizer_inst/USE_WRITE.write_addr_inst/USE_B_CHANNEL.cmd_b_queue/inst/fifo_gen_inst/inst_fifo_gen/gconvfifo.rf/grf.rf/gntv_or_sync_fifo.gl0.rd/rpntr/gc0.count_d1_reg[3]/C
                         clock pessimism              0.605    30.328    
                         clock uncertainty           -0.085    30.243    
    SLICE_X95Y16         FDCE (Recov_fdce_C_CLR)     -0.405    29.838    i_axi_dwidth_converter_dm_slave/inst/gen_downsizer.gen_simple_downsizer.axi_downsizer_inst/USE_WRITE.write_addr_inst/USE_B_CHANNEL.cmd_b_queue/inst/fifo_gen_inst/inst_fifo_gen/gconvfifo.rf/grf.rf/gntv_or_sync_fifo.gl0.rd/rpntr/gc0.count_d1_reg[3]
  -------------------------------------------------------------------
                         required time                         29.838    
                         arrival time                          -2.292    
  -------------------------------------------------------------------
                         slack                                 27.546    

Slack (MET) :             27.546ns  (required time - arrival time)
  Source:                 i_axi_dwidth_converter_dm_slave/inst/gen_downsizer.gen_simple_downsizer.axi_downsizer_inst/USE_WRITE.write_addr_inst/USE_B_CHANNEL.cmd_b_queue/inst/fifo_gen_inst/inst_fifo_gen/gconvfifo.rf/grf.rf/rstblk/ngwrdrst.grst.g7serrst.gnsckt_wrst.rst_wr_reg2_inst/arststages_ff_reg[1]/C
                            (rising edge-triggered cell FDPE clocked by clk_out1_xlnx_clk_gen  {rise@0.000ns fall@15.625ns period=31.250ns})
  Destination:            i_axi_dwidth_converter_dm_slave/inst/gen_downsizer.gen_simple_downsizer.axi_downsizer_inst/USE_WRITE.write_addr_inst/USE_B_CHANNEL.cmd_b_queue/inst/fifo_gen_inst/inst_fifo_gen/gconvfifo.rf/grf.rf/gntv_or_sync_fifo.gl0.rd/rpntr/gc0.count_d1_reg[4]/CLR
                            (recovery check against rising-edge clock clk_out1_xlnx_clk_gen  {rise@0.000ns fall@15.625ns period=31.250ns})
  Path Group:             **async_default**
  Path Type:              Recovery (Max at Slow Process Corner)
  Requirement:            31.250ns  (clk_out1_xlnx_clk_gen rise@31.250ns - clk_out1_xlnx_clk_gen rise@0.000ns)
  Data Path Delay:        3.191ns  (logic 0.718ns (22.501%)  route 2.473ns (77.499%))
  Logic Levels:           1  (LUT3=1)
  Clock Path Skew:        -0.023ns (DCD - SCD + CPR)
    Destination Clock Delay (DCD):    -1.528ns = ( 29.722 - 31.250 ) 
    Source Clock Delay      (SCD):    -0.899ns
    Clock Pessimism Removal (CPR):    0.605ns
  Clock Uncertainty:      0.085ns  ((TSJ^2 + DJ^2)^1/2) / 2 + PE
    Total System Jitter     (TSJ):    0.071ns
    Discrete Jitter          (DJ):    0.155ns
    Phase Error              (PE):    0.000ns

    Location             Delay type                Incr(ns)  Path(ns)    Netlist Resource(s)
  -------------------------------------------------------------------    -------------------
                         (clock clk_out1_xlnx_clk_gen rise edge)
                                                      0.000     0.000 r  
    K17                                               0.000     0.000 r  clk_sys (IN)
                         net (fo=0)                   0.000     0.000    i_xlnx_clk_gen/inst/clk_in1
    K17                  IBUF (Prop_ibuf_I_O)         1.475     1.475 r  i_xlnx_clk_gen/inst/clkin1_ibufg/O
                         net (fo=1, routed)           1.285     2.760    i_xlnx_clk_gen/inst/clk_in1_xlnx_clk_gen
    MMCME2_ADV_X1Y2      MMCME2_ADV (Prop_mmcme2_adv_CLKIN1_CLKOUT0)
                                                     -7.759    -4.999 r  i_xlnx_clk_gen/inst/mmcm_adv_inst/CLKOUT0
                         net (fo=1, routed)           2.206    -2.793    i_xlnx_clk_gen/inst/clk_out1_xlnx_clk_gen
    BUFGCTRL_X0Y16       BUFG (Prop_bufg_I_O)         0.101    -2.692 r  i_xlnx_clk_gen/inst/clkout1_buf/O
                         net (fo=15309, routed)       1.793    -0.899    i_axi_dwidth_converter_dm_slave/inst/gen_downsizer.gen_simple_downsizer.axi_downsizer_inst/USE_WRITE.write_addr_inst/USE_B_CHANNEL.cmd_b_queue/inst/fifo_gen_inst/inst_fifo_gen/gconvfifo.rf/grf.rf/rstblk/ngwrdrst.grst.g7serrst.gnsckt_wrst.rst_wr_reg2_inst/dest_clk
    SLICE_X97Y17         FDPE                                         r  i_axi_dwidth_converter_dm_slave/inst/gen_downsizer.gen_simple_downsizer.axi_downsizer_inst/USE_WRITE.write_addr_inst/USE_B_CHANNEL.cmd_b_queue/inst/fifo_gen_inst/inst_fifo_gen/gconvfifo.rf/grf.rf/rstblk/ngwrdrst.grst.g7serrst.gnsckt_wrst.rst_wr_reg2_inst/arststages_ff_reg[1]/C
  -------------------------------------------------------------------    -------------------
    SLICE_X97Y17         FDPE (Prop_fdpe_C_Q)         0.419    -0.480 f  i_axi_dwidth_converter_dm_slave/inst/gen_downsizer.gen_simple_downsizer.axi_downsizer_inst/USE_WRITE.write_addr_inst/USE_B_CHANNEL.cmd_b_queue/inst/fifo_gen_inst/inst_fifo_gen/gconvfifo.rf/grf.rf/rstblk/ngwrdrst.grst.g7serrst.gnsckt_wrst.rst_wr_reg2_inst/arststages_ff_reg[1]/Q
                         net (fo=3, routed)           1.164     0.684    i_axi_dwidth_converter_dm_slave/inst/gen_downsizer.gen_simple_downsizer.axi_downsizer_inst/USE_WRITE.write_addr_inst/USE_B_CHANNEL.cmd_b_queue/inst/fifo_gen_inst/inst_fifo_gen/gconvfifo.rf/grf.rf/rstblk/ngwrdrst.rst_wr_reg2
    SLICE_X95Y17         LUT3 (Prop_lut3_I2_O)        0.299     0.983 f  i_axi_dwidth_converter_dm_slave/inst/gen_downsizer.gen_simple_downsizer.axi_downsizer_inst/USE_WRITE.write_addr_inst/USE_B_CHANNEL.cmd_b_queue/inst/fifo_gen_inst/inst_fifo_gen/gconvfifo.rf/grf.rf/rstblk/gpregsm1.curr_fwft_state[1]_i_2/O
                         net (fo=32, routed)          1.309     2.292    i_axi_dwidth_converter_dm_slave/inst/gen_downsizer.gen_simple_downsizer.axi_downsizer_inst/USE_WRITE.write_addr_inst/USE_B_CHANNEL.cmd_b_queue/inst/fifo_gen_inst/inst_fifo_gen/gconvfifo.rf/grf.rf/gntv_or_sync_fifo.gl0.rd/rpntr/gc0.count_d1_reg[4]_1
    SLICE_X95Y16         FDCE                                         f  i_axi_dwidth_converter_dm_slave/inst/gen_downsizer.gen_simple_downsizer.axi_downsizer_inst/USE_WRITE.write_addr_inst/USE_B_CHANNEL.cmd_b_queue/inst/fifo_gen_inst/inst_fifo_gen/gconvfifo.rf/grf.rf/gntv_or_sync_fifo.gl0.rd/rpntr/gc0.count_d1_reg[4]/CLR
  -------------------------------------------------------------------    -------------------

                         (clock clk_out1_xlnx_clk_gen rise edge)
                                                     31.250    31.250 r  
    K17                                               0.000    31.250 r  clk_sys (IN)
                         net (fo=0)                   0.000    31.250    i_xlnx_clk_gen/inst/clk_in1
    K17                  IBUF (Prop_ibuf_I_O)         1.404    32.654 r  i_xlnx_clk_gen/inst/clkin1_ibufg/O
                         net (fo=1, routed)           1.162    33.816    i_xlnx_clk_gen/inst/clk_in1_xlnx_clk_gen
    MMCME2_ADV_X1Y2      MMCME2_ADV (Prop_mmcme2_adv_CLKIN1_CLKOUT0)
                                                     -7.814    26.002 r  i_xlnx_clk_gen/inst/mmcm_adv_inst/CLKOUT0
                         net (fo=1, routed)           2.012    28.014    i_xlnx_clk_gen/inst/clk_out1_xlnx_clk_gen
    BUFGCTRL_X0Y16       BUFG (Prop_bufg_I_O)         0.091    28.105 r  i_xlnx_clk_gen/inst/clkout1_buf/O
                         net (fo=15309, routed)       1.617    29.722    i_axi_dwidth_converter_dm_slave/inst/gen_downsizer.gen_simple_downsizer.axi_downsizer_inst/USE_WRITE.write_addr_inst/USE_B_CHANNEL.cmd_b_queue/inst/fifo_gen_inst/inst_fifo_gen/gconvfifo.rf/grf.rf/gntv_or_sync_fifo.gl0.rd/rpntr/clk
    SLICE_X95Y16         FDCE                                         r  i_axi_dwidth_converter_dm_slave/inst/gen_downsizer.gen_simple_downsizer.axi_downsizer_inst/USE_WRITE.write_addr_inst/USE_B_CHANNEL.cmd_b_queue/inst/fifo_gen_inst/inst_fifo_gen/gconvfifo.rf/grf.rf/gntv_or_sync_fifo.gl0.rd/rpntr/gc0.count_d1_reg[4]/C
                         clock pessimism              0.605    30.328    
                         clock uncertainty           -0.085    30.243    
    SLICE_X95Y16         FDCE (Recov_fdce_C_CLR)     -0.405    29.838    i_axi_dwidth_converter_dm_slave/inst/gen_downsizer.gen_simple_downsizer.axi_downsizer_inst/USE_WRITE.write_addr_inst/USE_B_CHANNEL.cmd_b_queue/inst/fifo_gen_inst/inst_fifo_gen/gconvfifo.rf/grf.rf/gntv_or_sync_fifo.gl0.rd/rpntr/gc0.count_d1_reg[4]
  -------------------------------------------------------------------
                         required time                         29.838    
                         arrival time                          -2.292    
  -------------------------------------------------------------------
                         slack                                 27.546    





Min Delay Paths
--------------------------------------------------------------------------------------
Slack (MET) :             0.557ns  (arrival time - required time)
  Source:                 i_axi_dwidth_converter_dm_slave/inst/gen_downsizer.gen_simple_downsizer.axi_downsizer_inst/USE_READ.read_addr_inst/cmd_queue/inst/fifo_gen_inst/inst_fifo_gen/gconvfifo.rf/grf.rf/rstblk/ngwrdrst.grst.g7serrst.gnsckt_wrst.rst_wr_reg2_inst/arststages_ff_reg[1]/C
                            (rising edge-triggered cell FDPE clocked by clk_out1_xlnx_clk_gen  {rise@0.000ns fall@15.625ns period=31.250ns})
  Destination:            i_axi_dwidth_converter_dm_slave/inst/gen_downsizer.gen_simple_downsizer.axi_downsizer_inst/USE_READ.read_addr_inst/cmd_queue/inst/fifo_gen_inst/inst_fifo_gen/gconvfifo.rf/grf.rf/gntv_or_sync_fifo.gl0.wr/wpntr/gcc0.gc0.count_d1_reg[0]/CLR
                            (removal check against rising-edge clock clk_out1_xlnx_clk_gen  {rise@0.000ns fall@15.625ns period=31.250ns})
  Path Group:             **async_default**
  Path Type:              Removal (Min at Fast Process Corner)
  Requirement:            0.000ns  (clk_out1_xlnx_clk_gen rise@0.000ns - clk_out1_xlnx_clk_gen rise@0.000ns)
  Data Path Delay:        0.478ns  (logic 0.227ns (47.497%)  route 0.251ns (52.503%))
  Logic Levels:           1  (LUT3=1)
  Clock Path Skew:        0.013ns (DCD - SCD - CPR)
    Destination Clock Delay (DCD):    -0.867ns
    Source Clock Delay      (SCD):    -0.625ns
    Clock Pessimism Removal (CPR):    -0.256ns

    Location             Delay type                Incr(ns)  Path(ns)    Netlist Resource(s)
  -------------------------------------------------------------------    -------------------
                         (clock clk_out1_xlnx_clk_gen rise edge)
                                                      0.000     0.000 r  
    K17                                               0.000     0.000 r  clk_sys (IN)
                         net (fo=0)                   0.000     0.000    i_xlnx_clk_gen/inst/clk_in1
    K17                  IBUF (Prop_ibuf_I_O)         0.243     0.243 r  i_xlnx_clk_gen/inst/clkin1_ibufg/O
                         net (fo=1, routed)           0.440     0.683    i_xlnx_clk_gen/inst/clk_in1_xlnx_clk_gen
    MMCME2_ADV_X1Y2      MMCME2_ADV (Prop_mmcme2_adv_CLKIN1_CLKOUT0)
                                                     -2.613    -1.930 r  i_xlnx_clk_gen/inst/mmcm_adv_inst/CLKOUT0
                         net (fo=1, routed)           0.696    -1.233    i_xlnx_clk_gen/inst/clk_out1_xlnx_clk_gen
    BUFGCTRL_X0Y16       BUFG (Prop_bufg_I_O)         0.026    -1.207 r  i_xlnx_clk_gen/inst/clkout1_buf/O
                         net (fo=15309, routed)       0.583    -0.625    i_axi_dwidth_converter_dm_slave/inst/gen_downsizer.gen_simple_downsizer.axi_downsizer_inst/USE_READ.read_addr_inst/cmd_queue/inst/fifo_gen_inst/inst_fifo_gen/gconvfifo.rf/grf.rf/rstblk/ngwrdrst.grst.g7serrst.gnsckt_wrst.rst_wr_reg2_inst/dest_clk
    SLICE_X89Y18         FDPE                                         r  i_axi_dwidth_converter_dm_slave/inst/gen_downsizer.gen_simple_downsizer.axi_downsizer_inst/USE_READ.read_addr_inst/cmd_queue/inst/fifo_gen_inst/inst_fifo_gen/gconvfifo.rf/grf.rf/rstblk/ngwrdrst.grst.g7serrst.gnsckt_wrst.rst_wr_reg2_inst/arststages_ff_reg[1]/C
  -------------------------------------------------------------------    -------------------
    SLICE_X89Y18         FDPE (Prop_fdpe_C_Q)         0.128    -0.497 f  i_axi_dwidth_converter_dm_slave/inst/gen_downsizer.gen_simple_downsizer.axi_downsizer_inst/USE_READ.read_addr_inst/cmd_queue/inst/fifo_gen_inst/inst_fifo_gen/gconvfifo.rf/grf.rf/rstblk/ngwrdrst.grst.g7serrst.gnsckt_wrst.rst_wr_reg2_inst/arststages_ff_reg[1]/Q
                         net (fo=3, routed)           0.124    -0.373    i_axi_dwidth_converter_dm_slave/inst/gen_downsizer.gen_simple_downsizer.axi_downsizer_inst/USE_READ.read_addr_inst/cmd_queue/inst/fifo_gen_inst/inst_fifo_gen/gconvfifo.rf/grf.rf/rstblk/ngwrdrst.rst_wr_reg2
    SLICE_X89Y19         LUT3 (Prop_lut3_I2_O)        0.099    -0.274 f  i_axi_dwidth_converter_dm_slave/inst/gen_downsizer.gen_simple_downsizer.axi_downsizer_inst/USE_READ.read_addr_inst/cmd_queue/inst/fifo_gen_inst/inst_fifo_gen/gconvfifo.rf/grf.rf/rstblk/gpregsm1.curr_fwft_state[1]_i_2/O
                         net (fo=32, routed)          0.127    -0.147    i_axi_dwidth_converter_dm_slave/inst/gen_downsizer.gen_simple_downsizer.axi_downsizer_inst/USE_READ.read_addr_inst/cmd_queue/inst/fifo_gen_inst/inst_fifo_gen/gconvfifo.rf/grf.rf/gntv_or_sync_fifo.gl0.wr/wpntr/AR[0]
    SLICE_X87Y19         FDCE                                         f  i_axi_dwidth_converter_dm_slave/inst/gen_downsizer.gen_simple_downsizer.axi_downsizer_inst/USE_READ.read_addr_inst/cmd_queue/inst/fifo_gen_inst/inst_fifo_gen/gconvfifo.rf/grf.rf/gntv_or_sync_fifo.gl0.wr/wpntr/gcc0.gc0.count_d1_reg[0]/CLR
  -------------------------------------------------------------------    -------------------

                         (clock clk_out1_xlnx_clk_gen rise edge)
                                                      0.000     0.000 r  
    K17                                               0.000     0.000 r  clk_sys (IN)
                         net (fo=0)                   0.000     0.000    i_xlnx_clk_gen/inst/clk_in1
    K17                  IBUF (Prop_ibuf_I_O)         0.431     0.431 r  i_xlnx_clk_gen/inst/clkin1_ibufg/O
                         net (fo=1, routed)           0.480     0.911    i_xlnx_clk_gen/inst/clk_in1_xlnx_clk_gen
    MMCME2_ADV_X1Y2      MMCME2_ADV (Prop_mmcme2_adv_CLKIN1_CLKOUT0)
                                                     -3.407    -2.496 r  i_xlnx_clk_gen/inst/mmcm_adv_inst/CLKOUT0
                         net (fo=1, routed)           0.752    -1.744    i_xlnx_clk_gen/inst/clk_out1_xlnx_clk_gen
    BUFGCTRL_X0Y16       BUFG (Prop_bufg_I_O)         0.029    -1.715 r  i_xlnx_clk_gen/inst/clkout1_buf/O
                         net (fo=15309, routed)       0.848    -0.867    i_axi_dwidth_converter_dm_slave/inst/gen_downsizer.gen_simple_downsizer.axi_downsizer_inst/USE_READ.read_addr_inst/cmd_queue/inst/fifo_gen_inst/inst_fifo_gen/gconvfifo.rf/grf.rf/gntv_or_sync_fifo.gl0.wr/wpntr/clk
    SLICE_X87Y19         FDCE                                         r  i_axi_dwidth_converter_dm_slave/inst/gen_downsizer.gen_simple_downsizer.axi_downsizer_inst/USE_READ.read_addr_inst/cmd_queue/inst/fifo_gen_inst/inst_fifo_gen/gconvfifo.rf/grf.rf/gntv_or_sync_fifo.gl0.wr/wpntr/gcc0.gc0.count_d1_reg[0]/C
                         clock pessimism              0.256    -0.612    
    SLICE_X87Y19         FDCE (Remov_fdce_C_CLR)     -0.092    -0.704    i_axi_dwidth_converter_dm_slave/inst/gen_downsizer.gen_simple_downsizer.axi_downsizer_inst/USE_READ.read_addr_inst/cmd_queue/inst/fifo_gen_inst/inst_fifo_gen/gconvfifo.rf/grf.rf/gntv_or_sync_fifo.gl0.wr/wpntr/gcc0.gc0.count_d1_reg[0]
  -------------------------------------------------------------------
                         required time                          0.704    
                         arrival time                          -0.147    
  -------------------------------------------------------------------
                         slack                                  0.557    

Slack (MET) :             0.557ns  (arrival time - required time)
  Source:                 i_axi_dwidth_converter_dm_slave/inst/gen_downsizer.gen_simple_downsizer.axi_downsizer_inst/USE_READ.read_addr_inst/cmd_queue/inst/fifo_gen_inst/inst_fifo_gen/gconvfifo.rf/grf.rf/rstblk/ngwrdrst.grst.g7serrst.gnsckt_wrst.rst_wr_reg2_inst/arststages_ff_reg[1]/C
                            (rising edge-triggered cell FDPE clocked by clk_out1_xlnx_clk_gen  {rise@0.000ns fall@15.625ns period=31.250ns})
  Destination:            i_axi_dwidth_converter_dm_slave/inst/gen_downsizer.gen_simple_downsizer.axi_downsizer_inst/USE_READ.read_addr_inst/cmd_queue/inst/fifo_gen_inst/inst_fifo_gen/gconvfifo.rf/grf.rf/gntv_or_sync_fifo.gl0.wr/wpntr/gcc0.gc0.count_d1_reg[1]/CLR
                            (removal check against rising-edge clock clk_out1_xlnx_clk_gen  {rise@0.000ns fall@15.625ns period=31.250ns})
  Path Group:             **async_default**
  Path Type:              Removal (Min at Fast Process Corner)
  Requirement:            0.000ns  (clk_out1_xlnx_clk_gen rise@0.000ns - clk_out1_xlnx_clk_gen rise@0.000ns)
  Data Path Delay:        0.478ns  (logic 0.227ns (47.497%)  route 0.251ns (52.503%))
  Logic Levels:           1  (LUT3=1)
  Clock Path Skew:        0.013ns (DCD - SCD - CPR)
    Destination Clock Delay (DCD):    -0.867ns
    Source Clock Delay      (SCD):    -0.625ns
    Clock Pessimism Removal (CPR):    -0.256ns

    Location             Delay type                Incr(ns)  Path(ns)    Netlist Resource(s)
  -------------------------------------------------------------------    -------------------
                         (clock clk_out1_xlnx_clk_gen rise edge)
                                                      0.000     0.000 r  
    K17                                               0.000     0.000 r  clk_sys (IN)
                         net (fo=0)                   0.000     0.000    i_xlnx_clk_gen/inst/clk_in1
    K17                  IBUF (Prop_ibuf_I_O)         0.243     0.243 r  i_xlnx_clk_gen/inst/clkin1_ibufg/O
                         net (fo=1, routed)           0.440     0.683    i_xlnx_clk_gen/inst/clk_in1_xlnx_clk_gen
    MMCME2_ADV_X1Y2      MMCME2_ADV (Prop_mmcme2_adv_CLKIN1_CLKOUT0)
                                                     -2.613    -1.930 r  i_xlnx_clk_gen/inst/mmcm_adv_inst/CLKOUT0
                         net (fo=1, routed)           0.696    -1.233    i_xlnx_clk_gen/inst/clk_out1_xlnx_clk_gen
    BUFGCTRL_X0Y16       BUFG (Prop_bufg_I_O)         0.026    -1.207 r  i_xlnx_clk_gen/inst/clkout1_buf/O
                         net (fo=15309, routed)       0.583    -0.625    i_axi_dwidth_converter_dm_slave/inst/gen_downsizer.gen_simple_downsizer.axi_downsizer_inst/USE_READ.read_addr_inst/cmd_queue/inst/fifo_gen_inst/inst_fifo_gen/gconvfifo.rf/grf.rf/rstblk/ngwrdrst.grst.g7serrst.gnsckt_wrst.rst_wr_reg2_inst/dest_clk
    SLICE_X89Y18         FDPE                                         r  i_axi_dwidth_converter_dm_slave/inst/gen_downsizer.gen_simple_downsizer.axi_downsizer_inst/USE_READ.read_addr_inst/cmd_queue/inst/fifo_gen_inst/inst_fifo_gen/gconvfifo.rf/grf.rf/rstblk/ngwrdrst.grst.g7serrst.gnsckt_wrst.rst_wr_reg2_inst/arststages_ff_reg[1]/C
  -------------------------------------------------------------------    -------------------
    SLICE_X89Y18         FDPE (Prop_fdpe_C_Q)         0.128    -0.497 f  i_axi_dwidth_converter_dm_slave/inst/gen_downsizer.gen_simple_downsizer.axi_downsizer_inst/USE_READ.read_addr_inst/cmd_queue/inst/fifo_gen_inst/inst_fifo_gen/gconvfifo.rf/grf.rf/rstblk/ngwrdrst.grst.g7serrst.gnsckt_wrst.rst_wr_reg2_inst/arststages_ff_reg[1]/Q
                         net (fo=3, routed)           0.124    -0.373    i_axi_dwidth_converter_dm_slave/inst/gen_downsizer.gen_simple_downsizer.axi_downsizer_inst/USE_READ.read_addr_inst/cmd_queue/inst/fifo_gen_inst/inst_fifo_gen/gconvfifo.rf/grf.rf/rstblk/ngwrdrst.rst_wr_reg2
    SLICE_X89Y19         LUT3 (Prop_lut3_I2_O)        0.099    -0.274 f  i_axi_dwidth_converter_dm_slave/inst/gen_downsizer.gen_simple_downsizer.axi_downsizer_inst/USE_READ.read_addr_inst/cmd_queue/inst/fifo_gen_inst/inst_fifo_gen/gconvfifo.rf/grf.rf/rstblk/gpregsm1.curr_fwft_state[1]_i_2/O
                         net (fo=32, routed)          0.127    -0.147    i_axi_dwidth_converter_dm_slave/inst/gen_downsizer.gen_simple_downsizer.axi_downsizer_inst/USE_READ.read_addr_inst/cmd_queue/inst/fifo_gen_inst/inst_fifo_gen/gconvfifo.rf/grf.rf/gntv_or_sync_fifo.gl0.wr/wpntr/AR[0]
    SLICE_X87Y19         FDCE                                         f  i_axi_dwidth_converter_dm_slave/inst/gen_downsizer.gen_simple_downsizer.axi_downsizer_inst/USE_READ.read_addr_inst/cmd_queue/inst/fifo_gen_inst/inst_fifo_gen/gconvfifo.rf/grf.rf/gntv_or_sync_fifo.gl0.wr/wpntr/gcc0.gc0.count_d1_reg[1]/CLR
  -------------------------------------------------------------------    -------------------

                         (clock clk_out1_xlnx_clk_gen rise edge)
                                                      0.000     0.000 r  
    K17                                               0.000     0.000 r  clk_sys (IN)
                         net (fo=0)                   0.000     0.000    i_xlnx_clk_gen/inst/clk_in1
    K17                  IBUF (Prop_ibuf_I_O)         0.431     0.431 r  i_xlnx_clk_gen/inst/clkin1_ibufg/O
                         net (fo=1, routed)           0.480     0.911    i_xlnx_clk_gen/inst/clk_in1_xlnx_clk_gen
    MMCME2_ADV_X1Y2      MMCME2_ADV (Prop_mmcme2_adv_CLKIN1_CLKOUT0)
                                                     -3.407    -2.496 r  i_xlnx_clk_gen/inst/mmcm_adv_inst/CLKOUT0
                         net (fo=1, routed)           0.752    -1.744    i_xlnx_clk_gen/inst/clk_out1_xlnx_clk_gen
    BUFGCTRL_X0Y16       BUFG (Prop_bufg_I_O)         0.029    -1.715 r  i_xlnx_clk_gen/inst/clkout1_buf/O
                         net (fo=15309, routed)       0.848    -0.867    i_axi_dwidth_converter_dm_slave/inst/gen_downsizer.gen_simple_downsizer.axi_downsizer_inst/USE_READ.read_addr_inst/cmd_queue/inst/fifo_gen_inst/inst_fifo_gen/gconvfifo.rf/grf.rf/gntv_or_sync_fifo.gl0.wr/wpntr/clk
    SLICE_X87Y19         FDCE                                         r  i_axi_dwidth_converter_dm_slave/inst/gen_downsizer.gen_simple_downsizer.axi_downsizer_inst/USE_READ.read_addr_inst/cmd_queue/inst/fifo_gen_inst/inst_fifo_gen/gconvfifo.rf/grf.rf/gntv_or_sync_fifo.gl0.wr/wpntr/gcc0.gc0.count_d1_reg[1]/C
                         clock pessimism              0.256    -0.612    
    SLICE_X87Y19         FDCE (Remov_fdce_C_CLR)     -0.092    -0.704    i_axi_dwidth_converter_dm_slave/inst/gen_downsizer.gen_simple_downsizer.axi_downsizer_inst/USE_READ.read_addr_inst/cmd_queue/inst/fifo_gen_inst/inst_fifo_gen/gconvfifo.rf/grf.rf/gntv_or_sync_fifo.gl0.wr/wpntr/gcc0.gc0.count_d1_reg[1]
  -------------------------------------------------------------------
                         required time                          0.704    
                         arrival time                          -0.147    
  -------------------------------------------------------------------
                         slack                                  0.557    

Slack (MET) :             0.557ns  (arrival time - required time)
  Source:                 i_axi_dwidth_converter_dm_slave/inst/gen_downsizer.gen_simple_downsizer.axi_downsizer_inst/USE_READ.read_addr_inst/cmd_queue/inst/fifo_gen_inst/inst_fifo_gen/gconvfifo.rf/grf.rf/rstblk/ngwrdrst.grst.g7serrst.gnsckt_wrst.rst_wr_reg2_inst/arststages_ff_reg[1]/C
                            (rising edge-triggered cell FDPE clocked by clk_out1_xlnx_clk_gen  {rise@0.000ns fall@15.625ns period=31.250ns})
  Destination:            i_axi_dwidth_converter_dm_slave/inst/gen_downsizer.gen_simple_downsizer.axi_downsizer_inst/USE_READ.read_addr_inst/cmd_queue/inst/fifo_gen_inst/inst_fifo_gen/gconvfifo.rf/grf.rf/gntv_or_sync_fifo.gl0.wr/wpntr/gcc0.gc0.count_reg[2]/CLR
                            (removal check against rising-edge clock clk_out1_xlnx_clk_gen  {rise@0.000ns fall@15.625ns period=31.250ns})
  Path Group:             **async_default**
  Path Type:              Removal (Min at Fast Process Corner)
  Requirement:            0.000ns  (clk_out1_xlnx_clk_gen rise@0.000ns - clk_out1_xlnx_clk_gen rise@0.000ns)
  Data Path Delay:        0.478ns  (logic 0.227ns (47.497%)  route 0.251ns (52.503%))
  Logic Levels:           1  (LUT3=1)
  Clock Path Skew:        0.013ns (DCD - SCD - CPR)
    Destination Clock Delay (DCD):    -0.867ns
    Source Clock Delay      (SCD):    -0.625ns
    Clock Pessimism Removal (CPR):    -0.256ns

    Location             Delay type                Incr(ns)  Path(ns)    Netlist Resource(s)
  -------------------------------------------------------------------    -------------------
                         (clock clk_out1_xlnx_clk_gen rise edge)
                                                      0.000     0.000 r  
    K17                                               0.000     0.000 r  clk_sys (IN)
                         net (fo=0)                   0.000     0.000    i_xlnx_clk_gen/inst/clk_in1
    K17                  IBUF (Prop_ibuf_I_O)         0.243     0.243 r  i_xlnx_clk_gen/inst/clkin1_ibufg/O
                         net (fo=1, routed)           0.440     0.683    i_xlnx_clk_gen/inst/clk_in1_xlnx_clk_gen
    MMCME2_ADV_X1Y2      MMCME2_ADV (Prop_mmcme2_adv_CLKIN1_CLKOUT0)
                                                     -2.613    -1.930 r  i_xlnx_clk_gen/inst/mmcm_adv_inst/CLKOUT0
                         net (fo=1, routed)           0.696    -1.233    i_xlnx_clk_gen/inst/clk_out1_xlnx_clk_gen
    BUFGCTRL_X0Y16       BUFG (Prop_bufg_I_O)         0.026    -1.207 r  i_xlnx_clk_gen/inst/clkout1_buf/O
                         net (fo=15309, routed)       0.583    -0.625    i_axi_dwidth_converter_dm_slave/inst/gen_downsizer.gen_simple_downsizer.axi_downsizer_inst/USE_READ.read_addr_inst/cmd_queue/inst/fifo_gen_inst/inst_fifo_gen/gconvfifo.rf/grf.rf/rstblk/ngwrdrst.grst.g7serrst.gnsckt_wrst.rst_wr_reg2_inst/dest_clk
    SLICE_X89Y18         FDPE                                         r  i_axi_dwidth_converter_dm_slave/inst/gen_downsizer.gen_simple_downsizer.axi_downsizer_inst/USE_READ.read_addr_inst/cmd_queue/inst/fifo_gen_inst/inst_fifo_gen/gconvfifo.rf/grf.rf/rstblk/ngwrdrst.grst.g7serrst.gnsckt_wrst.rst_wr_reg2_inst/arststages_ff_reg[1]/C
  -------------------------------------------------------------------    -------------------
    SLICE_X89Y18         FDPE (Prop_fdpe_C_Q)         0.128    -0.497 f  i_axi_dwidth_converter_dm_slave/inst/gen_downsizer.gen_simple_downsizer.axi_downsizer_inst/USE_READ.read_addr_inst/cmd_queue/inst/fifo_gen_inst/inst_fifo_gen/gconvfifo.rf/grf.rf/rstblk/ngwrdrst.grst.g7serrst.gnsckt_wrst.rst_wr_reg2_inst/arststages_ff_reg[1]/Q
                         net (fo=3, routed)           0.124    -0.373    i_axi_dwidth_converter_dm_slave/inst/gen_downsizer.gen_simple_downsizer.axi_downsizer_inst/USE_READ.read_addr_inst/cmd_queue/inst/fifo_gen_inst/inst_fifo_gen/gconvfifo.rf/grf.rf/rstblk/ngwrdrst.rst_wr_reg2
    SLICE_X89Y19         LUT3 (Prop_lut3_I2_O)        0.099    -0.274 f  i_axi_dwidth_converter_dm_slave/inst/gen_downsizer.gen_simple_downsizer.axi_downsizer_inst/USE_READ.read_addr_inst/cmd_queue/inst/fifo_gen_inst/inst_fifo_gen/gconvfifo.rf/grf.rf/rstblk/gpregsm1.curr_fwft_state[1]_i_2/O
                         net (fo=32, routed)          0.127    -0.147    i_axi_dwidth_converter_dm_slave/inst/gen_downsizer.gen_simple_downsizer.axi_downsizer_inst/USE_READ.read_addr_inst/cmd_queue/inst/fifo_gen_inst/inst_fifo_gen/gconvfifo.rf/grf.rf/gntv_or_sync_fifo.gl0.wr/wpntr/AR[0]
    SLICE_X87Y19         FDCE                                         f  i_axi_dwidth_converter_dm_slave/inst/gen_downsizer.gen_simple_downsizer.axi_downsizer_inst/USE_READ.read_addr_inst/cmd_queue/inst/fifo_gen_inst/inst_fifo_gen/gconvfifo.rf/grf.rf/gntv_or_sync_fifo.gl0.wr/wpntr/gcc0.gc0.count_reg[2]/CLR
  -------------------------------------------------------------------    -------------------

                         (clock clk_out1_xlnx_clk_gen rise edge)
                                                      0.000     0.000 r  
    K17                                               0.000     0.000 r  clk_sys (IN)
                         net (fo=0)                   0.000     0.000    i_xlnx_clk_gen/inst/clk_in1
    K17                  IBUF (Prop_ibuf_I_O)         0.431     0.431 r  i_xlnx_clk_gen/inst/clkin1_ibufg/O
                         net (fo=1, routed)           0.480     0.911    i_xlnx_clk_gen/inst/clk_in1_xlnx_clk_gen
    MMCME2_ADV_X1Y2      MMCME2_ADV (Prop_mmcme2_adv_CLKIN1_CLKOUT0)
                                                     -3.407    -2.496 r  i_xlnx_clk_gen/inst/mmcm_adv_inst/CLKOUT0
                         net (fo=1, routed)           0.752    -1.744    i_xlnx_clk_gen/inst/clk_out1_xlnx_clk_gen
    BUFGCTRL_X0Y16       BUFG (Prop_bufg_I_O)         0.029    -1.715 r  i_xlnx_clk_gen/inst/clkout1_buf/O
                         net (fo=15309, routed)       0.848    -0.867    i_axi_dwidth_converter_dm_slave/inst/gen_downsizer.gen_simple_downsizer.axi_downsizer_inst/USE_READ.read_addr_inst/cmd_queue/inst/fifo_gen_inst/inst_fifo_gen/gconvfifo.rf/grf.rf/gntv_or_sync_fifo.gl0.wr/wpntr/clk
    SLICE_X87Y19         FDCE                                         r  i_axi_dwidth_converter_dm_slave/inst/gen_downsizer.gen_simple_downsizer.axi_downsizer_inst/USE_READ.read_addr_inst/cmd_queue/inst/fifo_gen_inst/inst_fifo_gen/gconvfifo.rf/grf.rf/gntv_or_sync_fifo.gl0.wr/wpntr/gcc0.gc0.count_reg[2]/C
                         clock pessimism              0.256    -0.612    
    SLICE_X87Y19         FDCE (Remov_fdce_C_CLR)     -0.092    -0.704    i_axi_dwidth_converter_dm_slave/inst/gen_downsizer.gen_simple_downsizer.axi_downsizer_inst/USE_READ.read_addr_inst/cmd_queue/inst/fifo_gen_inst/inst_fifo_gen/gconvfifo.rf/grf.rf/gntv_or_sync_fifo.gl0.wr/wpntr/gcc0.gc0.count_reg[2]
  -------------------------------------------------------------------
                         required time                          0.704    
                         arrival time                          -0.147    
  -------------------------------------------------------------------
                         slack                                  0.557    

Slack (MET) :             0.560ns  (arrival time - required time)
  Source:                 i_axi_dwidth_converter_dm_slave/inst/gen_downsizer.gen_simple_downsizer.axi_downsizer_inst/USE_READ.read_addr_inst/cmd_queue/inst/fifo_gen_inst/inst_fifo_gen/gconvfifo.rf/grf.rf/rstblk/ngwrdrst.grst.g7serrst.gnsckt_wrst.rst_wr_reg2_inst/arststages_ff_reg[1]/C
                            (rising edge-triggered cell FDPE clocked by clk_out1_xlnx_clk_gen  {rise@0.000ns fall@15.625ns period=31.250ns})
  Destination:            i_axi_dwidth_converter_dm_slave/inst/gen_downsizer.gen_simple_downsizer.axi_downsizer_inst/USE_READ.read_addr_inst/cmd_queue/inst/fifo_gen_inst/inst_fifo_gen/gconvfifo.rf/grf.rf/gntv_or_sync_fifo.gl0.wr/wpntr/gcc0.gc0.count_reg[0]/PRE
                            (removal check against rising-edge clock clk_out1_xlnx_clk_gen  {rise@0.000ns fall@15.625ns period=31.250ns})
  Path Group:             **async_default**
  Path Type:              Removal (Min at Fast Process Corner)
  Requirement:            0.000ns  (clk_out1_xlnx_clk_gen rise@0.000ns - clk_out1_xlnx_clk_gen rise@0.000ns)
  Data Path Delay:        0.478ns  (logic 0.227ns (47.497%)  route 0.251ns (52.503%))
  Logic Levels:           1  (LUT3=1)
  Clock Path Skew:        0.013ns (DCD - SCD - CPR)
    Destination Clock Delay (DCD):    -0.867ns
    Source Clock Delay      (SCD):    -0.625ns
    Clock Pessimism Removal (CPR):    -0.256ns

    Location             Delay type                Incr(ns)  Path(ns)    Netlist Resource(s)
  -------------------------------------------------------------------    -------------------
                         (clock clk_out1_xlnx_clk_gen rise edge)
                                                      0.000     0.000 r  
    K17                                               0.000     0.000 r  clk_sys (IN)
                         net (fo=0)                   0.000     0.000    i_xlnx_clk_gen/inst/clk_in1
    K17                  IBUF (Prop_ibuf_I_O)         0.243     0.243 r  i_xlnx_clk_gen/inst/clkin1_ibufg/O
                         net (fo=1, routed)           0.440     0.683    i_xlnx_clk_gen/inst/clk_in1_xlnx_clk_gen
    MMCME2_ADV_X1Y2      MMCME2_ADV (Prop_mmcme2_adv_CLKIN1_CLKOUT0)
                                                     -2.613    -1.930 r  i_xlnx_clk_gen/inst/mmcm_adv_inst/CLKOUT0
                         net (fo=1, routed)           0.696    -1.233    i_xlnx_clk_gen/inst/clk_out1_xlnx_clk_gen
    BUFGCTRL_X0Y16       BUFG (Prop_bufg_I_O)         0.026    -1.207 r  i_xlnx_clk_gen/inst/clkout1_buf/O
                         net (fo=15309, routed)       0.583    -0.625    i_axi_dwidth_converter_dm_slave/inst/gen_downsizer.gen_simple_downsizer.axi_downsizer_inst/USE_READ.read_addr_inst/cmd_queue/inst/fifo_gen_inst/inst_fifo_gen/gconvfifo.rf/grf.rf/rstblk/ngwrdrst.grst.g7serrst.gnsckt_wrst.rst_wr_reg2_inst/dest_clk
    SLICE_X89Y18         FDPE                                         r  i_axi_dwidth_converter_dm_slave/inst/gen_downsizer.gen_simple_downsizer.axi_downsizer_inst/USE_READ.read_addr_inst/cmd_queue/inst/fifo_gen_inst/inst_fifo_gen/gconvfifo.rf/grf.rf/rstblk/ngwrdrst.grst.g7serrst.gnsckt_wrst.rst_wr_reg2_inst/arststages_ff_reg[1]/C
  -------------------------------------------------------------------    -------------------
    SLICE_X89Y18         FDPE (Prop_fdpe_C_Q)         0.128    -0.497 f  i_axi_dwidth_converter_dm_slave/inst/gen_downsizer.gen_simple_downsizer.axi_downsizer_inst/USE_READ.read_addr_inst/cmd_queue/inst/fifo_gen_inst/inst_fifo_gen/gconvfifo.rf/grf.rf/rstblk/ngwrdrst.grst.g7serrst.gnsckt_wrst.rst_wr_reg2_inst/arststages_ff_reg[1]/Q
                         net (fo=3, routed)           0.124    -0.373    i_axi_dwidth_converter_dm_slave/inst/gen_downsizer.gen_simple_downsizer.axi_downsizer_inst/USE_READ.read_addr_inst/cmd_queue/inst/fifo_gen_inst/inst_fifo_gen/gconvfifo.rf/grf.rf/rstblk/ngwrdrst.rst_wr_reg2
    SLICE_X89Y19         LUT3 (Prop_lut3_I2_O)        0.099    -0.274 f  i_axi_dwidth_converter_dm_slave/inst/gen_downsizer.gen_simple_downsizer.axi_downsizer_inst/USE_READ.read_addr_inst/cmd_queue/inst/fifo_gen_inst/inst_fifo_gen/gconvfifo.rf/grf.rf/rstblk/gpregsm1.curr_fwft_state[1]_i_2/O
                         net (fo=32, routed)          0.127    -0.147    i_axi_dwidth_converter_dm_slave/inst/gen_downsizer.gen_simple_downsizer.axi_downsizer_inst/USE_READ.read_addr_inst/cmd_queue/inst/fifo_gen_inst/inst_fifo_gen/gconvfifo.rf/grf.rf/gntv_or_sync_fifo.gl0.wr/wpntr/AR[0]
    SLICE_X87Y19         FDPE                                         f  i_axi_dwidth_converter_dm_slave/inst/gen_downsizer.gen_simple_downsizer.axi_downsizer_inst/USE_READ.read_addr_inst/cmd_queue/inst/fifo_gen_inst/inst_fifo_gen/gconvfifo.rf/grf.rf/gntv_or_sync_fifo.gl0.wr/wpntr/gcc0.gc0.count_reg[0]/PRE
  -------------------------------------------------------------------    -------------------

                         (clock clk_out1_xlnx_clk_gen rise edge)
                                                      0.000     0.000 r  
    K17                                               0.000     0.000 r  clk_sys (IN)
                         net (fo=0)                   0.000     0.000    i_xlnx_clk_gen/inst/clk_in1
    K17                  IBUF (Prop_ibuf_I_O)         0.431     0.431 r  i_xlnx_clk_gen/inst/clkin1_ibufg/O
                         net (fo=1, routed)           0.480     0.911    i_xlnx_clk_gen/inst/clk_in1_xlnx_clk_gen
    MMCME2_ADV_X1Y2      MMCME2_ADV (Prop_mmcme2_adv_CLKIN1_CLKOUT0)
                                                     -3.407    -2.496 r  i_xlnx_clk_gen/inst/mmcm_adv_inst/CLKOUT0
                         net (fo=1, routed)           0.752    -1.744    i_xlnx_clk_gen/inst/clk_out1_xlnx_clk_gen
    BUFGCTRL_X0Y16       BUFG (Prop_bufg_I_O)         0.029    -1.715 r  i_xlnx_clk_gen/inst/clkout1_buf/O
                         net (fo=15309, routed)       0.848    -0.867    i_axi_dwidth_converter_dm_slave/inst/gen_downsizer.gen_simple_downsizer.axi_downsizer_inst/USE_READ.read_addr_inst/cmd_queue/inst/fifo_gen_inst/inst_fifo_gen/gconvfifo.rf/grf.rf/gntv_or_sync_fifo.gl0.wr/wpntr/clk
    SLICE_X87Y19         FDPE                                         r  i_axi_dwidth_converter_dm_slave/inst/gen_downsizer.gen_simple_downsizer.axi_downsizer_inst/USE_READ.read_addr_inst/cmd_queue/inst/fifo_gen_inst/inst_fifo_gen/gconvfifo.rf/grf.rf/gntv_or_sync_fifo.gl0.wr/wpntr/gcc0.gc0.count_reg[0]/C
                         clock pessimism              0.256    -0.612    
    SLICE_X87Y19         FDPE (Remov_fdpe_C_PRE)     -0.095    -0.707    i_axi_dwidth_converter_dm_slave/inst/gen_downsizer.gen_simple_downsizer.axi_downsizer_inst/USE_READ.read_addr_inst/cmd_queue/inst/fifo_gen_inst/inst_fifo_gen/gconvfifo.rf/grf.rf/gntv_or_sync_fifo.gl0.wr/wpntr/gcc0.gc0.count_reg[0]
  -------------------------------------------------------------------
                         required time                          0.707    
                         arrival time                          -0.147    
  -------------------------------------------------------------------
                         slack                                  0.560    

Slack (MET) :             0.577ns  (arrival time - required time)
  Source:                 i_axi_dwidth_converter_dm_slave/inst/gen_downsizer.gen_simple_downsizer.axi_downsizer_inst/USE_READ.read_addr_inst/cmd_queue/inst/fifo_gen_inst/inst_fifo_gen/gconvfifo.rf/grf.rf/rstblk/ngwrdrst.grst.g7serrst.gnsckt_wrst.rst_wr_reg2_inst/arststages_ff_reg[1]/C
                            (rising edge-triggered cell FDPE clocked by clk_out1_xlnx_clk_gen  {rise@0.000ns fall@15.625ns period=31.250ns})
  Destination:            i_axi_dwidth_converter_dm_slave/inst/gen_downsizer.gen_simple_downsizer.axi_downsizer_inst/USE_READ.read_addr_inst/cmd_queue/inst/fifo_gen_inst/inst_fifo_gen/gconvfifo.rf/grf.rf/gntv_or_sync_fifo.gl0.wr/wpntr/gcc0.gc0.count_d1_reg[2]/CLR
                            (removal check against rising-edge clock clk_out1_xlnx_clk_gen  {rise@0.000ns fall@15.625ns period=31.250ns})
  Path Group:             **async_default**
  Path Type:              Removal (Min at Fast Process Corner)
  Requirement:            0.000ns  (clk_out1_xlnx_clk_gen rise@0.000ns - clk_out1_xlnx_clk_gen rise@0.000ns)
  Data Path Delay:        0.498ns  (logic 0.227ns (45.556%)  route 0.271ns (54.444%))
  Logic Levels:           1  (LUT3=1)
  Clock Path Skew:        0.013ns (DCD - SCD - CPR)
    Destination Clock Delay (DCD):    -0.867ns
    Source Clock Delay      (SCD):    -0.625ns
    Clock Pessimism Removal (CPR):    -0.256ns

    Location             Delay type                Incr(ns)  Path(ns)    Netlist Resource(s)
  -------------------------------------------------------------------    -------------------
                         (clock clk_out1_xlnx_clk_gen rise edge)
                                                      0.000     0.000 r  
    K17                                               0.000     0.000 r  clk_sys (IN)
                         net (fo=0)                   0.000     0.000    i_xlnx_clk_gen/inst/clk_in1
    K17                  IBUF (Prop_ibuf_I_O)         0.243     0.243 r  i_xlnx_clk_gen/inst/clkin1_ibufg/O
                         net (fo=1, routed)           0.440     0.683    i_xlnx_clk_gen/inst/clk_in1_xlnx_clk_gen
    MMCME2_ADV_X1Y2      MMCME2_ADV (Prop_mmcme2_adv_CLKIN1_CLKOUT0)
                                                     -2.613    -1.930 r  i_xlnx_clk_gen/inst/mmcm_adv_inst/CLKOUT0
                         net (fo=1, routed)           0.696    -1.233    i_xlnx_clk_gen/inst/clk_out1_xlnx_clk_gen
    BUFGCTRL_X0Y16       BUFG (Prop_bufg_I_O)         0.026    -1.207 r  i_xlnx_clk_gen/inst/clkout1_buf/O
                         net (fo=15309, routed)       0.583    -0.625    i_axi_dwidth_converter_dm_slave/inst/gen_downsizer.gen_simple_downsizer.axi_downsizer_inst/USE_READ.read_addr_inst/cmd_queue/inst/fifo_gen_inst/inst_fifo_gen/gconvfifo.rf/grf.rf/rstblk/ngwrdrst.grst.g7serrst.gnsckt_wrst.rst_wr_reg2_inst/dest_clk
    SLICE_X89Y18         FDPE                                         r  i_axi_dwidth_converter_dm_slave/inst/gen_downsizer.gen_simple_downsizer.axi_downsizer_inst/USE_READ.read_addr_inst/cmd_queue/inst/fifo_gen_inst/inst_fifo_gen/gconvfifo.rf/grf.rf/rstblk/ngwrdrst.grst.g7serrst.gnsckt_wrst.rst_wr_reg2_inst/arststages_ff_reg[1]/C
  -------------------------------------------------------------------    -------------------
    SLICE_X89Y18         FDPE (Prop_fdpe_C_Q)         0.128    -0.497 f  i_axi_dwidth_converter_dm_slave/inst/gen_downsizer.gen_simple_downsizer.axi_downsizer_inst/USE_READ.read_addr_inst/cmd_queue/inst/fifo_gen_inst/inst_fifo_gen/gconvfifo.rf/grf.rf/rstblk/ngwrdrst.grst.g7serrst.gnsckt_wrst.rst_wr_reg2_inst/arststages_ff_reg[1]/Q
                         net (fo=3, routed)           0.124    -0.373    i_axi_dwidth_converter_dm_slave/inst/gen_downsizer.gen_simple_downsizer.axi_downsizer_inst/USE_READ.read_addr_inst/cmd_queue/inst/fifo_gen_inst/inst_fifo_gen/gconvfifo.rf/grf.rf/rstblk/ngwrdrst.rst_wr_reg2
    SLICE_X89Y19         LUT3 (Prop_lut3_I2_O)        0.099    -0.274 f  i_axi_dwidth_converter_dm_slave/inst/gen_downsizer.gen_simple_downsizer.axi_downsizer_inst/USE_READ.read_addr_inst/cmd_queue/inst/fifo_gen_inst/inst_fifo_gen/gconvfifo.rf/grf.rf/rstblk/gpregsm1.curr_fwft_state[1]_i_2/O
                         net (fo=32, routed)          0.147    -0.126    i_axi_dwidth_converter_dm_slave/inst/gen_downsizer.gen_simple_downsizer.axi_downsizer_inst/USE_READ.read_addr_inst/cmd_queue/inst/fifo_gen_inst/inst_fifo_gen/gconvfifo.rf/grf.rf/gntv_or_sync_fifo.gl0.wr/wpntr/AR[0]
    SLICE_X88Y19         FDCE                                         f  i_axi_dwidth_converter_dm_slave/inst/gen_downsizer.gen_simple_downsizer.axi_downsizer_inst/USE_READ.read_addr_inst/cmd_queue/inst/fifo_gen_inst/inst_fifo_gen/gconvfifo.rf/grf.rf/gntv_or_sync_fifo.gl0.wr/wpntr/gcc0.gc0.count_d1_reg[2]/CLR
  -------------------------------------------------------------------    -------------------

                         (clock clk_out1_xlnx_clk_gen rise edge)
                                                      0.000     0.000 r  
    K17                                               0.000     0.000 r  clk_sys (IN)
                         net (fo=0)                   0.000     0.000    i_xlnx_clk_gen/inst/clk_in1
    K17                  IBUF (Prop_ibuf_I_O)         0.431     0.431 r  i_xlnx_clk_gen/inst/clkin1_ibufg/O
                         net (fo=1, routed)           0.480     0.911    i_xlnx_clk_gen/inst/clk_in1_xlnx_clk_gen
    MMCME2_ADV_X1Y2      MMCME2_ADV (Prop_mmcme2_adv_CLKIN1_CLKOUT0)
                                                     -3.407    -2.496 r  i_xlnx_clk_gen/inst/mmcm_adv_inst/CLKOUT0
                         net (fo=1, routed)           0.752    -1.744    i_xlnx_clk_gen/inst/clk_out1_xlnx_clk_gen
    BUFGCTRL_X0Y16       BUFG (Prop_bufg_I_O)         0.029    -1.715 r  i_xlnx_clk_gen/inst/clkout1_buf/O
                         net (fo=15309, routed)       0.848    -0.867    i_axi_dwidth_converter_dm_slave/inst/gen_downsizer.gen_simple_downsizer.axi_downsizer_inst/USE_READ.read_addr_inst/cmd_queue/inst/fifo_gen_inst/inst_fifo_gen/gconvfifo.rf/grf.rf/gntv_or_sync_fifo.gl0.wr/wpntr/clk
    SLICE_X88Y19         FDCE                                         r  i_axi_dwidth_converter_dm_slave/inst/gen_downsizer.gen_simple_downsizer.axi_downsizer_inst/USE_READ.read_addr_inst/cmd_queue/inst/fifo_gen_inst/inst_fifo_gen/gconvfifo.rf/grf.rf/gntv_or_sync_fifo.gl0.wr/wpntr/gcc0.gc0.count_d1_reg[2]/C
                         clock pessimism              0.256    -0.612    
    SLICE_X88Y19         FDCE (Remov_fdce_C_CLR)     -0.092    -0.704    i_axi_dwidth_converter_dm_slave/inst/gen_downsizer.gen_simple_downsizer.axi_downsizer_inst/USE_READ.read_addr_inst/cmd_queue/inst/fifo_gen_inst/inst_fifo_gen/gconvfifo.rf/grf.rf/gntv_or_sync_fifo.gl0.wr/wpntr/gcc0.gc0.count_d1_reg[2]
  -------------------------------------------------------------------
                         required time                          0.704    
                         arrival time                          -0.126    
  -------------------------------------------------------------------
                         slack                                  0.577    

Slack (MET) :             0.577ns  (arrival time - required time)
  Source:                 i_axi_dwidth_converter_dm_slave/inst/gen_downsizer.gen_simple_downsizer.axi_downsizer_inst/USE_READ.read_addr_inst/cmd_queue/inst/fifo_gen_inst/inst_fifo_gen/gconvfifo.rf/grf.rf/rstblk/ngwrdrst.grst.g7serrst.gnsckt_wrst.rst_wr_reg2_inst/arststages_ff_reg[1]/C
                            (rising edge-triggered cell FDPE clocked by clk_out1_xlnx_clk_gen  {rise@0.000ns fall@15.625ns period=31.250ns})
  Destination:            i_axi_dwidth_converter_dm_slave/inst/gen_downsizer.gen_simple_downsizer.axi_downsizer_inst/USE_READ.read_addr_inst/cmd_queue/inst/fifo_gen_inst/inst_fifo_gen/gconvfifo.rf/grf.rf/gntv_or_sync_fifo.gl0.wr/wpntr/gcc0.gc0.count_d1_reg[3]/CLR
                            (removal check against rising-edge clock clk_out1_xlnx_clk_gen  {rise@0.000ns fall@15.625ns period=31.250ns})
  Path Group:             **async_default**
  Path Type:              Removal (Min at Fast Process Corner)
  Requirement:            0.000ns  (clk_out1_xlnx_clk_gen rise@0.000ns - clk_out1_xlnx_clk_gen rise@0.000ns)
  Data Path Delay:        0.498ns  (logic 0.227ns (45.556%)  route 0.271ns (54.444%))
  Logic Levels:           1  (LUT3=1)
  Clock Path Skew:        0.013ns (DCD - SCD - CPR)
    Destination Clock Delay (DCD):    -0.867ns
    Source Clock Delay      (SCD):    -0.625ns
    Clock Pessimism Removal (CPR):    -0.256ns

    Location             Delay type                Incr(ns)  Path(ns)    Netlist Resource(s)
  -------------------------------------------------------------------    -------------------
                         (clock clk_out1_xlnx_clk_gen rise edge)
                                                      0.000     0.000 r  
    K17                                               0.000     0.000 r  clk_sys (IN)
                         net (fo=0)                   0.000     0.000    i_xlnx_clk_gen/inst/clk_in1
    K17                  IBUF (Prop_ibuf_I_O)         0.243     0.243 r  i_xlnx_clk_gen/inst/clkin1_ibufg/O
                         net (fo=1, routed)           0.440     0.683    i_xlnx_clk_gen/inst/clk_in1_xlnx_clk_gen
    MMCME2_ADV_X1Y2      MMCME2_ADV (Prop_mmcme2_adv_CLKIN1_CLKOUT0)
                                                     -2.613    -1.930 r  i_xlnx_clk_gen/inst/mmcm_adv_inst/CLKOUT0
                         net (fo=1, routed)           0.696    -1.233    i_xlnx_clk_gen/inst/clk_out1_xlnx_clk_gen
    BUFGCTRL_X0Y16       BUFG (Prop_bufg_I_O)         0.026    -1.207 r  i_xlnx_clk_gen/inst/clkout1_buf/O
                         net (fo=15309, routed)       0.583    -0.625    i_axi_dwidth_converter_dm_slave/inst/gen_downsizer.gen_simple_downsizer.axi_downsizer_inst/USE_READ.read_addr_inst/cmd_queue/inst/fifo_gen_inst/inst_fifo_gen/gconvfifo.rf/grf.rf/rstblk/ngwrdrst.grst.g7serrst.gnsckt_wrst.rst_wr_reg2_inst/dest_clk
    SLICE_X89Y18         FDPE                                         r  i_axi_dwidth_converter_dm_slave/inst/gen_downsizer.gen_simple_downsizer.axi_downsizer_inst/USE_READ.read_addr_inst/cmd_queue/inst/fifo_gen_inst/inst_fifo_gen/gconvfifo.rf/grf.rf/rstblk/ngwrdrst.grst.g7serrst.gnsckt_wrst.rst_wr_reg2_inst/arststages_ff_reg[1]/C
  -------------------------------------------------------------------    -------------------
    SLICE_X89Y18         FDPE (Prop_fdpe_C_Q)         0.128    -0.497 f  i_axi_dwidth_converter_dm_slave/inst/gen_downsizer.gen_simple_downsizer.axi_downsizer_inst/USE_READ.read_addr_inst/cmd_queue/inst/fifo_gen_inst/inst_fifo_gen/gconvfifo.rf/grf.rf/rstblk/ngwrdrst.grst.g7serrst.gnsckt_wrst.rst_wr_reg2_inst/arststages_ff_reg[1]/Q
                         net (fo=3, routed)           0.124    -0.373    i_axi_dwidth_converter_dm_slave/inst/gen_downsizer.gen_simple_downsizer.axi_downsizer_inst/USE_READ.read_addr_inst/cmd_queue/inst/fifo_gen_inst/inst_fifo_gen/gconvfifo.rf/grf.rf/rstblk/ngwrdrst.rst_wr_reg2
    SLICE_X89Y19         LUT3 (Prop_lut3_I2_O)        0.099    -0.274 f  i_axi_dwidth_converter_dm_slave/inst/gen_downsizer.gen_simple_downsizer.axi_downsizer_inst/USE_READ.read_addr_inst/cmd_queue/inst/fifo_gen_inst/inst_fifo_gen/gconvfifo.rf/grf.rf/rstblk/gpregsm1.curr_fwft_state[1]_i_2/O
                         net (fo=32, routed)          0.147    -0.126    i_axi_dwidth_converter_dm_slave/inst/gen_downsizer.gen_simple_downsizer.axi_downsizer_inst/USE_READ.read_addr_inst/cmd_queue/inst/fifo_gen_inst/inst_fifo_gen/gconvfifo.rf/grf.rf/gntv_or_sync_fifo.gl0.wr/wpntr/AR[0]
    SLICE_X88Y19         FDCE                                         f  i_axi_dwidth_converter_dm_slave/inst/gen_downsizer.gen_simple_downsizer.axi_downsizer_inst/USE_READ.read_addr_inst/cmd_queue/inst/fifo_gen_inst/inst_fifo_gen/gconvfifo.rf/grf.rf/gntv_or_sync_fifo.gl0.wr/wpntr/gcc0.gc0.count_d1_reg[3]/CLR
  -------------------------------------------------------------------    -------------------

                         (clock clk_out1_xlnx_clk_gen rise edge)
                                                      0.000     0.000 r  
    K17                                               0.000     0.000 r  clk_sys (IN)
                         net (fo=0)                   0.000     0.000    i_xlnx_clk_gen/inst/clk_in1
    K17                  IBUF (Prop_ibuf_I_O)         0.431     0.431 r  i_xlnx_clk_gen/inst/clkin1_ibufg/O
                         net (fo=1, routed)           0.480     0.911    i_xlnx_clk_gen/inst/clk_in1_xlnx_clk_gen
    MMCME2_ADV_X1Y2      MMCME2_ADV (Prop_mmcme2_adv_CLKIN1_CLKOUT0)
                                                     -3.407    -2.496 r  i_xlnx_clk_gen/inst/mmcm_adv_inst/CLKOUT0
                         net (fo=1, routed)           0.752    -1.744    i_xlnx_clk_gen/inst/clk_out1_xlnx_clk_gen
    BUFGCTRL_X0Y16       BUFG (Prop_bufg_I_O)         0.029    -1.715 r  i_xlnx_clk_gen/inst/clkout1_buf/O
                         net (fo=15309, routed)       0.848    -0.867    i_axi_dwidth_converter_dm_slave/inst/gen_downsizer.gen_simple_downsizer.axi_downsizer_inst/USE_READ.read_addr_inst/cmd_queue/inst/fifo_gen_inst/inst_fifo_gen/gconvfifo.rf/grf.rf/gntv_or_sync_fifo.gl0.wr/wpntr/clk
    SLICE_X88Y19         FDCE                                         r  i_axi_dwidth_converter_dm_slave/inst/gen_downsizer.gen_simple_downsizer.axi_downsizer_inst/USE_READ.read_addr_inst/cmd_queue/inst/fifo_gen_inst/inst_fifo_gen/gconvfifo.rf/grf.rf/gntv_or_sync_fifo.gl0.wr/wpntr/gcc0.gc0.count_d1_reg[3]/C
                         clock pessimism              0.256    -0.612    
    SLICE_X88Y19         FDCE (Remov_fdce_C_CLR)     -0.092    -0.704    i_axi_dwidth_converter_dm_slave/inst/gen_downsizer.gen_simple_downsizer.axi_downsizer_inst/USE_READ.read_addr_inst/cmd_queue/inst/fifo_gen_inst/inst_fifo_gen/gconvfifo.rf/grf.rf/gntv_or_sync_fifo.gl0.wr/wpntr/gcc0.gc0.count_d1_reg[3]
  -------------------------------------------------------------------
                         required time                          0.704    
                         arrival time                          -0.126    
  -------------------------------------------------------------------
                         slack                                  0.577    

Slack (MET) :             0.577ns  (arrival time - required time)
  Source:                 i_axi_dwidth_converter_dm_slave/inst/gen_downsizer.gen_simple_downsizer.axi_downsizer_inst/USE_READ.read_addr_inst/cmd_queue/inst/fifo_gen_inst/inst_fifo_gen/gconvfifo.rf/grf.rf/rstblk/ngwrdrst.grst.g7serrst.gnsckt_wrst.rst_wr_reg2_inst/arststages_ff_reg[1]/C
                            (rising edge-triggered cell FDPE clocked by clk_out1_xlnx_clk_gen  {rise@0.000ns fall@15.625ns period=31.250ns})
  Destination:            i_axi_dwidth_converter_dm_slave/inst/gen_downsizer.gen_simple_downsizer.axi_downsizer_inst/USE_READ.read_addr_inst/cmd_queue/inst/fifo_gen_inst/inst_fifo_gen/gconvfifo.rf/grf.rf/gntv_or_sync_fifo.gl0.wr/wpntr/gcc0.gc0.count_d1_reg[4]/CLR
                            (removal check against rising-edge clock clk_out1_xlnx_clk_gen  {rise@0.000ns fall@15.625ns period=31.250ns})
  Path Group:             **async_default**
  Path Type:              Removal (Min at Fast Process Corner)
  Requirement:            0.000ns  (clk_out1_xlnx_clk_gen rise@0.000ns - clk_out1_xlnx_clk_gen rise@0.000ns)
  Data Path Delay:        0.498ns  (logic 0.227ns (45.556%)  route 0.271ns (54.444%))
  Logic Levels:           1  (LUT3=1)
  Clock Path Skew:        0.013ns (DCD - SCD - CPR)
    Destination Clock Delay (DCD):    -0.867ns
    Source Clock Delay      (SCD):    -0.625ns
    Clock Pessimism Removal (CPR):    -0.256ns

    Location             Delay type                Incr(ns)  Path(ns)    Netlist Resource(s)
  -------------------------------------------------------------------    -------------------
                         (clock clk_out1_xlnx_clk_gen rise edge)
                                                      0.000     0.000 r  
    K17                                               0.000     0.000 r  clk_sys (IN)
                         net (fo=0)                   0.000     0.000    i_xlnx_clk_gen/inst/clk_in1
    K17                  IBUF (Prop_ibuf_I_O)         0.243     0.243 r  i_xlnx_clk_gen/inst/clkin1_ibufg/O
                         net (fo=1, routed)           0.440     0.683    i_xlnx_clk_gen/inst/clk_in1_xlnx_clk_gen
    MMCME2_ADV_X1Y2      MMCME2_ADV (Prop_mmcme2_adv_CLKIN1_CLKOUT0)
                                                     -2.613    -1.930 r  i_xlnx_clk_gen/inst/mmcm_adv_inst/CLKOUT0
                         net (fo=1, routed)           0.696    -1.233    i_xlnx_clk_gen/inst/clk_out1_xlnx_clk_gen
    BUFGCTRL_X0Y16       BUFG (Prop_bufg_I_O)         0.026    -1.207 r  i_xlnx_clk_gen/inst/clkout1_buf/O
                         net (fo=15309, routed)       0.583    -0.625    i_axi_dwidth_converter_dm_slave/inst/gen_downsizer.gen_simple_downsizer.axi_downsizer_inst/USE_READ.read_addr_inst/cmd_queue/inst/fifo_gen_inst/inst_fifo_gen/gconvfifo.rf/grf.rf/rstblk/ngwrdrst.grst.g7serrst.gnsckt_wrst.rst_wr_reg2_inst/dest_clk
    SLICE_X89Y18         FDPE                                         r  i_axi_dwidth_converter_dm_slave/inst/gen_downsizer.gen_simple_downsizer.axi_downsizer_inst/USE_READ.read_addr_inst/cmd_queue/inst/fifo_gen_inst/inst_fifo_gen/gconvfifo.rf/grf.rf/rstblk/ngwrdrst.grst.g7serrst.gnsckt_wrst.rst_wr_reg2_inst/arststages_ff_reg[1]/C
  -------------------------------------------------------------------    -------------------
    SLICE_X89Y18         FDPE (Prop_fdpe_C_Q)         0.128    -0.497 f  i_axi_dwidth_converter_dm_slave/inst/gen_downsizer.gen_simple_downsizer.axi_downsizer_inst/USE_READ.read_addr_inst/cmd_queue/inst/fifo_gen_inst/inst_fifo_gen/gconvfifo.rf/grf.rf/rstblk/ngwrdrst.grst.g7serrst.gnsckt_wrst.rst_wr_reg2_inst/arststages_ff_reg[1]/Q
                         net (fo=3, routed)           0.124    -0.373    i_axi_dwidth_converter_dm_slave/inst/gen_downsizer.gen_simple_downsizer.axi_downsizer_inst/USE_READ.read_addr_inst/cmd_queue/inst/fifo_gen_inst/inst_fifo_gen/gconvfifo.rf/grf.rf/rstblk/ngwrdrst.rst_wr_reg2
    SLICE_X89Y19         LUT3 (Prop_lut3_I2_O)        0.099    -0.274 f  i_axi_dwidth_converter_dm_slave/inst/gen_downsizer.gen_simple_downsizer.axi_downsizer_inst/USE_READ.read_addr_inst/cmd_queue/inst/fifo_gen_inst/inst_fifo_gen/gconvfifo.rf/grf.rf/rstblk/gpregsm1.curr_fwft_state[1]_i_2/O
                         net (fo=32, routed)          0.147    -0.126    i_axi_dwidth_converter_dm_slave/inst/gen_downsizer.gen_simple_downsizer.axi_downsizer_inst/USE_READ.read_addr_inst/cmd_queue/inst/fifo_gen_inst/inst_fifo_gen/gconvfifo.rf/grf.rf/gntv_or_sync_fifo.gl0.wr/wpntr/AR[0]
    SLICE_X88Y19         FDCE                                         f  i_axi_dwidth_converter_dm_slave/inst/gen_downsizer.gen_simple_downsizer.axi_downsizer_inst/USE_READ.read_addr_inst/cmd_queue/inst/fifo_gen_inst/inst_fifo_gen/gconvfifo.rf/grf.rf/gntv_or_sync_fifo.gl0.wr/wpntr/gcc0.gc0.count_d1_reg[4]/CLR
  -------------------------------------------------------------------    -------------------

                         (clock clk_out1_xlnx_clk_gen rise edge)
                                                      0.000     0.000 r  
    K17                                               0.000     0.000 r  clk_sys (IN)
                         net (fo=0)                   0.000     0.000    i_xlnx_clk_gen/inst/clk_in1
    K17                  IBUF (Prop_ibuf_I_O)         0.431     0.431 r  i_xlnx_clk_gen/inst/clkin1_ibufg/O
                         net (fo=1, routed)           0.480     0.911    i_xlnx_clk_gen/inst/clk_in1_xlnx_clk_gen
    MMCME2_ADV_X1Y2      MMCME2_ADV (Prop_mmcme2_adv_CLKIN1_CLKOUT0)
                                                     -3.407    -2.496 r  i_xlnx_clk_gen/inst/mmcm_adv_inst/CLKOUT0
                         net (fo=1, routed)           0.752    -1.744    i_xlnx_clk_gen/inst/clk_out1_xlnx_clk_gen
    BUFGCTRL_X0Y16       BUFG (Prop_bufg_I_O)         0.029    -1.715 r  i_xlnx_clk_gen/inst/clkout1_buf/O
                         net (fo=15309, routed)       0.848    -0.867    i_axi_dwidth_converter_dm_slave/inst/gen_downsizer.gen_simple_downsizer.axi_downsizer_inst/USE_READ.read_addr_inst/cmd_queue/inst/fifo_gen_inst/inst_fifo_gen/gconvfifo.rf/grf.rf/gntv_or_sync_fifo.gl0.wr/wpntr/clk
    SLICE_X88Y19         FDCE                                         r  i_axi_dwidth_converter_dm_slave/inst/gen_downsizer.gen_simple_downsizer.axi_downsizer_inst/USE_READ.read_addr_inst/cmd_queue/inst/fifo_gen_inst/inst_fifo_gen/gconvfifo.rf/grf.rf/gntv_or_sync_fifo.gl0.wr/wpntr/gcc0.gc0.count_d1_reg[4]/C
                         clock pessimism              0.256    -0.612    
    SLICE_X88Y19         FDCE (Remov_fdce_C_CLR)     -0.092    -0.704    i_axi_dwidth_converter_dm_slave/inst/gen_downsizer.gen_simple_downsizer.axi_downsizer_inst/USE_READ.read_addr_inst/cmd_queue/inst/fifo_gen_inst/inst_fifo_gen/gconvfifo.rf/grf.rf/gntv_or_sync_fifo.gl0.wr/wpntr/gcc0.gc0.count_d1_reg[4]
  -------------------------------------------------------------------
                         required time                          0.704    
                         arrival time                          -0.126    
  -------------------------------------------------------------------
                         slack                                  0.577    

Slack (MET) :             0.577ns  (arrival time - required time)
  Source:                 i_axi_dwidth_converter_dm_slave/inst/gen_downsizer.gen_simple_downsizer.axi_downsizer_inst/USE_READ.read_addr_inst/cmd_queue/inst/fifo_gen_inst/inst_fifo_gen/gconvfifo.rf/grf.rf/rstblk/ngwrdrst.grst.g7serrst.gnsckt_wrst.rst_wr_reg2_inst/arststages_ff_reg[1]/C
                            (rising edge-triggered cell FDPE clocked by clk_out1_xlnx_clk_gen  {rise@0.000ns fall@15.625ns period=31.250ns})
  Destination:            i_axi_dwidth_converter_dm_slave/inst/gen_downsizer.gen_simple_downsizer.axi_downsizer_inst/USE_READ.read_addr_inst/cmd_queue/inst/fifo_gen_inst/inst_fifo_gen/gconvfifo.rf/grf.rf/gntv_or_sync_fifo.gl0.wr/wpntr/gcc0.gc0.count_reg[1]/CLR
                            (removal check against rising-edge clock clk_out1_xlnx_clk_gen  {rise@0.000ns fall@15.625ns period=31.250ns})
  Path Group:             **async_default**
  Path Type:              Removal (Min at Fast Process Corner)
  Requirement:            0.000ns  (clk_out1_xlnx_clk_gen rise@0.000ns - clk_out1_xlnx_clk_gen rise@0.000ns)
  Data Path Delay:        0.498ns  (logic 0.227ns (45.556%)  route 0.271ns (54.444%))
  Logic Levels:           1  (LUT3=1)
  Clock Path Skew:        0.013ns (DCD - SCD - CPR)
    Destination Clock Delay (DCD):    -0.867ns
    Source Clock Delay      (SCD):    -0.625ns
    Clock Pessimism Removal (CPR):    -0.256ns

    Location             Delay type                Incr(ns)  Path(ns)    Netlist Resource(s)
  -------------------------------------------------------------------    -------------------
                         (clock clk_out1_xlnx_clk_gen rise edge)
                                                      0.000     0.000 r  
    K17                                               0.000     0.000 r  clk_sys (IN)
                         net (fo=0)                   0.000     0.000    i_xlnx_clk_gen/inst/clk_in1
    K17                  IBUF (Prop_ibuf_I_O)         0.243     0.243 r  i_xlnx_clk_gen/inst/clkin1_ibufg/O
                         net (fo=1, routed)           0.440     0.683    i_xlnx_clk_gen/inst/clk_in1_xlnx_clk_gen
    MMCME2_ADV_X1Y2      MMCME2_ADV (Prop_mmcme2_adv_CLKIN1_CLKOUT0)
                                                     -2.613    -1.930 r  i_xlnx_clk_gen/inst/mmcm_adv_inst/CLKOUT0
                         net (fo=1, routed)           0.696    -1.233    i_xlnx_clk_gen/inst/clk_out1_xlnx_clk_gen
    BUFGCTRL_X0Y16       BUFG (Prop_bufg_I_O)         0.026    -1.207 r  i_xlnx_clk_gen/inst/clkout1_buf/O
                         net (fo=15309, routed)       0.583    -0.625    i_axi_dwidth_converter_dm_slave/inst/gen_downsizer.gen_simple_downsizer.axi_downsizer_inst/USE_READ.read_addr_inst/cmd_queue/inst/fifo_gen_inst/inst_fifo_gen/gconvfifo.rf/grf.rf/rstblk/ngwrdrst.grst.g7serrst.gnsckt_wrst.rst_wr_reg2_inst/dest_clk
    SLICE_X89Y18         FDPE                                         r  i_axi_dwidth_converter_dm_slave/inst/gen_downsizer.gen_simple_downsizer.axi_downsizer_inst/USE_READ.read_addr_inst/cmd_queue/inst/fifo_gen_inst/inst_fifo_gen/gconvfifo.rf/grf.rf/rstblk/ngwrdrst.grst.g7serrst.gnsckt_wrst.rst_wr_reg2_inst/arststages_ff_reg[1]/C
  -------------------------------------------------------------------    -------------------
    SLICE_X89Y18         FDPE (Prop_fdpe_C_Q)         0.128    -0.497 f  i_axi_dwidth_converter_dm_slave/inst/gen_downsizer.gen_simple_downsizer.axi_downsizer_inst/USE_READ.read_addr_inst/cmd_queue/inst/fifo_gen_inst/inst_fifo_gen/gconvfifo.rf/grf.rf/rstblk/ngwrdrst.grst.g7serrst.gnsckt_wrst.rst_wr_reg2_inst/arststages_ff_reg[1]/Q
                         net (fo=3, routed)           0.124    -0.373    i_axi_dwidth_converter_dm_slave/inst/gen_downsizer.gen_simple_downsizer.axi_downsizer_inst/USE_READ.read_addr_inst/cmd_queue/inst/fifo_gen_inst/inst_fifo_gen/gconvfifo.rf/grf.rf/rstblk/ngwrdrst.rst_wr_reg2
    SLICE_X89Y19         LUT3 (Prop_lut3_I2_O)        0.099    -0.274 f  i_axi_dwidth_converter_dm_slave/inst/gen_downsizer.gen_simple_downsizer.axi_downsizer_inst/USE_READ.read_addr_inst/cmd_queue/inst/fifo_gen_inst/inst_fifo_gen/gconvfifo.rf/grf.rf/rstblk/gpregsm1.curr_fwft_state[1]_i_2/O
                         net (fo=32, routed)          0.147    -0.126    i_axi_dwidth_converter_dm_slave/inst/gen_downsizer.gen_simple_downsizer.axi_downsizer_inst/USE_READ.read_addr_inst/cmd_queue/inst/fifo_gen_inst/inst_fifo_gen/gconvfifo.rf/grf.rf/gntv_or_sync_fifo.gl0.wr/wpntr/AR[0]
    SLICE_X88Y19         FDCE                                         f  i_axi_dwidth_converter_dm_slave/inst/gen_downsizer.gen_simple_downsizer.axi_downsizer_inst/USE_READ.read_addr_inst/cmd_queue/inst/fifo_gen_inst/inst_fifo_gen/gconvfifo.rf/grf.rf/gntv_or_sync_fifo.gl0.wr/wpntr/gcc0.gc0.count_reg[1]/CLR
  -------------------------------------------------------------------    -------------------

                         (clock clk_out1_xlnx_clk_gen rise edge)
                                                      0.000     0.000 r  
    K17                                               0.000     0.000 r  clk_sys (IN)
                         net (fo=0)                   0.000     0.000    i_xlnx_clk_gen/inst/clk_in1
    K17                  IBUF (Prop_ibuf_I_O)         0.431     0.431 r  i_xlnx_clk_gen/inst/clkin1_ibufg/O
                         net (fo=1, routed)           0.480     0.911    i_xlnx_clk_gen/inst/clk_in1_xlnx_clk_gen
    MMCME2_ADV_X1Y2      MMCME2_ADV (Prop_mmcme2_adv_CLKIN1_CLKOUT0)
                                                     -3.407    -2.496 r  i_xlnx_clk_gen/inst/mmcm_adv_inst/CLKOUT0
                         net (fo=1, routed)           0.752    -1.744    i_xlnx_clk_gen/inst/clk_out1_xlnx_clk_gen
    BUFGCTRL_X0Y16       BUFG (Prop_bufg_I_O)         0.029    -1.715 r  i_xlnx_clk_gen/inst/clkout1_buf/O
                         net (fo=15309, routed)       0.848    -0.867    i_axi_dwidth_converter_dm_slave/inst/gen_downsizer.gen_simple_downsizer.axi_downsizer_inst/USE_READ.read_addr_inst/cmd_queue/inst/fifo_gen_inst/inst_fifo_gen/gconvfifo.rf/grf.rf/gntv_or_sync_fifo.gl0.wr/wpntr/clk
    SLICE_X88Y19         FDCE                                         r  i_axi_dwidth_converter_dm_slave/inst/gen_downsizer.gen_simple_downsizer.axi_downsizer_inst/USE_READ.read_addr_inst/cmd_queue/inst/fifo_gen_inst/inst_fifo_gen/gconvfifo.rf/grf.rf/gntv_or_sync_fifo.gl0.wr/wpntr/gcc0.gc0.count_reg[1]/C
                         clock pessimism              0.256    -0.612    
    SLICE_X88Y19         FDCE (Remov_fdce_C_CLR)     -0.092    -0.704    i_axi_dwidth_converter_dm_slave/inst/gen_downsizer.gen_simple_downsizer.axi_downsizer_inst/USE_READ.read_addr_inst/cmd_queue/inst/fifo_gen_inst/inst_fifo_gen/gconvfifo.rf/grf.rf/gntv_or_sync_fifo.gl0.wr/wpntr/gcc0.gc0.count_reg[1]
  -------------------------------------------------------------------
                         required time                          0.704    
                         arrival time                          -0.126    
  -------------------------------------------------------------------
                         slack                                  0.577    

Slack (MET) :             0.577ns  (arrival time - required time)
  Source:                 i_axi_dwidth_converter_dm_slave/inst/gen_downsizer.gen_simple_downsizer.axi_downsizer_inst/USE_READ.read_addr_inst/cmd_queue/inst/fifo_gen_inst/inst_fifo_gen/gconvfifo.rf/grf.rf/rstblk/ngwrdrst.grst.g7serrst.gnsckt_wrst.rst_wr_reg2_inst/arststages_ff_reg[1]/C
                            (rising edge-triggered cell FDPE clocked by clk_out1_xlnx_clk_gen  {rise@0.000ns fall@15.625ns period=31.250ns})
  Destination:            i_axi_dwidth_converter_dm_slave/inst/gen_downsizer.gen_simple_downsizer.axi_downsizer_inst/USE_READ.read_addr_inst/cmd_queue/inst/fifo_gen_inst/inst_fifo_gen/gconvfifo.rf/grf.rf/gntv_or_sync_fifo.gl0.wr/wpntr/gcc0.gc0.count_reg[3]/CLR
                            (removal check against rising-edge clock clk_out1_xlnx_clk_gen  {rise@0.000ns fall@15.625ns period=31.250ns})
  Path Group:             **async_default**
  Path Type:              Removal (Min at Fast Process Corner)
  Requirement:            0.000ns  (clk_out1_xlnx_clk_gen rise@0.000ns - clk_out1_xlnx_clk_gen rise@0.000ns)
  Data Path Delay:        0.498ns  (logic 0.227ns (45.556%)  route 0.271ns (54.444%))
  Logic Levels:           1  (LUT3=1)
  Clock Path Skew:        0.013ns (DCD - SCD - CPR)
    Destination Clock Delay (DCD):    -0.867ns
    Source Clock Delay      (SCD):    -0.625ns
    Clock Pessimism Removal (CPR):    -0.256ns

    Location             Delay type                Incr(ns)  Path(ns)    Netlist Resource(s)
  -------------------------------------------------------------------    -------------------
                         (clock clk_out1_xlnx_clk_gen rise edge)
                                                      0.000     0.000 r  
    K17                                               0.000     0.000 r  clk_sys (IN)
                         net (fo=0)                   0.000     0.000    i_xlnx_clk_gen/inst/clk_in1
    K17                  IBUF (Prop_ibuf_I_O)         0.243     0.243 r  i_xlnx_clk_gen/inst/clkin1_ibufg/O
                         net (fo=1, routed)           0.440     0.683    i_xlnx_clk_gen/inst/clk_in1_xlnx_clk_gen
    MMCME2_ADV_X1Y2      MMCME2_ADV (Prop_mmcme2_adv_CLKIN1_CLKOUT0)
                                                     -2.613    -1.930 r  i_xlnx_clk_gen/inst/mmcm_adv_inst/CLKOUT0
                         net (fo=1, routed)           0.696    -1.233    i_xlnx_clk_gen/inst/clk_out1_xlnx_clk_gen
    BUFGCTRL_X0Y16       BUFG (Prop_bufg_I_O)         0.026    -1.207 r  i_xlnx_clk_gen/inst/clkout1_buf/O
                         net (fo=15309, routed)       0.583    -0.625    i_axi_dwidth_converter_dm_slave/inst/gen_downsizer.gen_simple_downsizer.axi_downsizer_inst/USE_READ.read_addr_inst/cmd_queue/inst/fifo_gen_inst/inst_fifo_gen/gconvfifo.rf/grf.rf/rstblk/ngwrdrst.grst.g7serrst.gnsckt_wrst.rst_wr_reg2_inst/dest_clk
    SLICE_X89Y18         FDPE                                         r  i_axi_dwidth_converter_dm_slave/inst/gen_downsizer.gen_simple_downsizer.axi_downsizer_inst/USE_READ.read_addr_inst/cmd_queue/inst/fifo_gen_inst/inst_fifo_gen/gconvfifo.rf/grf.rf/rstblk/ngwrdrst.grst.g7serrst.gnsckt_wrst.rst_wr_reg2_inst/arststages_ff_reg[1]/C
  -------------------------------------------------------------------    -------------------
    SLICE_X89Y18         FDPE (Prop_fdpe_C_Q)         0.128    -0.497 f  i_axi_dwidth_converter_dm_slave/inst/gen_downsizer.gen_simple_downsizer.axi_downsizer_inst/USE_READ.read_addr_inst/cmd_queue/inst/fifo_gen_inst/inst_fifo_gen/gconvfifo.rf/grf.rf/rstblk/ngwrdrst.grst.g7serrst.gnsckt_wrst.rst_wr_reg2_inst/arststages_ff_reg[1]/Q
                         net (fo=3, routed)           0.124    -0.373    i_axi_dwidth_converter_dm_slave/inst/gen_downsizer.gen_simple_downsizer.axi_downsizer_inst/USE_READ.read_addr_inst/cmd_queue/inst/fifo_gen_inst/inst_fifo_gen/gconvfifo.rf/grf.rf/rstblk/ngwrdrst.rst_wr_reg2
    SLICE_X89Y19         LUT3 (Prop_lut3_I2_O)        0.099    -0.274 f  i_axi_dwidth_converter_dm_slave/inst/gen_downsizer.gen_simple_downsizer.axi_downsizer_inst/USE_READ.read_addr_inst/cmd_queue/inst/fifo_gen_inst/inst_fifo_gen/gconvfifo.rf/grf.rf/rstblk/gpregsm1.curr_fwft_state[1]_i_2/O
                         net (fo=32, routed)          0.147    -0.126    i_axi_dwidth_converter_dm_slave/inst/gen_downsizer.gen_simple_downsizer.axi_downsizer_inst/USE_READ.read_addr_inst/cmd_queue/inst/fifo_gen_inst/inst_fifo_gen/gconvfifo.rf/grf.rf/gntv_or_sync_fifo.gl0.wr/wpntr/AR[0]
    SLICE_X88Y19         FDCE                                         f  i_axi_dwidth_converter_dm_slave/inst/gen_downsizer.gen_simple_downsizer.axi_downsizer_inst/USE_READ.read_addr_inst/cmd_queue/inst/fifo_gen_inst/inst_fifo_gen/gconvfifo.rf/grf.rf/gntv_or_sync_fifo.gl0.wr/wpntr/gcc0.gc0.count_reg[3]/CLR
  -------------------------------------------------------------------    -------------------

                         (clock clk_out1_xlnx_clk_gen rise edge)
                                                      0.000     0.000 r  
    K17                                               0.000     0.000 r  clk_sys (IN)
                         net (fo=0)                   0.000     0.000    i_xlnx_clk_gen/inst/clk_in1
    K17                  IBUF (Prop_ibuf_I_O)         0.431     0.431 r  i_xlnx_clk_gen/inst/clkin1_ibufg/O
                         net (fo=1, routed)           0.480     0.911    i_xlnx_clk_gen/inst/clk_in1_xlnx_clk_gen
    MMCME2_ADV_X1Y2      MMCME2_ADV (Prop_mmcme2_adv_CLKIN1_CLKOUT0)
                                                     -3.407    -2.496 r  i_xlnx_clk_gen/inst/mmcm_adv_inst/CLKOUT0
                         net (fo=1, routed)           0.752    -1.744    i_xlnx_clk_gen/inst/clk_out1_xlnx_clk_gen
    BUFGCTRL_X0Y16       BUFG (Prop_bufg_I_O)         0.029    -1.715 r  i_xlnx_clk_gen/inst/clkout1_buf/O
                         net (fo=15309, routed)       0.848    -0.867    i_axi_dwidth_converter_dm_slave/inst/gen_downsizer.gen_simple_downsizer.axi_downsizer_inst/USE_READ.read_addr_inst/cmd_queue/inst/fifo_gen_inst/inst_fifo_gen/gconvfifo.rf/grf.rf/gntv_or_sync_fifo.gl0.wr/wpntr/clk
    SLICE_X88Y19         FDCE                                         r  i_axi_dwidth_converter_dm_slave/inst/gen_downsizer.gen_simple_downsizer.axi_downsizer_inst/USE_READ.read_addr_inst/cmd_queue/inst/fifo_gen_inst/inst_fifo_gen/gconvfifo.rf/grf.rf/gntv_or_sync_fifo.gl0.wr/wpntr/gcc0.gc0.count_reg[3]/C
                         clock pessimism              0.256    -0.612    
    SLICE_X88Y19         FDCE (Remov_fdce_C_CLR)     -0.092    -0.704    i_axi_dwidth_converter_dm_slave/inst/gen_downsizer.gen_simple_downsizer.axi_downsizer_inst/USE_READ.read_addr_inst/cmd_queue/inst/fifo_gen_inst/inst_fifo_gen/gconvfifo.rf/grf.rf/gntv_or_sync_fifo.gl0.wr/wpntr/gcc0.gc0.count_reg[3]
  -------------------------------------------------------------------
                         required time                          0.704    
                         arrival time                          -0.126    
  -------------------------------------------------------------------
                         slack                                  0.577    

Slack (MET) :             0.577ns  (arrival time - required time)
  Source:                 i_axi_dwidth_converter_dm_slave/inst/gen_downsizer.gen_simple_downsizer.axi_downsizer_inst/USE_READ.read_addr_inst/cmd_queue/inst/fifo_gen_inst/inst_fifo_gen/gconvfifo.rf/grf.rf/rstblk/ngwrdrst.grst.g7serrst.gnsckt_wrst.rst_wr_reg2_inst/arststages_ff_reg[1]/C
                            (rising edge-triggered cell FDPE clocked by clk_out1_xlnx_clk_gen  {rise@0.000ns fall@15.625ns period=31.250ns})
  Destination:            i_axi_dwidth_converter_dm_slave/inst/gen_downsizer.gen_simple_downsizer.axi_downsizer_inst/USE_READ.read_addr_inst/cmd_queue/inst/fifo_gen_inst/inst_fifo_gen/gconvfifo.rf/grf.rf/gntv_or_sync_fifo.gl0.wr/wpntr/gcc0.gc0.count_reg[4]/CLR
                            (removal check against rising-edge clock clk_out1_xlnx_clk_gen  {rise@0.000ns fall@15.625ns period=31.250ns})
  Path Group:             **async_default**
  Path Type:              Removal (Min at Fast Process Corner)
  Requirement:            0.000ns  (clk_out1_xlnx_clk_gen rise@0.000ns - clk_out1_xlnx_clk_gen rise@0.000ns)
  Data Path Delay:        0.498ns  (logic 0.227ns (45.556%)  route 0.271ns (54.444%))
  Logic Levels:           1  (LUT3=1)
  Clock Path Skew:        0.013ns (DCD - SCD - CPR)
    Destination Clock Delay (DCD):    -0.867ns
    Source Clock Delay      (SCD):    -0.625ns
    Clock Pessimism Removal (CPR):    -0.256ns

    Location             Delay type                Incr(ns)  Path(ns)    Netlist Resource(s)
  -------------------------------------------------------------------    -------------------
                         (clock clk_out1_xlnx_clk_gen rise edge)
                                                      0.000     0.000 r  
    K17                                               0.000     0.000 r  clk_sys (IN)
                         net (fo=0)                   0.000     0.000    i_xlnx_clk_gen/inst/clk_in1
    K17                  IBUF (Prop_ibuf_I_O)         0.243     0.243 r  i_xlnx_clk_gen/inst/clkin1_ibufg/O
                         net (fo=1, routed)           0.440     0.683    i_xlnx_clk_gen/inst/clk_in1_xlnx_clk_gen
    MMCME2_ADV_X1Y2      MMCME2_ADV (Prop_mmcme2_adv_CLKIN1_CLKOUT0)
                                                     -2.613    -1.930 r  i_xlnx_clk_gen/inst/mmcm_adv_inst/CLKOUT0
                         net (fo=1, routed)           0.696    -1.233    i_xlnx_clk_gen/inst/clk_out1_xlnx_clk_gen
    BUFGCTRL_X0Y16       BUFG (Prop_bufg_I_O)         0.026    -1.207 r  i_xlnx_clk_gen/inst/clkout1_buf/O
                         net (fo=15309, routed)       0.583    -0.625    i_axi_dwidth_converter_dm_slave/inst/gen_downsizer.gen_simple_downsizer.axi_downsizer_inst/USE_READ.read_addr_inst/cmd_queue/inst/fifo_gen_inst/inst_fifo_gen/gconvfifo.rf/grf.rf/rstblk/ngwrdrst.grst.g7serrst.gnsckt_wrst.rst_wr_reg2_inst/dest_clk
    SLICE_X89Y18         FDPE                                         r  i_axi_dwidth_converter_dm_slave/inst/gen_downsizer.gen_simple_downsizer.axi_downsizer_inst/USE_READ.read_addr_inst/cmd_queue/inst/fifo_gen_inst/inst_fifo_gen/gconvfifo.rf/grf.rf/rstblk/ngwrdrst.grst.g7serrst.gnsckt_wrst.rst_wr_reg2_inst/arststages_ff_reg[1]/C
  -------------------------------------------------------------------    -------------------
    SLICE_X89Y18         FDPE (Prop_fdpe_C_Q)         0.128    -0.497 f  i_axi_dwidth_converter_dm_slave/inst/gen_downsizer.gen_simple_downsizer.axi_downsizer_inst/USE_READ.read_addr_inst/cmd_queue/inst/fifo_gen_inst/inst_fifo_gen/gconvfifo.rf/grf.rf/rstblk/ngwrdrst.grst.g7serrst.gnsckt_wrst.rst_wr_reg2_inst/arststages_ff_reg[1]/Q
                         net (fo=3, routed)           0.124    -0.373    i_axi_dwidth_converter_dm_slave/inst/gen_downsizer.gen_simple_downsizer.axi_downsizer_inst/USE_READ.read_addr_inst/cmd_queue/inst/fifo_gen_inst/inst_fifo_gen/gconvfifo.rf/grf.rf/rstblk/ngwrdrst.rst_wr_reg2
    SLICE_X89Y19         LUT3 (Prop_lut3_I2_O)        0.099    -0.274 f  i_axi_dwidth_converter_dm_slave/inst/gen_downsizer.gen_simple_downsizer.axi_downsizer_inst/USE_READ.read_addr_inst/cmd_queue/inst/fifo_gen_inst/inst_fifo_gen/gconvfifo.rf/grf.rf/rstblk/gpregsm1.curr_fwft_state[1]_i_2/O
                         net (fo=32, routed)          0.147    -0.126    i_axi_dwidth_converter_dm_slave/inst/gen_downsizer.gen_simple_downsizer.axi_downsizer_inst/USE_READ.read_addr_inst/cmd_queue/inst/fifo_gen_inst/inst_fifo_gen/gconvfifo.rf/grf.rf/gntv_or_sync_fifo.gl0.wr/wpntr/AR[0]
    SLICE_X88Y19         FDCE                                         f  i_axi_dwidth_converter_dm_slave/inst/gen_downsizer.gen_simple_downsizer.axi_downsizer_inst/USE_READ.read_addr_inst/cmd_queue/inst/fifo_gen_inst/inst_fifo_gen/gconvfifo.rf/grf.rf/gntv_or_sync_fifo.gl0.wr/wpntr/gcc0.gc0.count_reg[4]/CLR
  -------------------------------------------------------------------    -------------------

                         (clock clk_out1_xlnx_clk_gen rise edge)
                                                      0.000     0.000 r  
    K17                                               0.000     0.000 r  clk_sys (IN)
                         net (fo=0)                   0.000     0.000    i_xlnx_clk_gen/inst/clk_in1
    K17                  IBUF (Prop_ibuf_I_O)         0.431     0.431 r  i_xlnx_clk_gen/inst/clkin1_ibufg/O
                         net (fo=1, routed)           0.480     0.911    i_xlnx_clk_gen/inst/clk_in1_xlnx_clk_gen
    MMCME2_ADV_X1Y2      MMCME2_ADV (Prop_mmcme2_adv_CLKIN1_CLKOUT0)
                                                     -3.407    -2.496 r  i_xlnx_clk_gen/inst/mmcm_adv_inst/CLKOUT0
                         net (fo=1, routed)           0.752    -1.744    i_xlnx_clk_gen/inst/clk_out1_xlnx_clk_gen
    BUFGCTRL_X0Y16       BUFG (Prop_bufg_I_O)         0.029    -1.715 r  i_xlnx_clk_gen/inst/clkout1_buf/O
                         net (fo=15309, routed)       0.848    -0.867    i_axi_dwidth_converter_dm_slave/inst/gen_downsizer.gen_simple_downsizer.axi_downsizer_inst/USE_READ.read_addr_inst/cmd_queue/inst/fifo_gen_inst/inst_fifo_gen/gconvfifo.rf/grf.rf/gntv_or_sync_fifo.gl0.wr/wpntr/clk
    SLICE_X88Y19         FDCE                                         r  i_axi_dwidth_converter_dm_slave/inst/gen_downsizer.gen_simple_downsizer.axi_downsizer_inst/USE_READ.read_addr_inst/cmd_queue/inst/fifo_gen_inst/inst_fifo_gen/gconvfifo.rf/grf.rf/gntv_or_sync_fifo.gl0.wr/wpntr/gcc0.gc0.count_reg[4]/C
                         clock pessimism              0.256    -0.612    
    SLICE_X88Y19         FDCE (Remov_fdce_C_CLR)     -0.092    -0.704    i_axi_dwidth_converter_dm_slave/inst/gen_downsizer.gen_simple_downsizer.axi_downsizer_inst/USE_READ.read_addr_inst/cmd_queue/inst/fifo_gen_inst/inst_fifo_gen/gconvfifo.rf/grf.rf/gntv_or_sync_fifo.gl0.wr/wpntr/gcc0.gc0.count_reg[4]
  -------------------------------------------------------------------
                         required time                          0.704    
                         arrival time                          -0.126    
  -------------------------------------------------------------------
                         slack                                  0.577    





--------------------------------------------------------------------------------------
Path Group:  (none)
From Clock:  clk_out1_xlnx_clk_gen
  To Clock:  clk_out1_xlnx_clk_gen

Max Delay             6 Endpoints
Min Delay             6 Endpoints
--------------------------------------------------------------------------------------


Max Delay Paths
--------------------------------------------------------------------------------------
Slack:                    inf
  Source:                 i_rstgen_main/i_rstgen_bypass/synch_regs_q_reg[3]/C
                            (rising edge-triggered cell FDCE clocked by clk_out1_xlnx_clk_gen  {rise@0.000ns fall@15.625ns period=31.250ns})
  Destination:            i_axi_dwidth_converter_dm_slave/inst/gen_downsizer.gen_simple_downsizer.axi_downsizer_inst/USE_WRITE.write_addr_inst/cmd_queue/inst/fifo_gen_inst/inst_fifo_gen/gconvfifo.rf/grf.rf/rstblk/ngwrdrst.grst.g7serrst.gnsckt_wrst.rst_wr_reg2_inst/arststages_ff_reg[0]/PRE
                            (recovery check against rising-edge clock clk_out1_xlnx_clk_gen  {rise@0.000ns fall@15.625ns period=31.250ns})
  Path Group:             (none)
  Path Type:              Recovery (Max at Slow Process Corner)
  Data Path Delay:        5.739ns  (logic 0.580ns (10.107%)  route 5.159ns (89.893%))
  Logic Levels:           1  (LUT1=1)
  Clock Path Skew:        -0.566ns (DCD - SCD + CPR)
    Destination Clock Delay (DCD):    -1.528ns
    Source Clock Delay      (SCD):    -0.961ns
    Clock Pessimism Removal (CPR):    0.000ns
  Clock Uncertainty:      0.085ns  ((TSJ^2 + DJ^2)^1/2) / 2 + PE
    Total System Jitter     (TSJ):    0.071ns
    Discrete Jitter          (DJ):    0.155ns
    Phase Error              (PE):    0.000ns
  Timing Exception:       False Path

    Location             Delay type                Incr(ns)  Path(ns)    Netlist Resource(s)
  -------------------------------------------------------------------    -------------------
                         (clock clk_out1_xlnx_clk_gen rise edge)
                                                      0.000     0.000 r  
    K17                                               0.000     0.000 r  clk_sys (IN)
                         net (fo=0)                   0.000     0.000    i_xlnx_clk_gen/inst/clk_in1
    K17                  IBUF (Prop_ibuf_I_O)         1.475     1.475 r  i_xlnx_clk_gen/inst/clkin1_ibufg/O
                         net (fo=1, routed)           1.285     2.760    i_xlnx_clk_gen/inst/clk_in1_xlnx_clk_gen
    MMCME2_ADV_X1Y2      MMCME2_ADV (Prop_mmcme2_adv_CLKIN1_CLKOUT0)
                                                     -7.759    -4.999 r  i_xlnx_clk_gen/inst/mmcm_adv_inst/CLKOUT0
                         net (fo=1, routed)           2.206    -2.793    i_xlnx_clk_gen/inst/clk_out1_xlnx_clk_gen
    BUFGCTRL_X0Y16       BUFG (Prop_bufg_I_O)         0.101    -2.692 r  i_xlnx_clk_gen/inst/clkout1_buf/O
                         net (fo=15309, routed)       1.731    -0.961    i_rstgen_main/i_rstgen_bypass/clk_out1
    SLICE_X71Y40         FDCE                                         r  i_rstgen_main/i_rstgen_bypass/synch_regs_q_reg[3]/C
  -------------------------------------------------------------------    -------------------
    SLICE_X71Y40         FDCE (Prop_fdce_C_Q)         0.456    -0.505 r  i_rstgen_main/i_rstgen_bypass/synch_regs_q_reg[3]/Q
                         net (fo=29, routed)          2.958     2.453    i_axi_dwidth_converter_dm_slave/inst/gen_downsizer.gen_simple_downsizer.axi_downsizer_inst/USE_WRITE.write_addr_inst/USE_B_CHANNEL.cmd_b_queue/inst/out
    SLICE_X95Y17         LUT1 (Prop_lut1_I0_O)        0.124     2.577 f  i_axi_dwidth_converter_dm_slave/inst/gen_downsizer.gen_simple_downsizer.axi_downsizer_inst/USE_WRITE.write_addr_inst/USE_B_CHANNEL.cmd_b_queue/inst/S_AXI_AREADY_I_i_1/O
                         net (fo=181, routed)         2.201     4.778    i_axi_dwidth_converter_dm_slave/inst/gen_downsizer.gen_simple_downsizer.axi_downsizer_inst/USE_WRITE.write_addr_inst/cmd_queue/inst/fifo_gen_inst/inst_fifo_gen/gconvfifo.rf/grf.rf/rstblk/ngwrdrst.grst.g7serrst.gnsckt_wrst.rst_wr_reg2_inst/src_arst
    SLICE_X91Y14         FDPE                                         f  i_axi_dwidth_converter_dm_slave/inst/gen_downsizer.gen_simple_downsizer.axi_downsizer_inst/USE_WRITE.write_addr_inst/cmd_queue/inst/fifo_gen_inst/inst_fifo_gen/gconvfifo.rf/grf.rf/rstblk/ngwrdrst.grst.g7serrst.gnsckt_wrst.rst_wr_reg2_inst/arststages_ff_reg[0]/PRE
  -------------------------------------------------------------------    -------------------

                         (clock clk_out1_xlnx_clk_gen rise edge)
                                                      0.000     0.000 r  
    K17                                               0.000     0.000 r  clk_sys (IN)
                         net (fo=0)                   0.000     0.000    i_xlnx_clk_gen/inst/clk_in1
    K17                  IBUF (Prop_ibuf_I_O)         1.404     1.404 r  i_xlnx_clk_gen/inst/clkin1_ibufg/O
                         net (fo=1, routed)           1.162     2.566    i_xlnx_clk_gen/inst/clk_in1_xlnx_clk_gen
    MMCME2_ADV_X1Y2      MMCME2_ADV (Prop_mmcme2_adv_CLKIN1_CLKOUT0)
                                                     -7.814    -5.248 r  i_xlnx_clk_gen/inst/mmcm_adv_inst/CLKOUT0
                         net (fo=1, routed)           2.012    -3.236    i_xlnx_clk_gen/inst/clk_out1_xlnx_clk_gen
    BUFGCTRL_X0Y16       BUFG (Prop_bufg_I_O)         0.091    -3.145 r  i_xlnx_clk_gen/inst/clkout1_buf/O
                         net (fo=15309, routed)       1.617    -1.528    i_axi_dwidth_converter_dm_slave/inst/gen_downsizer.gen_simple_downsizer.axi_downsizer_inst/USE_WRITE.write_addr_inst/cmd_queue/inst/fifo_gen_inst/inst_fifo_gen/gconvfifo.rf/grf.rf/rstblk/ngwrdrst.grst.g7serrst.gnsckt_wrst.rst_wr_reg2_inst/dest_clk
    SLICE_X91Y14         FDPE                                         r  i_axi_dwidth_converter_dm_slave/inst/gen_downsizer.gen_simple_downsizer.axi_downsizer_inst/USE_WRITE.write_addr_inst/cmd_queue/inst/fifo_gen_inst/inst_fifo_gen/gconvfifo.rf/grf.rf/rstblk/ngwrdrst.grst.g7serrst.gnsckt_wrst.rst_wr_reg2_inst/arststages_ff_reg[0]/C

Slack:                    inf
  Source:                 i_rstgen_main/i_rstgen_bypass/synch_regs_q_reg[3]/C
                            (rising edge-triggered cell FDCE clocked by clk_out1_xlnx_clk_gen  {rise@0.000ns fall@15.625ns period=31.250ns})
  Destination:            i_axi_dwidth_converter_dm_slave/inst/gen_downsizer.gen_simple_downsizer.axi_downsizer_inst/USE_WRITE.write_addr_inst/cmd_queue/inst/fifo_gen_inst/inst_fifo_gen/gconvfifo.rf/grf.rf/rstblk/ngwrdrst.grst.g7serrst.gnsckt_wrst.rst_wr_reg2_inst/arststages_ff_reg[1]/PRE
                            (recovery check against rising-edge clock clk_out1_xlnx_clk_gen  {rise@0.000ns fall@15.625ns period=31.250ns})
  Path Group:             (none)
  Path Type:              Recovery (Max at Slow Process Corner)
  Data Path Delay:        5.739ns  (logic 0.580ns (10.107%)  route 5.159ns (89.893%))
  Logic Levels:           1  (LUT1=1)
  Clock Path Skew:        -0.566ns (DCD - SCD + CPR)
    Destination Clock Delay (DCD):    -1.528ns
    Source Clock Delay      (SCD):    -0.961ns
    Clock Pessimism Removal (CPR):    0.000ns
  Clock Uncertainty:      0.085ns  ((TSJ^2 + DJ^2)^1/2) / 2 + PE
    Total System Jitter     (TSJ):    0.071ns
    Discrete Jitter          (DJ):    0.155ns
    Phase Error              (PE):    0.000ns
  Timing Exception:       False Path

    Location             Delay type                Incr(ns)  Path(ns)    Netlist Resource(s)
  -------------------------------------------------------------------    -------------------
                         (clock clk_out1_xlnx_clk_gen rise edge)
                                                      0.000     0.000 r  
    K17                                               0.000     0.000 r  clk_sys (IN)
                         net (fo=0)                   0.000     0.000    i_xlnx_clk_gen/inst/clk_in1
    K17                  IBUF (Prop_ibuf_I_O)         1.475     1.475 r  i_xlnx_clk_gen/inst/clkin1_ibufg/O
                         net (fo=1, routed)           1.285     2.760    i_xlnx_clk_gen/inst/clk_in1_xlnx_clk_gen
    MMCME2_ADV_X1Y2      MMCME2_ADV (Prop_mmcme2_adv_CLKIN1_CLKOUT0)
                                                     -7.759    -4.999 r  i_xlnx_clk_gen/inst/mmcm_adv_inst/CLKOUT0
                         net (fo=1, routed)           2.206    -2.793    i_xlnx_clk_gen/inst/clk_out1_xlnx_clk_gen
    BUFGCTRL_X0Y16       BUFG (Prop_bufg_I_O)         0.101    -2.692 r  i_xlnx_clk_gen/inst/clkout1_buf/O
                         net (fo=15309, routed)       1.731    -0.961    i_rstgen_main/i_rstgen_bypass/clk_out1
    SLICE_X71Y40         FDCE                                         r  i_rstgen_main/i_rstgen_bypass/synch_regs_q_reg[3]/C
  -------------------------------------------------------------------    -------------------
    SLICE_X71Y40         FDCE (Prop_fdce_C_Q)         0.456    -0.505 r  i_rstgen_main/i_rstgen_bypass/synch_regs_q_reg[3]/Q
                         net (fo=29, routed)          2.958     2.453    i_axi_dwidth_converter_dm_slave/inst/gen_downsizer.gen_simple_downsizer.axi_downsizer_inst/USE_WRITE.write_addr_inst/USE_B_CHANNEL.cmd_b_queue/inst/out
    SLICE_X95Y17         LUT1 (Prop_lut1_I0_O)        0.124     2.577 f  i_axi_dwidth_converter_dm_slave/inst/gen_downsizer.gen_simple_downsizer.axi_downsizer_inst/USE_WRITE.write_addr_inst/USE_B_CHANNEL.cmd_b_queue/inst/S_AXI_AREADY_I_i_1/O
                         net (fo=181, routed)         2.201     4.778    i_axi_dwidth_converter_dm_slave/inst/gen_downsizer.gen_simple_downsizer.axi_downsizer_inst/USE_WRITE.write_addr_inst/cmd_queue/inst/fifo_gen_inst/inst_fifo_gen/gconvfifo.rf/grf.rf/rstblk/ngwrdrst.grst.g7serrst.gnsckt_wrst.rst_wr_reg2_inst/src_arst
    SLICE_X91Y14         FDPE                                         f  i_axi_dwidth_converter_dm_slave/inst/gen_downsizer.gen_simple_downsizer.axi_downsizer_inst/USE_WRITE.write_addr_inst/cmd_queue/inst/fifo_gen_inst/inst_fifo_gen/gconvfifo.rf/grf.rf/rstblk/ngwrdrst.grst.g7serrst.gnsckt_wrst.rst_wr_reg2_inst/arststages_ff_reg[1]/PRE
  -------------------------------------------------------------------    -------------------

                         (clock clk_out1_xlnx_clk_gen rise edge)
                                                      0.000     0.000 r  
    K17                                               0.000     0.000 r  clk_sys (IN)
                         net (fo=0)                   0.000     0.000    i_xlnx_clk_gen/inst/clk_in1
    K17                  IBUF (Prop_ibuf_I_O)         1.404     1.404 r  i_xlnx_clk_gen/inst/clkin1_ibufg/O
                         net (fo=1, routed)           1.162     2.566    i_xlnx_clk_gen/inst/clk_in1_xlnx_clk_gen
    MMCME2_ADV_X1Y2      MMCME2_ADV (Prop_mmcme2_adv_CLKIN1_CLKOUT0)
                                                     -7.814    -5.248 r  i_xlnx_clk_gen/inst/mmcm_adv_inst/CLKOUT0
                         net (fo=1, routed)           2.012    -3.236    i_xlnx_clk_gen/inst/clk_out1_xlnx_clk_gen
    BUFGCTRL_X0Y16       BUFG (Prop_bufg_I_O)         0.091    -3.145 r  i_xlnx_clk_gen/inst/clkout1_buf/O
                         net (fo=15309, routed)       1.617    -1.528    i_axi_dwidth_converter_dm_slave/inst/gen_downsizer.gen_simple_downsizer.axi_downsizer_inst/USE_WRITE.write_addr_inst/cmd_queue/inst/fifo_gen_inst/inst_fifo_gen/gconvfifo.rf/grf.rf/rstblk/ngwrdrst.grst.g7serrst.gnsckt_wrst.rst_wr_reg2_inst/dest_clk
    SLICE_X91Y14         FDPE                                         r  i_axi_dwidth_converter_dm_slave/inst/gen_downsizer.gen_simple_downsizer.axi_downsizer_inst/USE_WRITE.write_addr_inst/cmd_queue/inst/fifo_gen_inst/inst_fifo_gen/gconvfifo.rf/grf.rf/rstblk/ngwrdrst.grst.g7serrst.gnsckt_wrst.rst_wr_reg2_inst/arststages_ff_reg[1]/C

Slack:                    inf
  Source:                 i_rstgen_main/i_rstgen_bypass/synch_regs_q_reg[3]/C
                            (rising edge-triggered cell FDCE clocked by clk_out1_xlnx_clk_gen  {rise@0.000ns fall@15.625ns period=31.250ns})
  Destination:            i_axi_dwidth_converter_dm_slave/inst/gen_downsizer.gen_simple_downsizer.axi_downsizer_inst/USE_READ.read_addr_inst/cmd_queue/inst/fifo_gen_inst/inst_fifo_gen/gconvfifo.rf/grf.rf/rstblk/ngwrdrst.grst.g7serrst.gnsckt_wrst.rst_wr_reg2_inst/arststages_ff_reg[0]/PRE
                            (recovery check against rising-edge clock clk_out1_xlnx_clk_gen  {rise@0.000ns fall@15.625ns period=31.250ns})
  Path Group:             (none)
  Path Type:              Recovery (Max at Slow Process Corner)
  Data Path Delay:        4.855ns  (logic 0.580ns (11.947%)  route 4.275ns (88.053%))
  Logic Levels:           1  (LUT1=1)
  Clock Path Skew:        -0.630ns (DCD - SCD + CPR)
    Destination Clock Delay (DCD):    -1.592ns
    Source Clock Delay      (SCD):    -0.961ns
    Clock Pessimism Removal (CPR):    0.000ns
  Clock Uncertainty:      0.085ns  ((TSJ^2 + DJ^2)^1/2) / 2 + PE
    Total System Jitter     (TSJ):    0.071ns
    Discrete Jitter          (DJ):    0.155ns
    Phase Error              (PE):    0.000ns
  Timing Exception:       False Path

    Location             Delay type                Incr(ns)  Path(ns)    Netlist Resource(s)
  -------------------------------------------------------------------    -------------------
                         (clock clk_out1_xlnx_clk_gen rise edge)
                                                      0.000     0.000 r  
    K17                                               0.000     0.000 r  clk_sys (IN)
                         net (fo=0)                   0.000     0.000    i_xlnx_clk_gen/inst/clk_in1
    K17                  IBUF (Prop_ibuf_I_O)         1.475     1.475 r  i_xlnx_clk_gen/inst/clkin1_ibufg/O
                         net (fo=1, routed)           1.285     2.760    i_xlnx_clk_gen/inst/clk_in1_xlnx_clk_gen
    MMCME2_ADV_X1Y2      MMCME2_ADV (Prop_mmcme2_adv_CLKIN1_CLKOUT0)
                                                     -7.759    -4.999 r  i_xlnx_clk_gen/inst/mmcm_adv_inst/CLKOUT0
                         net (fo=1, routed)           2.206    -2.793    i_xlnx_clk_gen/inst/clk_out1_xlnx_clk_gen
    BUFGCTRL_X0Y16       BUFG (Prop_bufg_I_O)         0.101    -2.692 r  i_xlnx_clk_gen/inst/clkout1_buf/O
                         net (fo=15309, routed)       1.731    -0.961    i_rstgen_main/i_rstgen_bypass/clk_out1
    SLICE_X71Y40         FDCE                                         r  i_rstgen_main/i_rstgen_bypass/synch_regs_q_reg[3]/C
  -------------------------------------------------------------------    -------------------
    SLICE_X71Y40         FDCE (Prop_fdce_C_Q)         0.456    -0.505 r  i_rstgen_main/i_rstgen_bypass/synch_regs_q_reg[3]/Q
                         net (fo=29, routed)          2.958     2.453    i_axi_dwidth_converter_dm_slave/inst/gen_downsizer.gen_simple_downsizer.axi_downsizer_inst/USE_WRITE.write_addr_inst/USE_B_CHANNEL.cmd_b_queue/inst/out
    SLICE_X95Y17         LUT1 (Prop_lut1_I0_O)        0.124     2.577 f  i_axi_dwidth_converter_dm_slave/inst/gen_downsizer.gen_simple_downsizer.axi_downsizer_inst/USE_WRITE.write_addr_inst/USE_B_CHANNEL.cmd_b_queue/inst/S_AXI_AREADY_I_i_1/O
                         net (fo=181, routed)         1.317     3.894    i_axi_dwidth_converter_dm_slave/inst/gen_downsizer.gen_simple_downsizer.axi_downsizer_inst/USE_READ.read_addr_inst/cmd_queue/inst/fifo_gen_inst/inst_fifo_gen/gconvfifo.rf/grf.rf/rstblk/ngwrdrst.grst.g7serrst.gnsckt_wrst.rst_wr_reg2_inst/src_arst
    SLICE_X89Y18         FDPE                                         f  i_axi_dwidth_converter_dm_slave/inst/gen_downsizer.gen_simple_downsizer.axi_downsizer_inst/USE_READ.read_addr_inst/cmd_queue/inst/fifo_gen_inst/inst_fifo_gen/gconvfifo.rf/grf.rf/rstblk/ngwrdrst.grst.g7serrst.gnsckt_wrst.rst_wr_reg2_inst/arststages_ff_reg[0]/PRE
  -------------------------------------------------------------------    -------------------

                         (clock clk_out1_xlnx_clk_gen rise edge)
                                                      0.000     0.000 r  
    K17                                               0.000     0.000 r  clk_sys (IN)
                         net (fo=0)                   0.000     0.000    i_xlnx_clk_gen/inst/clk_in1
    K17                  IBUF (Prop_ibuf_I_O)         1.404     1.404 r  i_xlnx_clk_gen/inst/clkin1_ibufg/O
                         net (fo=1, routed)           1.162     2.566    i_xlnx_clk_gen/inst/clk_in1_xlnx_clk_gen
    MMCME2_ADV_X1Y2      MMCME2_ADV (Prop_mmcme2_adv_CLKIN1_CLKOUT0)
                                                     -7.814    -5.248 r  i_xlnx_clk_gen/inst/mmcm_adv_inst/CLKOUT0
                         net (fo=1, routed)           2.012    -3.236    i_xlnx_clk_gen/inst/clk_out1_xlnx_clk_gen
    BUFGCTRL_X0Y16       BUFG (Prop_bufg_I_O)         0.091    -3.145 r  i_xlnx_clk_gen/inst/clkout1_buf/O
                         net (fo=15309, routed)       1.553    -1.592    i_axi_dwidth_converter_dm_slave/inst/gen_downsizer.gen_simple_downsizer.axi_downsizer_inst/USE_READ.read_addr_inst/cmd_queue/inst/fifo_gen_inst/inst_fifo_gen/gconvfifo.rf/grf.rf/rstblk/ngwrdrst.grst.g7serrst.gnsckt_wrst.rst_wr_reg2_inst/dest_clk
    SLICE_X89Y18         FDPE                                         r  i_axi_dwidth_converter_dm_slave/inst/gen_downsizer.gen_simple_downsizer.axi_downsizer_inst/USE_READ.read_addr_inst/cmd_queue/inst/fifo_gen_inst/inst_fifo_gen/gconvfifo.rf/grf.rf/rstblk/ngwrdrst.grst.g7serrst.gnsckt_wrst.rst_wr_reg2_inst/arststages_ff_reg[0]/C

Slack:                    inf
  Source:                 i_rstgen_main/i_rstgen_bypass/synch_regs_q_reg[3]/C
                            (rising edge-triggered cell FDCE clocked by clk_out1_xlnx_clk_gen  {rise@0.000ns fall@15.625ns period=31.250ns})
  Destination:            i_axi_dwidth_converter_dm_slave/inst/gen_downsizer.gen_simple_downsizer.axi_downsizer_inst/USE_READ.read_addr_inst/cmd_queue/inst/fifo_gen_inst/inst_fifo_gen/gconvfifo.rf/grf.rf/rstblk/ngwrdrst.grst.g7serrst.gnsckt_wrst.rst_wr_reg2_inst/arststages_ff_reg[1]/PRE
                            (recovery check against rising-edge clock clk_out1_xlnx_clk_gen  {rise@0.000ns fall@15.625ns period=31.250ns})
  Path Group:             (none)
  Path Type:              Recovery (Max at Slow Process Corner)
  Data Path Delay:        4.855ns  (logic 0.580ns (11.947%)  route 4.275ns (88.053%))
  Logic Levels:           1  (LUT1=1)
  Clock Path Skew:        -0.630ns (DCD - SCD + CPR)
    Destination Clock Delay (DCD):    -1.592ns
    Source Clock Delay      (SCD):    -0.961ns
    Clock Pessimism Removal (CPR):    0.000ns
  Clock Uncertainty:      0.085ns  ((TSJ^2 + DJ^2)^1/2) / 2 + PE
    Total System Jitter     (TSJ):    0.071ns
    Discrete Jitter          (DJ):    0.155ns
    Phase Error              (PE):    0.000ns
  Timing Exception:       False Path

    Location             Delay type                Incr(ns)  Path(ns)    Netlist Resource(s)
  -------------------------------------------------------------------    -------------------
                         (clock clk_out1_xlnx_clk_gen rise edge)
                                                      0.000     0.000 r  
    K17                                               0.000     0.000 r  clk_sys (IN)
                         net (fo=0)                   0.000     0.000    i_xlnx_clk_gen/inst/clk_in1
    K17                  IBUF (Prop_ibuf_I_O)         1.475     1.475 r  i_xlnx_clk_gen/inst/clkin1_ibufg/O
                         net (fo=1, routed)           1.285     2.760    i_xlnx_clk_gen/inst/clk_in1_xlnx_clk_gen
    MMCME2_ADV_X1Y2      MMCME2_ADV (Prop_mmcme2_adv_CLKIN1_CLKOUT0)
                                                     -7.759    -4.999 r  i_xlnx_clk_gen/inst/mmcm_adv_inst/CLKOUT0
                         net (fo=1, routed)           2.206    -2.793    i_xlnx_clk_gen/inst/clk_out1_xlnx_clk_gen
    BUFGCTRL_X0Y16       BUFG (Prop_bufg_I_O)         0.101    -2.692 r  i_xlnx_clk_gen/inst/clkout1_buf/O
                         net (fo=15309, routed)       1.731    -0.961    i_rstgen_main/i_rstgen_bypass/clk_out1
    SLICE_X71Y40         FDCE                                         r  i_rstgen_main/i_rstgen_bypass/synch_regs_q_reg[3]/C
  -------------------------------------------------------------------    -------------------
    SLICE_X71Y40         FDCE (Prop_fdce_C_Q)         0.456    -0.505 r  i_rstgen_main/i_rstgen_bypass/synch_regs_q_reg[3]/Q
                         net (fo=29, routed)          2.958     2.453    i_axi_dwidth_converter_dm_slave/inst/gen_downsizer.gen_simple_downsizer.axi_downsizer_inst/USE_WRITE.write_addr_inst/USE_B_CHANNEL.cmd_b_queue/inst/out
    SLICE_X95Y17         LUT1 (Prop_lut1_I0_O)        0.124     2.577 f  i_axi_dwidth_converter_dm_slave/inst/gen_downsizer.gen_simple_downsizer.axi_downsizer_inst/USE_WRITE.write_addr_inst/USE_B_CHANNEL.cmd_b_queue/inst/S_AXI_AREADY_I_i_1/O
                         net (fo=181, routed)         1.317     3.894    i_axi_dwidth_converter_dm_slave/inst/gen_downsizer.gen_simple_downsizer.axi_downsizer_inst/USE_READ.read_addr_inst/cmd_queue/inst/fifo_gen_inst/inst_fifo_gen/gconvfifo.rf/grf.rf/rstblk/ngwrdrst.grst.g7serrst.gnsckt_wrst.rst_wr_reg2_inst/src_arst
    SLICE_X89Y18         FDPE                                         f  i_axi_dwidth_converter_dm_slave/inst/gen_downsizer.gen_simple_downsizer.axi_downsizer_inst/USE_READ.read_addr_inst/cmd_queue/inst/fifo_gen_inst/inst_fifo_gen/gconvfifo.rf/grf.rf/rstblk/ngwrdrst.grst.g7serrst.gnsckt_wrst.rst_wr_reg2_inst/arststages_ff_reg[1]/PRE
  -------------------------------------------------------------------    -------------------

                         (clock clk_out1_xlnx_clk_gen rise edge)
                                                      0.000     0.000 r  
    K17                                               0.000     0.000 r  clk_sys (IN)
                         net (fo=0)                   0.000     0.000    i_xlnx_clk_gen/inst/clk_in1
    K17                  IBUF (Prop_ibuf_I_O)         1.404     1.404 r  i_xlnx_clk_gen/inst/clkin1_ibufg/O
                         net (fo=1, routed)           1.162     2.566    i_xlnx_clk_gen/inst/clk_in1_xlnx_clk_gen
    MMCME2_ADV_X1Y2      MMCME2_ADV (Prop_mmcme2_adv_CLKIN1_CLKOUT0)
                                                     -7.814    -5.248 r  i_xlnx_clk_gen/inst/mmcm_adv_inst/CLKOUT0
                         net (fo=1, routed)           2.012    -3.236    i_xlnx_clk_gen/inst/clk_out1_xlnx_clk_gen
    BUFGCTRL_X0Y16       BUFG (Prop_bufg_I_O)         0.091    -3.145 r  i_xlnx_clk_gen/inst/clkout1_buf/O
                         net (fo=15309, routed)       1.553    -1.592    i_axi_dwidth_converter_dm_slave/inst/gen_downsizer.gen_simple_downsizer.axi_downsizer_inst/USE_READ.read_addr_inst/cmd_queue/inst/fifo_gen_inst/inst_fifo_gen/gconvfifo.rf/grf.rf/rstblk/ngwrdrst.grst.g7serrst.gnsckt_wrst.rst_wr_reg2_inst/dest_clk
    SLICE_X89Y18         FDPE                                         r  i_axi_dwidth_converter_dm_slave/inst/gen_downsizer.gen_simple_downsizer.axi_downsizer_inst/USE_READ.read_addr_inst/cmd_queue/inst/fifo_gen_inst/inst_fifo_gen/gconvfifo.rf/grf.rf/rstblk/ngwrdrst.grst.g7serrst.gnsckt_wrst.rst_wr_reg2_inst/arststages_ff_reg[1]/C

Slack:                    inf
  Source:                 i_rstgen_main/i_rstgen_bypass/synch_regs_q_reg[3]/C
                            (rising edge-triggered cell FDCE clocked by clk_out1_xlnx_clk_gen  {rise@0.000ns fall@15.625ns period=31.250ns})
  Destination:            i_axi_dwidth_converter_dm_slave/inst/gen_downsizer.gen_simple_downsizer.axi_downsizer_inst/USE_WRITE.write_addr_inst/USE_B_CHANNEL.cmd_b_queue/inst/fifo_gen_inst/inst_fifo_gen/gconvfifo.rf/grf.rf/rstblk/ngwrdrst.grst.g7serrst.gnsckt_wrst.rst_wr_reg2_inst/arststages_ff_reg[0]/PRE
                            (recovery check against rising-edge clock clk_out1_xlnx_clk_gen  {rise@0.000ns fall@15.625ns period=31.250ns})
  Path Group:             (none)
  Path Type:              Recovery (Max at Slow Process Corner)
  Data Path Delay:        4.276ns  (logic 0.580ns (13.565%)  route 3.696ns (86.435%))
  Logic Levels:           1  (LUT1=1)
  Clock Path Skew:        -0.567ns (DCD - SCD + CPR)
    Destination Clock Delay (DCD):    -1.529ns
    Source Clock Delay      (SCD):    -0.961ns
    Clock Pessimism Removal (CPR):    0.000ns
  Clock Uncertainty:      0.085ns  ((TSJ^2 + DJ^2)^1/2) / 2 + PE
    Total System Jitter     (TSJ):    0.071ns
    Discrete Jitter          (DJ):    0.155ns
    Phase Error              (PE):    0.000ns
  Timing Exception:       False Path

    Location             Delay type                Incr(ns)  Path(ns)    Netlist Resource(s)
  -------------------------------------------------------------------    -------------------
                         (clock clk_out1_xlnx_clk_gen rise edge)
                                                      0.000     0.000 r  
    K17                                               0.000     0.000 r  clk_sys (IN)
                         net (fo=0)                   0.000     0.000    i_xlnx_clk_gen/inst/clk_in1
    K17                  IBUF (Prop_ibuf_I_O)         1.475     1.475 r  i_xlnx_clk_gen/inst/clkin1_ibufg/O
                         net (fo=1, routed)           1.285     2.760    i_xlnx_clk_gen/inst/clk_in1_xlnx_clk_gen
    MMCME2_ADV_X1Y2      MMCME2_ADV (Prop_mmcme2_adv_CLKIN1_CLKOUT0)
                                                     -7.759    -4.999 r  i_xlnx_clk_gen/inst/mmcm_adv_inst/CLKOUT0
                         net (fo=1, routed)           2.206    -2.793    i_xlnx_clk_gen/inst/clk_out1_xlnx_clk_gen
    BUFGCTRL_X0Y16       BUFG (Prop_bufg_I_O)         0.101    -2.692 r  i_xlnx_clk_gen/inst/clkout1_buf/O
                         net (fo=15309, routed)       1.731    -0.961    i_rstgen_main/i_rstgen_bypass/clk_out1
    SLICE_X71Y40         FDCE                                         r  i_rstgen_main/i_rstgen_bypass/synch_regs_q_reg[3]/C
  -------------------------------------------------------------------    -------------------
    SLICE_X71Y40         FDCE (Prop_fdce_C_Q)         0.456    -0.505 r  i_rstgen_main/i_rstgen_bypass/synch_regs_q_reg[3]/Q
                         net (fo=29, routed)          2.958     2.453    i_axi_dwidth_converter_dm_slave/inst/gen_downsizer.gen_simple_downsizer.axi_downsizer_inst/USE_WRITE.write_addr_inst/USE_B_CHANNEL.cmd_b_queue/inst/out
    SLICE_X95Y17         LUT1 (Prop_lut1_I0_O)        0.124     2.577 f  i_axi_dwidth_converter_dm_slave/inst/gen_downsizer.gen_simple_downsizer.axi_downsizer_inst/USE_WRITE.write_addr_inst/USE_B_CHANNEL.cmd_b_queue/inst/S_AXI_AREADY_I_i_1/O
                         net (fo=181, routed)         0.738     3.315    i_axi_dwidth_converter_dm_slave/inst/gen_downsizer.gen_simple_downsizer.axi_downsizer_inst/USE_WRITE.write_addr_inst/USE_B_CHANNEL.cmd_b_queue/inst/fifo_gen_inst/inst_fifo_gen/gconvfifo.rf/grf.rf/rstblk/ngwrdrst.grst.g7serrst.gnsckt_wrst.rst_wr_reg2_inst/src_arst
    SLICE_X97Y17         FDPE                                         f  i_axi_dwidth_converter_dm_slave/inst/gen_downsizer.gen_simple_downsizer.axi_downsizer_inst/USE_WRITE.write_addr_inst/USE_B_CHANNEL.cmd_b_queue/inst/fifo_gen_inst/inst_fifo_gen/gconvfifo.rf/grf.rf/rstblk/ngwrdrst.grst.g7serrst.gnsckt_wrst.rst_wr_reg2_inst/arststages_ff_reg[0]/PRE
  -------------------------------------------------------------------    -------------------

                         (clock clk_out1_xlnx_clk_gen rise edge)
                                                      0.000     0.000 r  
    K17                                               0.000     0.000 r  clk_sys (IN)
                         net (fo=0)                   0.000     0.000    i_xlnx_clk_gen/inst/clk_in1
    K17                  IBUF (Prop_ibuf_I_O)         1.404     1.404 r  i_xlnx_clk_gen/inst/clkin1_ibufg/O
                         net (fo=1, routed)           1.162     2.566    i_xlnx_clk_gen/inst/clk_in1_xlnx_clk_gen
    MMCME2_ADV_X1Y2      MMCME2_ADV (Prop_mmcme2_adv_CLKIN1_CLKOUT0)
                                                     -7.814    -5.248 r  i_xlnx_clk_gen/inst/mmcm_adv_inst/CLKOUT0
                         net (fo=1, routed)           2.012    -3.236    i_xlnx_clk_gen/inst/clk_out1_xlnx_clk_gen
    BUFGCTRL_X0Y16       BUFG (Prop_bufg_I_O)         0.091    -3.145 r  i_xlnx_clk_gen/inst/clkout1_buf/O
                         net (fo=15309, routed)       1.616    -1.529    i_axi_dwidth_converter_dm_slave/inst/gen_downsizer.gen_simple_downsizer.axi_downsizer_inst/USE_WRITE.write_addr_inst/USE_B_CHANNEL.cmd_b_queue/inst/fifo_gen_inst/inst_fifo_gen/gconvfifo.rf/grf.rf/rstblk/ngwrdrst.grst.g7serrst.gnsckt_wrst.rst_wr_reg2_inst/dest_clk
    SLICE_X97Y17         FDPE                                         r  i_axi_dwidth_converter_dm_slave/inst/gen_downsizer.gen_simple_downsizer.axi_downsizer_inst/USE_WRITE.write_addr_inst/USE_B_CHANNEL.cmd_b_queue/inst/fifo_gen_inst/inst_fifo_gen/gconvfifo.rf/grf.rf/rstblk/ngwrdrst.grst.g7serrst.gnsckt_wrst.rst_wr_reg2_inst/arststages_ff_reg[0]/C

Slack:                    inf
  Source:                 i_rstgen_main/i_rstgen_bypass/synch_regs_q_reg[3]/C
                            (rising edge-triggered cell FDCE clocked by clk_out1_xlnx_clk_gen  {rise@0.000ns fall@15.625ns period=31.250ns})
  Destination:            i_axi_dwidth_converter_dm_slave/inst/gen_downsizer.gen_simple_downsizer.axi_downsizer_inst/USE_WRITE.write_addr_inst/USE_B_CHANNEL.cmd_b_queue/inst/fifo_gen_inst/inst_fifo_gen/gconvfifo.rf/grf.rf/rstblk/ngwrdrst.grst.g7serrst.gnsckt_wrst.rst_wr_reg2_inst/arststages_ff_reg[1]/PRE
                            (recovery check against rising-edge clock clk_out1_xlnx_clk_gen  {rise@0.000ns fall@15.625ns period=31.250ns})
  Path Group:             (none)
  Path Type:              Recovery (Max at Slow Process Corner)
  Data Path Delay:        4.276ns  (logic 0.580ns (13.565%)  route 3.696ns (86.435%))
  Logic Levels:           1  (LUT1=1)
  Clock Path Skew:        -0.567ns (DCD - SCD + CPR)
    Destination Clock Delay (DCD):    -1.529ns
    Source Clock Delay      (SCD):    -0.961ns
    Clock Pessimism Removal (CPR):    0.000ns
  Clock Uncertainty:      0.085ns  ((TSJ^2 + DJ^2)^1/2) / 2 + PE
    Total System Jitter     (TSJ):    0.071ns
    Discrete Jitter          (DJ):    0.155ns
    Phase Error              (PE):    0.000ns
  Timing Exception:       False Path

    Location             Delay type                Incr(ns)  Path(ns)    Netlist Resource(s)
  -------------------------------------------------------------------    -------------------
                         (clock clk_out1_xlnx_clk_gen rise edge)
                                                      0.000     0.000 r  
    K17                                               0.000     0.000 r  clk_sys (IN)
                         net (fo=0)                   0.000     0.000    i_xlnx_clk_gen/inst/clk_in1
    K17                  IBUF (Prop_ibuf_I_O)         1.475     1.475 r  i_xlnx_clk_gen/inst/clkin1_ibufg/O
                         net (fo=1, routed)           1.285     2.760    i_xlnx_clk_gen/inst/clk_in1_xlnx_clk_gen
    MMCME2_ADV_X1Y2      MMCME2_ADV (Prop_mmcme2_adv_CLKIN1_CLKOUT0)
                                                     -7.759    -4.999 r  i_xlnx_clk_gen/inst/mmcm_adv_inst/CLKOUT0
                         net (fo=1, routed)           2.206    -2.793    i_xlnx_clk_gen/inst/clk_out1_xlnx_clk_gen
    BUFGCTRL_X0Y16       BUFG (Prop_bufg_I_O)         0.101    -2.692 r  i_xlnx_clk_gen/inst/clkout1_buf/O
                         net (fo=15309, routed)       1.731    -0.961    i_rstgen_main/i_rstgen_bypass/clk_out1
    SLICE_X71Y40         FDCE                                         r  i_rstgen_main/i_rstgen_bypass/synch_regs_q_reg[3]/C
  -------------------------------------------------------------------    -------------------
    SLICE_X71Y40         FDCE (Prop_fdce_C_Q)         0.456    -0.505 r  i_rstgen_main/i_rstgen_bypass/synch_regs_q_reg[3]/Q
                         net (fo=29, routed)          2.958     2.453    i_axi_dwidth_converter_dm_slave/inst/gen_downsizer.gen_simple_downsizer.axi_downsizer_inst/USE_WRITE.write_addr_inst/USE_B_CHANNEL.cmd_b_queue/inst/out
    SLICE_X95Y17         LUT1 (Prop_lut1_I0_O)        0.124     2.577 f  i_axi_dwidth_converter_dm_slave/inst/gen_downsizer.gen_simple_downsizer.axi_downsizer_inst/USE_WRITE.write_addr_inst/USE_B_CHANNEL.cmd_b_queue/inst/S_AXI_AREADY_I_i_1/O
                         net (fo=181, routed)         0.738     3.315    i_axi_dwidth_converter_dm_slave/inst/gen_downsizer.gen_simple_downsizer.axi_downsizer_inst/USE_WRITE.write_addr_inst/USE_B_CHANNEL.cmd_b_queue/inst/fifo_gen_inst/inst_fifo_gen/gconvfifo.rf/grf.rf/rstblk/ngwrdrst.grst.g7serrst.gnsckt_wrst.rst_wr_reg2_inst/src_arst
    SLICE_X97Y17         FDPE                                         f  i_axi_dwidth_converter_dm_slave/inst/gen_downsizer.gen_simple_downsizer.axi_downsizer_inst/USE_WRITE.write_addr_inst/USE_B_CHANNEL.cmd_b_queue/inst/fifo_gen_inst/inst_fifo_gen/gconvfifo.rf/grf.rf/rstblk/ngwrdrst.grst.g7serrst.gnsckt_wrst.rst_wr_reg2_inst/arststages_ff_reg[1]/PRE
  -------------------------------------------------------------------    -------------------

                         (clock clk_out1_xlnx_clk_gen rise edge)
                                                      0.000     0.000 r  
    K17                                               0.000     0.000 r  clk_sys (IN)
                         net (fo=0)                   0.000     0.000    i_xlnx_clk_gen/inst/clk_in1
    K17                  IBUF (Prop_ibuf_I_O)         1.404     1.404 r  i_xlnx_clk_gen/inst/clkin1_ibufg/O
                         net (fo=1, routed)           1.162     2.566    i_xlnx_clk_gen/inst/clk_in1_xlnx_clk_gen
    MMCME2_ADV_X1Y2      MMCME2_ADV (Prop_mmcme2_adv_CLKIN1_CLKOUT0)
                                                     -7.814    -5.248 r  i_xlnx_clk_gen/inst/mmcm_adv_inst/CLKOUT0
                         net (fo=1, routed)           2.012    -3.236    i_xlnx_clk_gen/inst/clk_out1_xlnx_clk_gen
    BUFGCTRL_X0Y16       BUFG (Prop_bufg_I_O)         0.091    -3.145 r  i_xlnx_clk_gen/inst/clkout1_buf/O
                         net (fo=15309, routed)       1.616    -1.529    i_axi_dwidth_converter_dm_slave/inst/gen_downsizer.gen_simple_downsizer.axi_downsizer_inst/USE_WRITE.write_addr_inst/USE_B_CHANNEL.cmd_b_queue/inst/fifo_gen_inst/inst_fifo_gen/gconvfifo.rf/grf.rf/rstblk/ngwrdrst.grst.g7serrst.gnsckt_wrst.rst_wr_reg2_inst/dest_clk
    SLICE_X97Y17         FDPE                                         r  i_axi_dwidth_converter_dm_slave/inst/gen_downsizer.gen_simple_downsizer.axi_downsizer_inst/USE_WRITE.write_addr_inst/USE_B_CHANNEL.cmd_b_queue/inst/fifo_gen_inst/inst_fifo_gen/gconvfifo.rf/grf.rf/rstblk/ngwrdrst.grst.g7serrst.gnsckt_wrst.rst_wr_reg2_inst/arststages_ff_reg[1]/C





Min Delay Paths
--------------------------------------------------------------------------------------
Slack:                    inf
  Source:                 i_rstgen_main/i_rstgen_bypass/synch_regs_q_reg[3]/C
                            (rising edge-triggered cell FDCE clocked by clk_out1_xlnx_clk_gen  {rise@0.000ns fall@15.625ns period=31.250ns})
  Destination:            i_axi_dwidth_converter_dm_slave/inst/gen_downsizer.gen_simple_downsizer.axi_downsizer_inst/USE_WRITE.write_addr_inst/USE_B_CHANNEL.cmd_b_queue/inst/fifo_gen_inst/inst_fifo_gen/gconvfifo.rf/grf.rf/rstblk/ngwrdrst.grst.g7serrst.gnsckt_wrst.rst_wr_reg2_inst/arststages_ff_reg[0]/PRE
                            (removal check against rising-edge clock clk_out1_xlnx_clk_gen  {rise@0.000ns fall@15.625ns period=31.250ns})
  Path Group:             (none)
  Path Type:              Removal (Min at Fast Process Corner)
  Data Path Delay:        1.728ns  (logic 0.186ns (10.765%)  route 1.542ns (89.235%))
  Logic Levels:           1  (LUT1=1)
  Clock Path Skew:        -0.219ns (DCD - SCD - CPR)
    Destination Clock Delay (DCD):    -0.840ns
    Source Clock Delay      (SCD):    -0.622ns
    Clock Pessimism Removal (CPR):    -0.000ns
  Clock Uncertainty:      0.085ns  ((TSJ^2 + DJ^2)^1/2) / 2 + PE
    Total System Jitter     (TSJ):    0.071ns
    Discrete Jitter          (DJ):    0.155ns
    Phase Error              (PE):    0.000ns
  Timing Exception:       False Path

    Location             Delay type                Incr(ns)  Path(ns)    Netlist Resource(s)
  -------------------------------------------------------------------    -------------------
                         (clock clk_out1_xlnx_clk_gen rise edge)
                                                      0.000     0.000 r  
    K17                                               0.000     0.000 r  clk_sys (IN)
                         net (fo=0)                   0.000     0.000    i_xlnx_clk_gen/inst/clk_in1
    K17                  IBUF (Prop_ibuf_I_O)         0.243     0.243 r  i_xlnx_clk_gen/inst/clkin1_ibufg/O
                         net (fo=1, routed)           0.440     0.683    i_xlnx_clk_gen/inst/clk_in1_xlnx_clk_gen
    MMCME2_ADV_X1Y2      MMCME2_ADV (Prop_mmcme2_adv_CLKIN1_CLKOUT0)
                                                     -2.613    -1.930 r  i_xlnx_clk_gen/inst/mmcm_adv_inst/CLKOUT0
                         net (fo=1, routed)           0.696    -1.233    i_xlnx_clk_gen/inst/clk_out1_xlnx_clk_gen
    BUFGCTRL_X0Y16       BUFG (Prop_bufg_I_O)         0.026    -1.207 r  i_xlnx_clk_gen/inst/clkout1_buf/O
                         net (fo=15309, routed)       0.586    -0.622    i_rstgen_main/i_rstgen_bypass/clk_out1
    SLICE_X71Y40         FDCE                                         r  i_rstgen_main/i_rstgen_bypass/synch_regs_q_reg[3]/C
  -------------------------------------------------------------------    -------------------
    SLICE_X71Y40         FDCE (Prop_fdce_C_Q)         0.141    -0.481 r  i_rstgen_main/i_rstgen_bypass/synch_regs_q_reg[3]/Q
                         net (fo=29, routed)          1.256     0.775    i_axi_dwidth_converter_dm_slave/inst/gen_downsizer.gen_simple_downsizer.axi_downsizer_inst/USE_WRITE.write_addr_inst/USE_B_CHANNEL.cmd_b_queue/inst/out
    SLICE_X95Y17         LUT1 (Prop_lut1_I0_O)        0.045     0.820 f  i_axi_dwidth_converter_dm_slave/inst/gen_downsizer.gen_simple_downsizer.axi_downsizer_inst/USE_WRITE.write_addr_inst/USE_B_CHANNEL.cmd_b_queue/inst/S_AXI_AREADY_I_i_1/O
                         net (fo=181, routed)         0.286     1.106    i_axi_dwidth_converter_dm_slave/inst/gen_downsizer.gen_simple_downsizer.axi_downsizer_inst/USE_WRITE.write_addr_inst/USE_B_CHANNEL.cmd_b_queue/inst/fifo_gen_inst/inst_fifo_gen/gconvfifo.rf/grf.rf/rstblk/ngwrdrst.grst.g7serrst.gnsckt_wrst.rst_wr_reg2_inst/src_arst
    SLICE_X97Y17         FDPE                                         f  i_axi_dwidth_converter_dm_slave/inst/gen_downsizer.gen_simple_downsizer.axi_downsizer_inst/USE_WRITE.write_addr_inst/USE_B_CHANNEL.cmd_b_queue/inst/fifo_gen_inst/inst_fifo_gen/gconvfifo.rf/grf.rf/rstblk/ngwrdrst.grst.g7serrst.gnsckt_wrst.rst_wr_reg2_inst/arststages_ff_reg[0]/PRE
  -------------------------------------------------------------------    -------------------

                         (clock clk_out1_xlnx_clk_gen rise edge)
                                                      0.000     0.000 r  
    K17                                               0.000     0.000 r  clk_sys (IN)
                         net (fo=0)                   0.000     0.000    i_xlnx_clk_gen/inst/clk_in1
    K17                  IBUF (Prop_ibuf_I_O)         0.431     0.431 r  i_xlnx_clk_gen/inst/clkin1_ibufg/O
                         net (fo=1, routed)           0.480     0.911    i_xlnx_clk_gen/inst/clk_in1_xlnx_clk_gen
    MMCME2_ADV_X1Y2      MMCME2_ADV (Prop_mmcme2_adv_CLKIN1_CLKOUT0)
                                                     -3.407    -2.496 r  i_xlnx_clk_gen/inst/mmcm_adv_inst/CLKOUT0
                         net (fo=1, routed)           0.752    -1.744    i_xlnx_clk_gen/inst/clk_out1_xlnx_clk_gen
    BUFGCTRL_X0Y16       BUFG (Prop_bufg_I_O)         0.029    -1.715 r  i_xlnx_clk_gen/inst/clkout1_buf/O
                         net (fo=15309, routed)       0.875    -0.840    i_axi_dwidth_converter_dm_slave/inst/gen_downsizer.gen_simple_downsizer.axi_downsizer_inst/USE_WRITE.write_addr_inst/USE_B_CHANNEL.cmd_b_queue/inst/fifo_gen_inst/inst_fifo_gen/gconvfifo.rf/grf.rf/rstblk/ngwrdrst.grst.g7serrst.gnsckt_wrst.rst_wr_reg2_inst/dest_clk
    SLICE_X97Y17         FDPE                                         r  i_axi_dwidth_converter_dm_slave/inst/gen_downsizer.gen_simple_downsizer.axi_downsizer_inst/USE_WRITE.write_addr_inst/USE_B_CHANNEL.cmd_b_queue/inst/fifo_gen_inst/inst_fifo_gen/gconvfifo.rf/grf.rf/rstblk/ngwrdrst.grst.g7serrst.gnsckt_wrst.rst_wr_reg2_inst/arststages_ff_reg[0]/C

Slack:                    inf
  Source:                 i_rstgen_main/i_rstgen_bypass/synch_regs_q_reg[3]/C
                            (rising edge-triggered cell FDCE clocked by clk_out1_xlnx_clk_gen  {rise@0.000ns fall@15.625ns period=31.250ns})
  Destination:            i_axi_dwidth_converter_dm_slave/inst/gen_downsizer.gen_simple_downsizer.axi_downsizer_inst/USE_WRITE.write_addr_inst/USE_B_CHANNEL.cmd_b_queue/inst/fifo_gen_inst/inst_fifo_gen/gconvfifo.rf/grf.rf/rstblk/ngwrdrst.grst.g7serrst.gnsckt_wrst.rst_wr_reg2_inst/arststages_ff_reg[1]/PRE
                            (removal check against rising-edge clock clk_out1_xlnx_clk_gen  {rise@0.000ns fall@15.625ns period=31.250ns})
  Path Group:             (none)
  Path Type:              Removal (Min at Fast Process Corner)
  Data Path Delay:        1.728ns  (logic 0.186ns (10.765%)  route 1.542ns (89.235%))
  Logic Levels:           1  (LUT1=1)
  Clock Path Skew:        -0.219ns (DCD - SCD - CPR)
    Destination Clock Delay (DCD):    -0.840ns
    Source Clock Delay      (SCD):    -0.622ns
    Clock Pessimism Removal (CPR):    -0.000ns
  Clock Uncertainty:      0.085ns  ((TSJ^2 + DJ^2)^1/2) / 2 + PE
    Total System Jitter     (TSJ):    0.071ns
    Discrete Jitter          (DJ):    0.155ns
    Phase Error              (PE):    0.000ns
  Timing Exception:       False Path

    Location             Delay type                Incr(ns)  Path(ns)    Netlist Resource(s)
  -------------------------------------------------------------------    -------------------
                         (clock clk_out1_xlnx_clk_gen rise edge)
                                                      0.000     0.000 r  
    K17                                               0.000     0.000 r  clk_sys (IN)
                         net (fo=0)                   0.000     0.000    i_xlnx_clk_gen/inst/clk_in1
    K17                  IBUF (Prop_ibuf_I_O)         0.243     0.243 r  i_xlnx_clk_gen/inst/clkin1_ibufg/O
                         net (fo=1, routed)           0.440     0.683    i_xlnx_clk_gen/inst/clk_in1_xlnx_clk_gen
    MMCME2_ADV_X1Y2      MMCME2_ADV (Prop_mmcme2_adv_CLKIN1_CLKOUT0)
                                                     -2.613    -1.930 r  i_xlnx_clk_gen/inst/mmcm_adv_inst/CLKOUT0
                         net (fo=1, routed)           0.696    -1.233    i_xlnx_clk_gen/inst/clk_out1_xlnx_clk_gen
    BUFGCTRL_X0Y16       BUFG (Prop_bufg_I_O)         0.026    -1.207 r  i_xlnx_clk_gen/inst/clkout1_buf/O
                         net (fo=15309, routed)       0.586    -0.622    i_rstgen_main/i_rstgen_bypass/clk_out1
    SLICE_X71Y40         FDCE                                         r  i_rstgen_main/i_rstgen_bypass/synch_regs_q_reg[3]/C
  -------------------------------------------------------------------    -------------------
    SLICE_X71Y40         FDCE (Prop_fdce_C_Q)         0.141    -0.481 r  i_rstgen_main/i_rstgen_bypass/synch_regs_q_reg[3]/Q
                         net (fo=29, routed)          1.256     0.775    i_axi_dwidth_converter_dm_slave/inst/gen_downsizer.gen_simple_downsizer.axi_downsizer_inst/USE_WRITE.write_addr_inst/USE_B_CHANNEL.cmd_b_queue/inst/out
    SLICE_X95Y17         LUT1 (Prop_lut1_I0_O)        0.045     0.820 f  i_axi_dwidth_converter_dm_slave/inst/gen_downsizer.gen_simple_downsizer.axi_downsizer_inst/USE_WRITE.write_addr_inst/USE_B_CHANNEL.cmd_b_queue/inst/S_AXI_AREADY_I_i_1/O
                         net (fo=181, routed)         0.286     1.106    i_axi_dwidth_converter_dm_slave/inst/gen_downsizer.gen_simple_downsizer.axi_downsizer_inst/USE_WRITE.write_addr_inst/USE_B_CHANNEL.cmd_b_queue/inst/fifo_gen_inst/inst_fifo_gen/gconvfifo.rf/grf.rf/rstblk/ngwrdrst.grst.g7serrst.gnsckt_wrst.rst_wr_reg2_inst/src_arst
    SLICE_X97Y17         FDPE                                         f  i_axi_dwidth_converter_dm_slave/inst/gen_downsizer.gen_simple_downsizer.axi_downsizer_inst/USE_WRITE.write_addr_inst/USE_B_CHANNEL.cmd_b_queue/inst/fifo_gen_inst/inst_fifo_gen/gconvfifo.rf/grf.rf/rstblk/ngwrdrst.grst.g7serrst.gnsckt_wrst.rst_wr_reg2_inst/arststages_ff_reg[1]/PRE
  -------------------------------------------------------------------    -------------------

                         (clock clk_out1_xlnx_clk_gen rise edge)
                                                      0.000     0.000 r  
    K17                                               0.000     0.000 r  clk_sys (IN)
                         net (fo=0)                   0.000     0.000    i_xlnx_clk_gen/inst/clk_in1
    K17                  IBUF (Prop_ibuf_I_O)         0.431     0.431 r  i_xlnx_clk_gen/inst/clkin1_ibufg/O
                         net (fo=1, routed)           0.480     0.911    i_xlnx_clk_gen/inst/clk_in1_xlnx_clk_gen
    MMCME2_ADV_X1Y2      MMCME2_ADV (Prop_mmcme2_adv_CLKIN1_CLKOUT0)
                                                     -3.407    -2.496 r  i_xlnx_clk_gen/inst/mmcm_adv_inst/CLKOUT0
                         net (fo=1, routed)           0.752    -1.744    i_xlnx_clk_gen/inst/clk_out1_xlnx_clk_gen
    BUFGCTRL_X0Y16       BUFG (Prop_bufg_I_O)         0.029    -1.715 r  i_xlnx_clk_gen/inst/clkout1_buf/O
                         net (fo=15309, routed)       0.875    -0.840    i_axi_dwidth_converter_dm_slave/inst/gen_downsizer.gen_simple_downsizer.axi_downsizer_inst/USE_WRITE.write_addr_inst/USE_B_CHANNEL.cmd_b_queue/inst/fifo_gen_inst/inst_fifo_gen/gconvfifo.rf/grf.rf/rstblk/ngwrdrst.grst.g7serrst.gnsckt_wrst.rst_wr_reg2_inst/dest_clk
    SLICE_X97Y17         FDPE                                         r  i_axi_dwidth_converter_dm_slave/inst/gen_downsizer.gen_simple_downsizer.axi_downsizer_inst/USE_WRITE.write_addr_inst/USE_B_CHANNEL.cmd_b_queue/inst/fifo_gen_inst/inst_fifo_gen/gconvfifo.rf/grf.rf/rstblk/ngwrdrst.grst.g7serrst.gnsckt_wrst.rst_wr_reg2_inst/arststages_ff_reg[1]/C

Slack:                    inf
  Source:                 i_rstgen_main/i_rstgen_bypass/synch_regs_q_reg[3]/C
                            (rising edge-triggered cell FDCE clocked by clk_out1_xlnx_clk_gen  {rise@0.000ns fall@15.625ns period=31.250ns})
  Destination:            i_axi_dwidth_converter_dm_slave/inst/gen_downsizer.gen_simple_downsizer.axi_downsizer_inst/USE_READ.read_addr_inst/cmd_queue/inst/fifo_gen_inst/inst_fifo_gen/gconvfifo.rf/grf.rf/rstblk/ngwrdrst.grst.g7serrst.gnsckt_wrst.rst_wr_reg2_inst/arststages_ff_reg[0]/PRE
                            (removal check against rising-edge clock clk_out1_xlnx_clk_gen  {rise@0.000ns fall@15.625ns period=31.250ns})
  Path Group:             (none)
  Path Type:              Removal (Min at Fast Process Corner)
  Data Path Delay:        2.042ns  (logic 0.186ns (9.109%)  route 1.856ns (90.891%))
  Logic Levels:           1  (LUT1=1)
  Clock Path Skew:        -0.245ns (DCD - SCD - CPR)
    Destination Clock Delay (DCD):    -0.866ns
    Source Clock Delay      (SCD):    -0.622ns
    Clock Pessimism Removal (CPR):    -0.000ns
  Clock Uncertainty:      0.085ns  ((TSJ^2 + DJ^2)^1/2) / 2 + PE
    Total System Jitter     (TSJ):    0.071ns
    Discrete Jitter          (DJ):    0.155ns
    Phase Error              (PE):    0.000ns
  Timing Exception:       False Path

    Location             Delay type                Incr(ns)  Path(ns)    Netlist Resource(s)
  -------------------------------------------------------------------    -------------------
                         (clock clk_out1_xlnx_clk_gen rise edge)
                                                      0.000     0.000 r  
    K17                                               0.000     0.000 r  clk_sys (IN)
                         net (fo=0)                   0.000     0.000    i_xlnx_clk_gen/inst/clk_in1
    K17                  IBUF (Prop_ibuf_I_O)         0.243     0.243 r  i_xlnx_clk_gen/inst/clkin1_ibufg/O
                         net (fo=1, routed)           0.440     0.683    i_xlnx_clk_gen/inst/clk_in1_xlnx_clk_gen
    MMCME2_ADV_X1Y2      MMCME2_ADV (Prop_mmcme2_adv_CLKIN1_CLKOUT0)
                                                     -2.613    -1.930 r  i_xlnx_clk_gen/inst/mmcm_adv_inst/CLKOUT0
                         net (fo=1, routed)           0.696    -1.233    i_xlnx_clk_gen/inst/clk_out1_xlnx_clk_gen
    BUFGCTRL_X0Y16       BUFG (Prop_bufg_I_O)         0.026    -1.207 r  i_xlnx_clk_gen/inst/clkout1_buf/O
                         net (fo=15309, routed)       0.586    -0.622    i_rstgen_main/i_rstgen_bypass/clk_out1
    SLICE_X71Y40         FDCE                                         r  i_rstgen_main/i_rstgen_bypass/synch_regs_q_reg[3]/C
  -------------------------------------------------------------------    -------------------
    SLICE_X71Y40         FDCE (Prop_fdce_C_Q)         0.141    -0.481 r  i_rstgen_main/i_rstgen_bypass/synch_regs_q_reg[3]/Q
                         net (fo=29, routed)          1.256     0.775    i_axi_dwidth_converter_dm_slave/inst/gen_downsizer.gen_simple_downsizer.axi_downsizer_inst/USE_WRITE.write_addr_inst/USE_B_CHANNEL.cmd_b_queue/inst/out
    SLICE_X95Y17         LUT1 (Prop_lut1_I0_O)        0.045     0.820 f  i_axi_dwidth_converter_dm_slave/inst/gen_downsizer.gen_simple_downsizer.axi_downsizer_inst/USE_WRITE.write_addr_inst/USE_B_CHANNEL.cmd_b_queue/inst/S_AXI_AREADY_I_i_1/O
                         net (fo=181, routed)         0.600     1.420    i_axi_dwidth_converter_dm_slave/inst/gen_downsizer.gen_simple_downsizer.axi_downsizer_inst/USE_READ.read_addr_inst/cmd_queue/inst/fifo_gen_inst/inst_fifo_gen/gconvfifo.rf/grf.rf/rstblk/ngwrdrst.grst.g7serrst.gnsckt_wrst.rst_wr_reg2_inst/src_arst
    SLICE_X89Y18         FDPE                                         f  i_axi_dwidth_converter_dm_slave/inst/gen_downsizer.gen_simple_downsizer.axi_downsizer_inst/USE_READ.read_addr_inst/cmd_queue/inst/fifo_gen_inst/inst_fifo_gen/gconvfifo.rf/grf.rf/rstblk/ngwrdrst.grst.g7serrst.gnsckt_wrst.rst_wr_reg2_inst/arststages_ff_reg[0]/PRE
  -------------------------------------------------------------------    -------------------

                         (clock clk_out1_xlnx_clk_gen rise edge)
                                                      0.000     0.000 r  
    K17                                               0.000     0.000 r  clk_sys (IN)
                         net (fo=0)                   0.000     0.000    i_xlnx_clk_gen/inst/clk_in1
    K17                  IBUF (Prop_ibuf_I_O)         0.431     0.431 r  i_xlnx_clk_gen/inst/clkin1_ibufg/O
                         net (fo=1, routed)           0.480     0.911    i_xlnx_clk_gen/inst/clk_in1_xlnx_clk_gen
    MMCME2_ADV_X1Y2      MMCME2_ADV (Prop_mmcme2_adv_CLKIN1_CLKOUT0)
                                                     -3.407    -2.496 r  i_xlnx_clk_gen/inst/mmcm_adv_inst/CLKOUT0
                         net (fo=1, routed)           0.752    -1.744    i_xlnx_clk_gen/inst/clk_out1_xlnx_clk_gen
    BUFGCTRL_X0Y16       BUFG (Prop_bufg_I_O)         0.029    -1.715 r  i_xlnx_clk_gen/inst/clkout1_buf/O
                         net (fo=15309, routed)       0.849    -0.866    i_axi_dwidth_converter_dm_slave/inst/gen_downsizer.gen_simple_downsizer.axi_downsizer_inst/USE_READ.read_addr_inst/cmd_queue/inst/fifo_gen_inst/inst_fifo_gen/gconvfifo.rf/grf.rf/rstblk/ngwrdrst.grst.g7serrst.gnsckt_wrst.rst_wr_reg2_inst/dest_clk
    SLICE_X89Y18         FDPE                                         r  i_axi_dwidth_converter_dm_slave/inst/gen_downsizer.gen_simple_downsizer.axi_downsizer_inst/USE_READ.read_addr_inst/cmd_queue/inst/fifo_gen_inst/inst_fifo_gen/gconvfifo.rf/grf.rf/rstblk/ngwrdrst.grst.g7serrst.gnsckt_wrst.rst_wr_reg2_inst/arststages_ff_reg[0]/C

Slack:                    inf
  Source:                 i_rstgen_main/i_rstgen_bypass/synch_regs_q_reg[3]/C
                            (rising edge-triggered cell FDCE clocked by clk_out1_xlnx_clk_gen  {rise@0.000ns fall@15.625ns period=31.250ns})
  Destination:            i_axi_dwidth_converter_dm_slave/inst/gen_downsizer.gen_simple_downsizer.axi_downsizer_inst/USE_READ.read_addr_inst/cmd_queue/inst/fifo_gen_inst/inst_fifo_gen/gconvfifo.rf/grf.rf/rstblk/ngwrdrst.grst.g7serrst.gnsckt_wrst.rst_wr_reg2_inst/arststages_ff_reg[1]/PRE
                            (removal check against rising-edge clock clk_out1_xlnx_clk_gen  {rise@0.000ns fall@15.625ns period=31.250ns})
  Path Group:             (none)
  Path Type:              Removal (Min at Fast Process Corner)
  Data Path Delay:        2.042ns  (logic 0.186ns (9.109%)  route 1.856ns (90.891%))
  Logic Levels:           1  (LUT1=1)
  Clock Path Skew:        -0.245ns (DCD - SCD - CPR)
    Destination Clock Delay (DCD):    -0.866ns
    Source Clock Delay      (SCD):    -0.622ns
    Clock Pessimism Removal (CPR):    -0.000ns
  Clock Uncertainty:      0.085ns  ((TSJ^2 + DJ^2)^1/2) / 2 + PE
    Total System Jitter     (TSJ):    0.071ns
    Discrete Jitter          (DJ):    0.155ns
    Phase Error              (PE):    0.000ns
  Timing Exception:       False Path

    Location             Delay type                Incr(ns)  Path(ns)    Netlist Resource(s)
  -------------------------------------------------------------------    -------------------
                         (clock clk_out1_xlnx_clk_gen rise edge)
                                                      0.000     0.000 r  
    K17                                               0.000     0.000 r  clk_sys (IN)
                         net (fo=0)                   0.000     0.000    i_xlnx_clk_gen/inst/clk_in1
    K17                  IBUF (Prop_ibuf_I_O)         0.243     0.243 r  i_xlnx_clk_gen/inst/clkin1_ibufg/O
                         net (fo=1, routed)           0.440     0.683    i_xlnx_clk_gen/inst/clk_in1_xlnx_clk_gen
    MMCME2_ADV_X1Y2      MMCME2_ADV (Prop_mmcme2_adv_CLKIN1_CLKOUT0)
                                                     -2.613    -1.930 r  i_xlnx_clk_gen/inst/mmcm_adv_inst/CLKOUT0
                         net (fo=1, routed)           0.696    -1.233    i_xlnx_clk_gen/inst/clk_out1_xlnx_clk_gen
    BUFGCTRL_X0Y16       BUFG (Prop_bufg_I_O)         0.026    -1.207 r  i_xlnx_clk_gen/inst/clkout1_buf/O
                         net (fo=15309, routed)       0.586    -0.622    i_rstgen_main/i_rstgen_bypass/clk_out1
    SLICE_X71Y40         FDCE                                         r  i_rstgen_main/i_rstgen_bypass/synch_regs_q_reg[3]/C
  -------------------------------------------------------------------    -------------------
    SLICE_X71Y40         FDCE (Prop_fdce_C_Q)         0.141    -0.481 r  i_rstgen_main/i_rstgen_bypass/synch_regs_q_reg[3]/Q
                         net (fo=29, routed)          1.256     0.775    i_axi_dwidth_converter_dm_slave/inst/gen_downsizer.gen_simple_downsizer.axi_downsizer_inst/USE_WRITE.write_addr_inst/USE_B_CHANNEL.cmd_b_queue/inst/out
    SLICE_X95Y17         LUT1 (Prop_lut1_I0_O)        0.045     0.820 f  i_axi_dwidth_converter_dm_slave/inst/gen_downsizer.gen_simple_downsizer.axi_downsizer_inst/USE_WRITE.write_addr_inst/USE_B_CHANNEL.cmd_b_queue/inst/S_AXI_AREADY_I_i_1/O
                         net (fo=181, routed)         0.600     1.420    i_axi_dwidth_converter_dm_slave/inst/gen_downsizer.gen_simple_downsizer.axi_downsizer_inst/USE_READ.read_addr_inst/cmd_queue/inst/fifo_gen_inst/inst_fifo_gen/gconvfifo.rf/grf.rf/rstblk/ngwrdrst.grst.g7serrst.gnsckt_wrst.rst_wr_reg2_inst/src_arst
    SLICE_X89Y18         FDPE                                         f  i_axi_dwidth_converter_dm_slave/inst/gen_downsizer.gen_simple_downsizer.axi_downsizer_inst/USE_READ.read_addr_inst/cmd_queue/inst/fifo_gen_inst/inst_fifo_gen/gconvfifo.rf/grf.rf/rstblk/ngwrdrst.grst.g7serrst.gnsckt_wrst.rst_wr_reg2_inst/arststages_ff_reg[1]/PRE
  -------------------------------------------------------------------    -------------------

                         (clock clk_out1_xlnx_clk_gen rise edge)
                                                      0.000     0.000 r  
    K17                                               0.000     0.000 r  clk_sys (IN)
                         net (fo=0)                   0.000     0.000    i_xlnx_clk_gen/inst/clk_in1
    K17                  IBUF (Prop_ibuf_I_O)         0.431     0.431 r  i_xlnx_clk_gen/inst/clkin1_ibufg/O
                         net (fo=1, routed)           0.480     0.911    i_xlnx_clk_gen/inst/clk_in1_xlnx_clk_gen
    MMCME2_ADV_X1Y2      MMCME2_ADV (Prop_mmcme2_adv_CLKIN1_CLKOUT0)
                                                     -3.407    -2.496 r  i_xlnx_clk_gen/inst/mmcm_adv_inst/CLKOUT0
                         net (fo=1, routed)           0.752    -1.744    i_xlnx_clk_gen/inst/clk_out1_xlnx_clk_gen
    BUFGCTRL_X0Y16       BUFG (Prop_bufg_I_O)         0.029    -1.715 r  i_xlnx_clk_gen/inst/clkout1_buf/O
                         net (fo=15309, routed)       0.849    -0.866    i_axi_dwidth_converter_dm_slave/inst/gen_downsizer.gen_simple_downsizer.axi_downsizer_inst/USE_READ.read_addr_inst/cmd_queue/inst/fifo_gen_inst/inst_fifo_gen/gconvfifo.rf/grf.rf/rstblk/ngwrdrst.grst.g7serrst.gnsckt_wrst.rst_wr_reg2_inst/dest_clk
    SLICE_X89Y18         FDPE                                         r  i_axi_dwidth_converter_dm_slave/inst/gen_downsizer.gen_simple_downsizer.axi_downsizer_inst/USE_READ.read_addr_inst/cmd_queue/inst/fifo_gen_inst/inst_fifo_gen/gconvfifo.rf/grf.rf/rstblk/ngwrdrst.grst.g7serrst.gnsckt_wrst.rst_wr_reg2_inst/arststages_ff_reg[1]/C

Slack:                    inf
  Source:                 i_rstgen_main/i_rstgen_bypass/synch_regs_q_reg[3]/C
                            (rising edge-triggered cell FDCE clocked by clk_out1_xlnx_clk_gen  {rise@0.000ns fall@15.625ns period=31.250ns})
  Destination:            i_axi_dwidth_converter_dm_slave/inst/gen_downsizer.gen_simple_downsizer.axi_downsizer_inst/USE_WRITE.write_addr_inst/cmd_queue/inst/fifo_gen_inst/inst_fifo_gen/gconvfifo.rf/grf.rf/rstblk/ngwrdrst.grst.g7serrst.gnsckt_wrst.rst_wr_reg2_inst/arststages_ff_reg[0]/PRE
                            (removal check against rising-edge clock clk_out1_xlnx_clk_gen  {rise@0.000ns fall@15.625ns period=31.250ns})
  Path Group:             (none)
  Path Type:              Removal (Min at Fast Process Corner)
  Data Path Delay:        2.478ns  (logic 0.186ns (7.507%)  route 2.292ns (92.493%))
  Logic Levels:           1  (LUT1=1)
  Clock Path Skew:        -0.218ns (DCD - SCD - CPR)
    Destination Clock Delay (DCD):    -0.839ns
    Source Clock Delay      (SCD):    -0.622ns
    Clock Pessimism Removal (CPR):    -0.000ns
  Clock Uncertainty:      0.085ns  ((TSJ^2 + DJ^2)^1/2) / 2 + PE
    Total System Jitter     (TSJ):    0.071ns
    Discrete Jitter          (DJ):    0.155ns
    Phase Error              (PE):    0.000ns
  Timing Exception:       False Path

    Location             Delay type                Incr(ns)  Path(ns)    Netlist Resource(s)
  -------------------------------------------------------------------    -------------------
                         (clock clk_out1_xlnx_clk_gen rise edge)
                                                      0.000     0.000 r  
    K17                                               0.000     0.000 r  clk_sys (IN)
                         net (fo=0)                   0.000     0.000    i_xlnx_clk_gen/inst/clk_in1
    K17                  IBUF (Prop_ibuf_I_O)         0.243     0.243 r  i_xlnx_clk_gen/inst/clkin1_ibufg/O
                         net (fo=1, routed)           0.440     0.683    i_xlnx_clk_gen/inst/clk_in1_xlnx_clk_gen
    MMCME2_ADV_X1Y2      MMCME2_ADV (Prop_mmcme2_adv_CLKIN1_CLKOUT0)
                                                     -2.613    -1.930 r  i_xlnx_clk_gen/inst/mmcm_adv_inst/CLKOUT0
                         net (fo=1, routed)           0.696    -1.233    i_xlnx_clk_gen/inst/clk_out1_xlnx_clk_gen
    BUFGCTRL_X0Y16       BUFG (Prop_bufg_I_O)         0.026    -1.207 r  i_xlnx_clk_gen/inst/clkout1_buf/O
                         net (fo=15309, routed)       0.586    -0.622    i_rstgen_main/i_rstgen_bypass/clk_out1
    SLICE_X71Y40         FDCE                                         r  i_rstgen_main/i_rstgen_bypass/synch_regs_q_reg[3]/C
  -------------------------------------------------------------------    -------------------
    SLICE_X71Y40         FDCE (Prop_fdce_C_Q)         0.141    -0.481 r  i_rstgen_main/i_rstgen_bypass/synch_regs_q_reg[3]/Q
                         net (fo=29, routed)          1.256     0.775    i_axi_dwidth_converter_dm_slave/inst/gen_downsizer.gen_simple_downsizer.axi_downsizer_inst/USE_WRITE.write_addr_inst/USE_B_CHANNEL.cmd_b_queue/inst/out
    SLICE_X95Y17         LUT1 (Prop_lut1_I0_O)        0.045     0.820 f  i_axi_dwidth_converter_dm_slave/inst/gen_downsizer.gen_simple_downsizer.axi_downsizer_inst/USE_WRITE.write_addr_inst/USE_B_CHANNEL.cmd_b_queue/inst/S_AXI_AREADY_I_i_1/O
                         net (fo=181, routed)         1.036     1.856    i_axi_dwidth_converter_dm_slave/inst/gen_downsizer.gen_simple_downsizer.axi_downsizer_inst/USE_WRITE.write_addr_inst/cmd_queue/inst/fifo_gen_inst/inst_fifo_gen/gconvfifo.rf/grf.rf/rstblk/ngwrdrst.grst.g7serrst.gnsckt_wrst.rst_wr_reg2_inst/src_arst
    SLICE_X91Y14         FDPE                                         f  i_axi_dwidth_converter_dm_slave/inst/gen_downsizer.gen_simple_downsizer.axi_downsizer_inst/USE_WRITE.write_addr_inst/cmd_queue/inst/fifo_gen_inst/inst_fifo_gen/gconvfifo.rf/grf.rf/rstblk/ngwrdrst.grst.g7serrst.gnsckt_wrst.rst_wr_reg2_inst/arststages_ff_reg[0]/PRE
  -------------------------------------------------------------------    -------------------

                         (clock clk_out1_xlnx_clk_gen rise edge)
                                                      0.000     0.000 r  
    K17                                               0.000     0.000 r  clk_sys (IN)
                         net (fo=0)                   0.000     0.000    i_xlnx_clk_gen/inst/clk_in1
    K17                  IBUF (Prop_ibuf_I_O)         0.431     0.431 r  i_xlnx_clk_gen/inst/clkin1_ibufg/O
                         net (fo=1, routed)           0.480     0.911    i_xlnx_clk_gen/inst/clk_in1_xlnx_clk_gen
    MMCME2_ADV_X1Y2      MMCME2_ADV (Prop_mmcme2_adv_CLKIN1_CLKOUT0)
                                                     -3.407    -2.496 r  i_xlnx_clk_gen/inst/mmcm_adv_inst/CLKOUT0
                         net (fo=1, routed)           0.752    -1.744    i_xlnx_clk_gen/inst/clk_out1_xlnx_clk_gen
    BUFGCTRL_X0Y16       BUFG (Prop_bufg_I_O)         0.029    -1.715 r  i_xlnx_clk_gen/inst/clkout1_buf/O
                         net (fo=15309, routed)       0.876    -0.839    i_axi_dwidth_converter_dm_slave/inst/gen_downsizer.gen_simple_downsizer.axi_downsizer_inst/USE_WRITE.write_addr_inst/cmd_queue/inst/fifo_gen_inst/inst_fifo_gen/gconvfifo.rf/grf.rf/rstblk/ngwrdrst.grst.g7serrst.gnsckt_wrst.rst_wr_reg2_inst/dest_clk
    SLICE_X91Y14         FDPE                                         r  i_axi_dwidth_converter_dm_slave/inst/gen_downsizer.gen_simple_downsizer.axi_downsizer_inst/USE_WRITE.write_addr_inst/cmd_queue/inst/fifo_gen_inst/inst_fifo_gen/gconvfifo.rf/grf.rf/rstblk/ngwrdrst.grst.g7serrst.gnsckt_wrst.rst_wr_reg2_inst/arststages_ff_reg[0]/C

Slack:                    inf
  Source:                 i_rstgen_main/i_rstgen_bypass/synch_regs_q_reg[3]/C
                            (rising edge-triggered cell FDCE clocked by clk_out1_xlnx_clk_gen  {rise@0.000ns fall@15.625ns period=31.250ns})
  Destination:            i_axi_dwidth_converter_dm_slave/inst/gen_downsizer.gen_simple_downsizer.axi_downsizer_inst/USE_WRITE.write_addr_inst/cmd_queue/inst/fifo_gen_inst/inst_fifo_gen/gconvfifo.rf/grf.rf/rstblk/ngwrdrst.grst.g7serrst.gnsckt_wrst.rst_wr_reg2_inst/arststages_ff_reg[1]/PRE
                            (removal check against rising-edge clock clk_out1_xlnx_clk_gen  {rise@0.000ns fall@15.625ns period=31.250ns})
  Path Group:             (none)
  Path Type:              Removal (Min at Fast Process Corner)
  Data Path Delay:        2.478ns  (logic 0.186ns (7.507%)  route 2.292ns (92.493%))
  Logic Levels:           1  (LUT1=1)
  Clock Path Skew:        -0.218ns (DCD - SCD - CPR)
    Destination Clock Delay (DCD):    -0.839ns
    Source Clock Delay      (SCD):    -0.622ns
    Clock Pessimism Removal (CPR):    -0.000ns
  Clock Uncertainty:      0.085ns  ((TSJ^2 + DJ^2)^1/2) / 2 + PE
    Total System Jitter     (TSJ):    0.071ns
    Discrete Jitter          (DJ):    0.155ns
    Phase Error              (PE):    0.000ns
  Timing Exception:       False Path

    Location             Delay type                Incr(ns)  Path(ns)    Netlist Resource(s)
  -------------------------------------------------------------------    -------------------
                         (clock clk_out1_xlnx_clk_gen rise edge)
                                                      0.000     0.000 r  
    K17                                               0.000     0.000 r  clk_sys (IN)
                         net (fo=0)                   0.000     0.000    i_xlnx_clk_gen/inst/clk_in1
    K17                  IBUF (Prop_ibuf_I_O)         0.243     0.243 r  i_xlnx_clk_gen/inst/clkin1_ibufg/O
                         net (fo=1, routed)           0.440     0.683    i_xlnx_clk_gen/inst/clk_in1_xlnx_clk_gen
    MMCME2_ADV_X1Y2      MMCME2_ADV (Prop_mmcme2_adv_CLKIN1_CLKOUT0)
                                                     -2.613    -1.930 r  i_xlnx_clk_gen/inst/mmcm_adv_inst/CLKOUT0
                         net (fo=1, routed)           0.696    -1.233    i_xlnx_clk_gen/inst/clk_out1_xlnx_clk_gen
    BUFGCTRL_X0Y16       BUFG (Prop_bufg_I_O)         0.026    -1.207 r  i_xlnx_clk_gen/inst/clkout1_buf/O
                         net (fo=15309, routed)       0.586    -0.622    i_rstgen_main/i_rstgen_bypass/clk_out1
    SLICE_X71Y40         FDCE                                         r  i_rstgen_main/i_rstgen_bypass/synch_regs_q_reg[3]/C
  -------------------------------------------------------------------    -------------------
    SLICE_X71Y40         FDCE (Prop_fdce_C_Q)         0.141    -0.481 r  i_rstgen_main/i_rstgen_bypass/synch_regs_q_reg[3]/Q
                         net (fo=29, routed)          1.256     0.775    i_axi_dwidth_converter_dm_slave/inst/gen_downsizer.gen_simple_downsizer.axi_downsizer_inst/USE_WRITE.write_addr_inst/USE_B_CHANNEL.cmd_b_queue/inst/out
    SLICE_X95Y17         LUT1 (Prop_lut1_I0_O)        0.045     0.820 f  i_axi_dwidth_converter_dm_slave/inst/gen_downsizer.gen_simple_downsizer.axi_downsizer_inst/USE_WRITE.write_addr_inst/USE_B_CHANNEL.cmd_b_queue/inst/S_AXI_AREADY_I_i_1/O
                         net (fo=181, routed)         1.036     1.856    i_axi_dwidth_converter_dm_slave/inst/gen_downsizer.gen_simple_downsizer.axi_downsizer_inst/USE_WRITE.write_addr_inst/cmd_queue/inst/fifo_gen_inst/inst_fifo_gen/gconvfifo.rf/grf.rf/rstblk/ngwrdrst.grst.g7serrst.gnsckt_wrst.rst_wr_reg2_inst/src_arst
    SLICE_X91Y14         FDPE                                         f  i_axi_dwidth_converter_dm_slave/inst/gen_downsizer.gen_simple_downsizer.axi_downsizer_inst/USE_WRITE.write_addr_inst/cmd_queue/inst/fifo_gen_inst/inst_fifo_gen/gconvfifo.rf/grf.rf/rstblk/ngwrdrst.grst.g7serrst.gnsckt_wrst.rst_wr_reg2_inst/arststages_ff_reg[1]/PRE
  -------------------------------------------------------------------    -------------------

                         (clock clk_out1_xlnx_clk_gen rise edge)
                                                      0.000     0.000 r  
    K17                                               0.000     0.000 r  clk_sys (IN)
                         net (fo=0)                   0.000     0.000    i_xlnx_clk_gen/inst/clk_in1
    K17                  IBUF (Prop_ibuf_I_O)         0.431     0.431 r  i_xlnx_clk_gen/inst/clkin1_ibufg/O
                         net (fo=1, routed)           0.480     0.911    i_xlnx_clk_gen/inst/clk_in1_xlnx_clk_gen
    MMCME2_ADV_X1Y2      MMCME2_ADV (Prop_mmcme2_adv_CLKIN1_CLKOUT0)
                                                     -3.407    -2.496 r  i_xlnx_clk_gen/inst/mmcm_adv_inst/CLKOUT0
                         net (fo=1, routed)           0.752    -1.744    i_xlnx_clk_gen/inst/clk_out1_xlnx_clk_gen
    BUFGCTRL_X0Y16       BUFG (Prop_bufg_I_O)         0.029    -1.715 r  i_xlnx_clk_gen/inst/clkout1_buf/O
                         net (fo=15309, routed)       0.876    -0.839    i_axi_dwidth_converter_dm_slave/inst/gen_downsizer.gen_simple_downsizer.axi_downsizer_inst/USE_WRITE.write_addr_inst/cmd_queue/inst/fifo_gen_inst/inst_fifo_gen/gconvfifo.rf/grf.rf/rstblk/ngwrdrst.grst.g7serrst.gnsckt_wrst.rst_wr_reg2_inst/dest_clk
    SLICE_X91Y14         FDPE                                         r  i_axi_dwidth_converter_dm_slave/inst/gen_downsizer.gen_simple_downsizer.axi_downsizer_inst/USE_WRITE.write_addr_inst/cmd_queue/inst/fifo_gen_inst/inst_fifo_gen/gconvfifo.rf/grf.rf/rstblk/ngwrdrst.grst.g7serrst.gnsckt_wrst.rst_wr_reg2_inst/arststages_ff_reg[1]/C





--------------------------------------------------------------------------------------
Path Group:  (none)
From Clock:  
  To Clock:  tck

Max Delay           258 Endpoints
Min Delay           258 Endpoints
--------------------------------------------------------------------------------------


Max Delay Paths
--------------------------------------------------------------------------------------
Slack:                    inf
  Source:                 trst_n
                            (input port)
  Destination:            i_dmi_jtag/i_dmi_cdc/i_cdc_req/i_src/data_src_q_reg[data][18]/CLR
                            (recovery check against rising-edge clock tck  {rise@0.000ns fall@62.500ns period=125.000ns})
  Path Group:             (none)
  Path Type:              Recovery (Max at Slow Process Corner)
  Data Path Delay:        8.198ns  (logic 1.694ns (20.666%)  route 6.504ns (79.334%))
  Logic Levels:           2  (IBUF=1 LUT1=1)
  Clock Path Skew:        6.257ns (DCD - SCD + CPR)
    Destination Clock Delay (DCD):    6.257ns
    Source Clock Delay      (SCD):    0.000ns
    Clock Pessimism Removal (CPR):    0.000ns
  Clock Uncertainty:      0.501ns  ((TSJ^2 + TIJ^2)^1/2 + DJ) / 2 + PE
    Total System Jitter     (TSJ):    0.050ns
    Total Input Jitter      (TIJ):    1.000ns
    Discrete Jitter          (DJ):    0.000ns
    Phase Error              (PE):    0.000ns
  Timing Exception:       False Path

    Location             Delay type                Incr(ns)  Path(ns)    Netlist Resource(s)
  -------------------------------------------------------------------    -------------------
    V13                                               0.000     0.000 r  trst_n (IN)
                         net (fo=0)                   0.000     0.000    trst_n
    V13                  IBUF (Prop_ibuf_I_O)         1.570     1.570 r  trst_n_IBUF_inst/O
                         net (fo=1, routed)           1.387     2.957    i_dmi_jtag/i_dmi_jtag_tap/trst_n_IBUF
    SLICE_X112Y91        LUT1 (Prop_lut1_I0_O)        0.124     3.081 f  i_dmi_jtag/i_dmi_jtag_tap/FSM_onehot_tap_state_q[15]_i_2/O
                         net (fo=258, routed)         5.117     8.198    i_dmi_jtag/i_dmi_cdc/i_cdc_req/i_src/data_src_q_reg[data][0]_0
    SLICE_X99Y34         FDCE                                         f  i_dmi_jtag/i_dmi_cdc/i_cdc_req/i_src/data_src_q_reg[data][18]/CLR
  -------------------------------------------------------------------    -------------------

                         (clock tck rise edge)        0.000     0.000 r  
    H15                                               0.000     0.000 r  tck (IN)
                         net (fo=0)                   0.000     0.000    tck
    H15                  IBUF (Prop_ibuf_I_O)         1.430     1.430 r  tck_IBUF_inst/O
                         net (fo=1, routed)           3.120     4.550    tck_IBUF
    BUFGCTRL_X0Y0        BUFG (Prop_bufg_I_O)         0.091     4.641 r  tck_IBUF_BUFG_inst/O
                         net (fo=258, routed)         1.616     6.257    i_dmi_jtag/i_dmi_cdc/i_cdc_req/i_src/CLK
    SLICE_X99Y34         FDCE                                         r  i_dmi_jtag/i_dmi_cdc/i_cdc_req/i_src/data_src_q_reg[data][18]/C

Slack:                    inf
  Source:                 trst_n
                            (input port)
  Destination:            i_dmi_jtag/i_dmi_cdc/i_cdc_req/i_src/data_src_q_reg[data][23]/CLR
                            (recovery check against rising-edge clock tck  {rise@0.000ns fall@62.500ns period=125.000ns})
  Path Group:             (none)
  Path Type:              Recovery (Max at Slow Process Corner)
  Data Path Delay:        8.198ns  (logic 1.694ns (20.666%)  route 6.504ns (79.334%))
  Logic Levels:           2  (IBUF=1 LUT1=1)
  Clock Path Skew:        6.257ns (DCD - SCD + CPR)
    Destination Clock Delay (DCD):    6.257ns
    Source Clock Delay      (SCD):    0.000ns
    Clock Pessimism Removal (CPR):    0.000ns
  Clock Uncertainty:      0.501ns  ((TSJ^2 + TIJ^2)^1/2 + DJ) / 2 + PE
    Total System Jitter     (TSJ):    0.050ns
    Total Input Jitter      (TIJ):    1.000ns
    Discrete Jitter          (DJ):    0.000ns
    Phase Error              (PE):    0.000ns
  Timing Exception:       False Path

    Location             Delay type                Incr(ns)  Path(ns)    Netlist Resource(s)
  -------------------------------------------------------------------    -------------------
    V13                                               0.000     0.000 r  trst_n (IN)
                         net (fo=0)                   0.000     0.000    trst_n
    V13                  IBUF (Prop_ibuf_I_O)         1.570     1.570 r  trst_n_IBUF_inst/O
                         net (fo=1, routed)           1.387     2.957    i_dmi_jtag/i_dmi_jtag_tap/trst_n_IBUF
    SLICE_X112Y91        LUT1 (Prop_lut1_I0_O)        0.124     3.081 f  i_dmi_jtag/i_dmi_jtag_tap/FSM_onehot_tap_state_q[15]_i_2/O
                         net (fo=258, routed)         5.117     8.198    i_dmi_jtag/i_dmi_cdc/i_cdc_req/i_src/data_src_q_reg[data][0]_0
    SLICE_X99Y34         FDCE                                         f  i_dmi_jtag/i_dmi_cdc/i_cdc_req/i_src/data_src_q_reg[data][23]/CLR
  -------------------------------------------------------------------    -------------------

                         (clock tck rise edge)        0.000     0.000 r  
    H15                                               0.000     0.000 r  tck (IN)
                         net (fo=0)                   0.000     0.000    tck
    H15                  IBUF (Prop_ibuf_I_O)         1.430     1.430 r  tck_IBUF_inst/O
                         net (fo=1, routed)           3.120     4.550    tck_IBUF
    BUFGCTRL_X0Y0        BUFG (Prop_bufg_I_O)         0.091     4.641 r  tck_IBUF_BUFG_inst/O
                         net (fo=258, routed)         1.616     6.257    i_dmi_jtag/i_dmi_cdc/i_cdc_req/i_src/CLK
    SLICE_X99Y34         FDCE                                         r  i_dmi_jtag/i_dmi_cdc/i_cdc_req/i_src/data_src_q_reg[data][23]/C

Slack:                    inf
  Source:                 trst_n
                            (input port)
  Destination:            i_dmi_jtag/i_dmi_cdc/i_cdc_resp/i_dst/data_dst_q_reg[data][22]/CLR
                            (recovery check against rising-edge clock tck  {rise@0.000ns fall@62.500ns period=125.000ns})
  Path Group:             (none)
  Path Type:              Recovery (Max at Slow Process Corner)
  Data Path Delay:        7.908ns  (logic 1.694ns (21.424%)  route 6.214ns (78.576%))
  Logic Levels:           2  (IBUF=1 LUT1=1)
  Clock Path Skew:        6.258ns (DCD - SCD + CPR)
    Destination Clock Delay (DCD):    6.258ns
    Source Clock Delay      (SCD):    0.000ns
    Clock Pessimism Removal (CPR):    0.000ns
  Clock Uncertainty:      0.501ns  ((TSJ^2 + TIJ^2)^1/2 + DJ) / 2 + PE
    Total System Jitter     (TSJ):    0.050ns
    Total Input Jitter      (TIJ):    1.000ns
    Discrete Jitter          (DJ):    0.000ns
    Phase Error              (PE):    0.000ns
  Timing Exception:       False Path

    Location             Delay type                Incr(ns)  Path(ns)    Netlist Resource(s)
  -------------------------------------------------------------------    -------------------
    V13                                               0.000     0.000 r  trst_n (IN)
                         net (fo=0)                   0.000     0.000    trst_n
    V13                  IBUF (Prop_ibuf_I_O)         1.570     1.570 r  trst_n_IBUF_inst/O
                         net (fo=1, routed)           1.387     2.957    i_dmi_jtag/i_dmi_jtag_tap/trst_n_IBUF
    SLICE_X112Y91        LUT1 (Prop_lut1_I0_O)        0.124     3.081 f  i_dmi_jtag/i_dmi_jtag_tap/FSM_onehot_tap_state_q[15]_i_2/O
                         net (fo=258, routed)         4.827     7.908    i_dmi_jtag/i_dmi_cdc/i_cdc_resp/i_dst/data_dst_q_reg[resp][0]_0
    SLICE_X101Y35        FDCE                                         f  i_dmi_jtag/i_dmi_cdc/i_cdc_resp/i_dst/data_dst_q_reg[data][22]/CLR
  -------------------------------------------------------------------    -------------------

                         (clock tck rise edge)        0.000     0.000 r  
    H15                                               0.000     0.000 r  tck (IN)
                         net (fo=0)                   0.000     0.000    tck
    H15                  IBUF (Prop_ibuf_I_O)         1.430     1.430 r  tck_IBUF_inst/O
                         net (fo=1, routed)           3.120     4.550    tck_IBUF
    BUFGCTRL_X0Y0        BUFG (Prop_bufg_I_O)         0.091     4.641 r  tck_IBUF_BUFG_inst/O
                         net (fo=258, routed)         1.617     6.258    i_dmi_jtag/i_dmi_cdc/i_cdc_resp/i_dst/CLK
    SLICE_X101Y35        FDCE                                         r  i_dmi_jtag/i_dmi_cdc/i_cdc_resp/i_dst/data_dst_q_reg[data][22]/C

Slack:                    inf
  Source:                 trst_n
                            (input port)
  Destination:            i_dmi_jtag/i_dmi_cdc/i_cdc_resp/i_dst/data_dst_q_reg[data][23]/CLR
                            (recovery check against rising-edge clock tck  {rise@0.000ns fall@62.500ns period=125.000ns})
  Path Group:             (none)
  Path Type:              Recovery (Max at Slow Process Corner)
  Data Path Delay:        7.908ns  (logic 1.694ns (21.424%)  route 6.214ns (78.576%))
  Logic Levels:           2  (IBUF=1 LUT1=1)
  Clock Path Skew:        6.258ns (DCD - SCD + CPR)
    Destination Clock Delay (DCD):    6.258ns
    Source Clock Delay      (SCD):    0.000ns
    Clock Pessimism Removal (CPR):    0.000ns
  Clock Uncertainty:      0.501ns  ((TSJ^2 + TIJ^2)^1/2 + DJ) / 2 + PE
    Total System Jitter     (TSJ):    0.050ns
    Total Input Jitter      (TIJ):    1.000ns
    Discrete Jitter          (DJ):    0.000ns
    Phase Error              (PE):    0.000ns
  Timing Exception:       False Path

    Location             Delay type                Incr(ns)  Path(ns)    Netlist Resource(s)
  -------------------------------------------------------------------    -------------------
    V13                                               0.000     0.000 r  trst_n (IN)
                         net (fo=0)                   0.000     0.000    trst_n
    V13                  IBUF (Prop_ibuf_I_O)         1.570     1.570 r  trst_n_IBUF_inst/O
                         net (fo=1, routed)           1.387     2.957    i_dmi_jtag/i_dmi_jtag_tap/trst_n_IBUF
    SLICE_X112Y91        LUT1 (Prop_lut1_I0_O)        0.124     3.081 f  i_dmi_jtag/i_dmi_jtag_tap/FSM_onehot_tap_state_q[15]_i_2/O
                         net (fo=258, routed)         4.827     7.908    i_dmi_jtag/i_dmi_cdc/i_cdc_resp/i_dst/data_dst_q_reg[resp][0]_0
    SLICE_X101Y35        FDCE                                         f  i_dmi_jtag/i_dmi_cdc/i_cdc_resp/i_dst/data_dst_q_reg[data][23]/CLR
  -------------------------------------------------------------------    -------------------

                         (clock tck rise edge)        0.000     0.000 r  
    H15                                               0.000     0.000 r  tck (IN)
                         net (fo=0)                   0.000     0.000    tck
    H15                  IBUF (Prop_ibuf_I_O)         1.430     1.430 r  tck_IBUF_inst/O
                         net (fo=1, routed)           3.120     4.550    tck_IBUF
    BUFGCTRL_X0Y0        BUFG (Prop_bufg_I_O)         0.091     4.641 r  tck_IBUF_BUFG_inst/O
                         net (fo=258, routed)         1.617     6.258    i_dmi_jtag/i_dmi_cdc/i_cdc_resp/i_dst/CLK
    SLICE_X101Y35        FDCE                                         r  i_dmi_jtag/i_dmi_cdc/i_cdc_resp/i_dst/data_dst_q_reg[data][23]/C

Slack:                    inf
  Source:                 trst_n
                            (input port)
  Destination:            i_dmi_jtag/i_dmi_cdc/i_cdc_resp/i_dst/data_dst_q_reg[data][24]/CLR
                            (recovery check against rising-edge clock tck  {rise@0.000ns fall@62.500ns period=125.000ns})
  Path Group:             (none)
  Path Type:              Recovery (Max at Slow Process Corner)
  Data Path Delay:        7.908ns  (logic 1.694ns (21.424%)  route 6.214ns (78.576%))
  Logic Levels:           2  (IBUF=1 LUT1=1)
  Clock Path Skew:        6.258ns (DCD - SCD + CPR)
    Destination Clock Delay (DCD):    6.258ns
    Source Clock Delay      (SCD):    0.000ns
    Clock Pessimism Removal (CPR):    0.000ns
  Clock Uncertainty:      0.501ns  ((TSJ^2 + TIJ^2)^1/2 + DJ) / 2 + PE
    Total System Jitter     (TSJ):    0.050ns
    Total Input Jitter      (TIJ):    1.000ns
    Discrete Jitter          (DJ):    0.000ns
    Phase Error              (PE):    0.000ns
  Timing Exception:       False Path

    Location             Delay type                Incr(ns)  Path(ns)    Netlist Resource(s)
  -------------------------------------------------------------------    -------------------
    V13                                               0.000     0.000 r  trst_n (IN)
                         net (fo=0)                   0.000     0.000    trst_n
    V13                  IBUF (Prop_ibuf_I_O)         1.570     1.570 r  trst_n_IBUF_inst/O
                         net (fo=1, routed)           1.387     2.957    i_dmi_jtag/i_dmi_jtag_tap/trst_n_IBUF
    SLICE_X112Y91        LUT1 (Prop_lut1_I0_O)        0.124     3.081 f  i_dmi_jtag/i_dmi_jtag_tap/FSM_onehot_tap_state_q[15]_i_2/O
                         net (fo=258, routed)         4.827     7.908    i_dmi_jtag/i_dmi_cdc/i_cdc_resp/i_dst/data_dst_q_reg[resp][0]_0
    SLICE_X101Y35        FDCE                                         f  i_dmi_jtag/i_dmi_cdc/i_cdc_resp/i_dst/data_dst_q_reg[data][24]/CLR
  -------------------------------------------------------------------    -------------------

                         (clock tck rise edge)        0.000     0.000 r  
    H15                                               0.000     0.000 r  tck (IN)
                         net (fo=0)                   0.000     0.000    tck
    H15                  IBUF (Prop_ibuf_I_O)         1.430     1.430 r  tck_IBUF_inst/O
                         net (fo=1, routed)           3.120     4.550    tck_IBUF
    BUFGCTRL_X0Y0        BUFG (Prop_bufg_I_O)         0.091     4.641 r  tck_IBUF_BUFG_inst/O
                         net (fo=258, routed)         1.617     6.258    i_dmi_jtag/i_dmi_cdc/i_cdc_resp/i_dst/CLK
    SLICE_X101Y35        FDCE                                         r  i_dmi_jtag/i_dmi_cdc/i_cdc_resp/i_dst/data_dst_q_reg[data][24]/C

Slack:                    inf
  Source:                 trst_n
                            (input port)
  Destination:            i_dmi_jtag/i_dmi_cdc/i_cdc_resp/i_dst/data_dst_q_reg[data][25]/CLR
                            (recovery check against rising-edge clock tck  {rise@0.000ns fall@62.500ns period=125.000ns})
  Path Group:             (none)
  Path Type:              Recovery (Max at Slow Process Corner)
  Data Path Delay:        7.908ns  (logic 1.694ns (21.424%)  route 6.214ns (78.576%))
  Logic Levels:           2  (IBUF=1 LUT1=1)
  Clock Path Skew:        6.258ns (DCD - SCD + CPR)
    Destination Clock Delay (DCD):    6.258ns
    Source Clock Delay      (SCD):    0.000ns
    Clock Pessimism Removal (CPR):    0.000ns
  Clock Uncertainty:      0.501ns  ((TSJ^2 + TIJ^2)^1/2 + DJ) / 2 + PE
    Total System Jitter     (TSJ):    0.050ns
    Total Input Jitter      (TIJ):    1.000ns
    Discrete Jitter          (DJ):    0.000ns
    Phase Error              (PE):    0.000ns
  Timing Exception:       False Path

    Location             Delay type                Incr(ns)  Path(ns)    Netlist Resource(s)
  -------------------------------------------------------------------    -------------------
    V13                                               0.000     0.000 r  trst_n (IN)
                         net (fo=0)                   0.000     0.000    trst_n
    V13                  IBUF (Prop_ibuf_I_O)         1.570     1.570 r  trst_n_IBUF_inst/O
                         net (fo=1, routed)           1.387     2.957    i_dmi_jtag/i_dmi_jtag_tap/trst_n_IBUF
    SLICE_X112Y91        LUT1 (Prop_lut1_I0_O)        0.124     3.081 f  i_dmi_jtag/i_dmi_jtag_tap/FSM_onehot_tap_state_q[15]_i_2/O
                         net (fo=258, routed)         4.827     7.908    i_dmi_jtag/i_dmi_cdc/i_cdc_resp/i_dst/data_dst_q_reg[resp][0]_0
    SLICE_X101Y35        FDCE                                         f  i_dmi_jtag/i_dmi_cdc/i_cdc_resp/i_dst/data_dst_q_reg[data][25]/CLR
  -------------------------------------------------------------------    -------------------

                         (clock tck rise edge)        0.000     0.000 r  
    H15                                               0.000     0.000 r  tck (IN)
                         net (fo=0)                   0.000     0.000    tck
    H15                  IBUF (Prop_ibuf_I_O)         1.430     1.430 r  tck_IBUF_inst/O
                         net (fo=1, routed)           3.120     4.550    tck_IBUF
    BUFGCTRL_X0Y0        BUFG (Prop_bufg_I_O)         0.091     4.641 r  tck_IBUF_BUFG_inst/O
                         net (fo=258, routed)         1.617     6.258    i_dmi_jtag/i_dmi_cdc/i_cdc_resp/i_dst/CLK
    SLICE_X101Y35        FDCE                                         r  i_dmi_jtag/i_dmi_cdc/i_cdc_resp/i_dst/data_dst_q_reg[data][25]/C

Slack:                    inf
  Source:                 trst_n
                            (input port)
  Destination:            i_dmi_jtag/i_dmi_cdc/i_cdc_resp/i_dst/data_dst_q_reg[data][26]/CLR
                            (recovery check against rising-edge clock tck  {rise@0.000ns fall@62.500ns period=125.000ns})
  Path Group:             (none)
  Path Type:              Recovery (Max at Slow Process Corner)
  Data Path Delay:        7.908ns  (logic 1.694ns (21.424%)  route 6.214ns (78.576%))
  Logic Levels:           2  (IBUF=1 LUT1=1)
  Clock Path Skew:        6.258ns (DCD - SCD + CPR)
    Destination Clock Delay (DCD):    6.258ns
    Source Clock Delay      (SCD):    0.000ns
    Clock Pessimism Removal (CPR):    0.000ns
  Clock Uncertainty:      0.501ns  ((TSJ^2 + TIJ^2)^1/2 + DJ) / 2 + PE
    Total System Jitter     (TSJ):    0.050ns
    Total Input Jitter      (TIJ):    1.000ns
    Discrete Jitter          (DJ):    0.000ns
    Phase Error              (PE):    0.000ns
  Timing Exception:       False Path

    Location             Delay type                Incr(ns)  Path(ns)    Netlist Resource(s)
  -------------------------------------------------------------------    -------------------
    V13                                               0.000     0.000 r  trst_n (IN)
                         net (fo=0)                   0.000     0.000    trst_n
    V13                  IBUF (Prop_ibuf_I_O)         1.570     1.570 r  trst_n_IBUF_inst/O
                         net (fo=1, routed)           1.387     2.957    i_dmi_jtag/i_dmi_jtag_tap/trst_n_IBUF
    SLICE_X112Y91        LUT1 (Prop_lut1_I0_O)        0.124     3.081 f  i_dmi_jtag/i_dmi_jtag_tap/FSM_onehot_tap_state_q[15]_i_2/O
                         net (fo=258, routed)         4.827     7.908    i_dmi_jtag/i_dmi_cdc/i_cdc_resp/i_dst/data_dst_q_reg[resp][0]_0
    SLICE_X101Y35        FDCE                                         f  i_dmi_jtag/i_dmi_cdc/i_cdc_resp/i_dst/data_dst_q_reg[data][26]/CLR
  -------------------------------------------------------------------    -------------------

                         (clock tck rise edge)        0.000     0.000 r  
    H15                                               0.000     0.000 r  tck (IN)
                         net (fo=0)                   0.000     0.000    tck
    H15                  IBUF (Prop_ibuf_I_O)         1.430     1.430 r  tck_IBUF_inst/O
                         net (fo=1, routed)           3.120     4.550    tck_IBUF
    BUFGCTRL_X0Y0        BUFG (Prop_bufg_I_O)         0.091     4.641 r  tck_IBUF_BUFG_inst/O
                         net (fo=258, routed)         1.617     6.258    i_dmi_jtag/i_dmi_cdc/i_cdc_resp/i_dst/CLK
    SLICE_X101Y35        FDCE                                         r  i_dmi_jtag/i_dmi_cdc/i_cdc_resp/i_dst/data_dst_q_reg[data][26]/C

Slack:                    inf
  Source:                 trst_n
                            (input port)
  Destination:            i_dmi_jtag/i_dmi_cdc/i_cdc_resp/i_dst/data_dst_q_reg[data][27]/CLR
                            (recovery check against rising-edge clock tck  {rise@0.000ns fall@62.500ns period=125.000ns})
  Path Group:             (none)
  Path Type:              Recovery (Max at Slow Process Corner)
  Data Path Delay:        7.908ns  (logic 1.694ns (21.424%)  route 6.214ns (78.576%))
  Logic Levels:           2  (IBUF=1 LUT1=1)
  Clock Path Skew:        6.258ns (DCD - SCD + CPR)
    Destination Clock Delay (DCD):    6.258ns
    Source Clock Delay      (SCD):    0.000ns
    Clock Pessimism Removal (CPR):    0.000ns
  Clock Uncertainty:      0.501ns  ((TSJ^2 + TIJ^2)^1/2 + DJ) / 2 + PE
    Total System Jitter     (TSJ):    0.050ns
    Total Input Jitter      (TIJ):    1.000ns
    Discrete Jitter          (DJ):    0.000ns
    Phase Error              (PE):    0.000ns
  Timing Exception:       False Path

    Location             Delay type                Incr(ns)  Path(ns)    Netlist Resource(s)
  -------------------------------------------------------------------    -------------------
    V13                                               0.000     0.000 r  trst_n (IN)
                         net (fo=0)                   0.000     0.000    trst_n
    V13                  IBUF (Prop_ibuf_I_O)         1.570     1.570 r  trst_n_IBUF_inst/O
                         net (fo=1, routed)           1.387     2.957    i_dmi_jtag/i_dmi_jtag_tap/trst_n_IBUF
    SLICE_X112Y91        LUT1 (Prop_lut1_I0_O)        0.124     3.081 f  i_dmi_jtag/i_dmi_jtag_tap/FSM_onehot_tap_state_q[15]_i_2/O
                         net (fo=258, routed)         4.827     7.908    i_dmi_jtag/i_dmi_cdc/i_cdc_resp/i_dst/data_dst_q_reg[resp][0]_0
    SLICE_X101Y35        FDCE                                         f  i_dmi_jtag/i_dmi_cdc/i_cdc_resp/i_dst/data_dst_q_reg[data][27]/CLR
  -------------------------------------------------------------------    -------------------

                         (clock tck rise edge)        0.000     0.000 r  
    H15                                               0.000     0.000 r  tck (IN)
                         net (fo=0)                   0.000     0.000    tck
    H15                  IBUF (Prop_ibuf_I_O)         1.430     1.430 r  tck_IBUF_inst/O
                         net (fo=1, routed)           3.120     4.550    tck_IBUF
    BUFGCTRL_X0Y0        BUFG (Prop_bufg_I_O)         0.091     4.641 r  tck_IBUF_BUFG_inst/O
                         net (fo=258, routed)         1.617     6.258    i_dmi_jtag/i_dmi_cdc/i_cdc_resp/i_dst/CLK
    SLICE_X101Y35        FDCE                                         r  i_dmi_jtag/i_dmi_cdc/i_cdc_resp/i_dst/data_dst_q_reg[data][27]/C

Slack:                    inf
  Source:                 trst_n
                            (input port)
  Destination:            i_dmi_jtag/i_dmi_cdc/i_cdc_resp/i_dst/data_dst_q_reg[data][30]/CLR
                            (recovery check against rising-edge clock tck  {rise@0.000ns fall@62.500ns period=125.000ns})
  Path Group:             (none)
  Path Type:              Recovery (Max at Slow Process Corner)
  Data Path Delay:        7.908ns  (logic 1.694ns (21.424%)  route 6.214ns (78.576%))
  Logic Levels:           2  (IBUF=1 LUT1=1)
  Clock Path Skew:        6.258ns (DCD - SCD + CPR)
    Destination Clock Delay (DCD):    6.258ns
    Source Clock Delay      (SCD):    0.000ns
    Clock Pessimism Removal (CPR):    0.000ns
  Clock Uncertainty:      0.501ns  ((TSJ^2 + TIJ^2)^1/2 + DJ) / 2 + PE
    Total System Jitter     (TSJ):    0.050ns
    Total Input Jitter      (TIJ):    1.000ns
    Discrete Jitter          (DJ):    0.000ns
    Phase Error              (PE):    0.000ns
  Timing Exception:       False Path

    Location             Delay type                Incr(ns)  Path(ns)    Netlist Resource(s)
  -------------------------------------------------------------------    -------------------
    V13                                               0.000     0.000 r  trst_n (IN)
                         net (fo=0)                   0.000     0.000    trst_n
    V13                  IBUF (Prop_ibuf_I_O)         1.570     1.570 r  trst_n_IBUF_inst/O
                         net (fo=1, routed)           1.387     2.957    i_dmi_jtag/i_dmi_jtag_tap/trst_n_IBUF
    SLICE_X112Y91        LUT1 (Prop_lut1_I0_O)        0.124     3.081 f  i_dmi_jtag/i_dmi_jtag_tap/FSM_onehot_tap_state_q[15]_i_2/O
                         net (fo=258, routed)         4.827     7.908    i_dmi_jtag/i_dmi_cdc/i_cdc_resp/i_dst/data_dst_q_reg[resp][0]_0
    SLICE_X101Y35        FDCE                                         f  i_dmi_jtag/i_dmi_cdc/i_cdc_resp/i_dst/data_dst_q_reg[data][30]/CLR
  -------------------------------------------------------------------    -------------------

                         (clock tck rise edge)        0.000     0.000 r  
    H15                                               0.000     0.000 r  tck (IN)
                         net (fo=0)                   0.000     0.000    tck
    H15                  IBUF (Prop_ibuf_I_O)         1.430     1.430 r  tck_IBUF_inst/O
                         net (fo=1, routed)           3.120     4.550    tck_IBUF
    BUFGCTRL_X0Y0        BUFG (Prop_bufg_I_O)         0.091     4.641 r  tck_IBUF_BUFG_inst/O
                         net (fo=258, routed)         1.617     6.258    i_dmi_jtag/i_dmi_cdc/i_cdc_resp/i_dst/CLK
    SLICE_X101Y35        FDCE                                         r  i_dmi_jtag/i_dmi_cdc/i_cdc_resp/i_dst/data_dst_q_reg[data][30]/C

Slack:                    inf
  Source:                 trst_n
                            (input port)
  Destination:            i_dmi_jtag/i_dmi_cdc/i_cdc_resp/i_dst/data_dst_q_reg[data][31]/CLR
                            (recovery check against rising-edge clock tck  {rise@0.000ns fall@62.500ns period=125.000ns})
  Path Group:             (none)
  Path Type:              Recovery (Max at Slow Process Corner)
  Data Path Delay:        7.908ns  (logic 1.694ns (21.424%)  route 6.214ns (78.576%))
  Logic Levels:           2  (IBUF=1 LUT1=1)
  Clock Path Skew:        6.258ns (DCD - SCD + CPR)
    Destination Clock Delay (DCD):    6.258ns
    Source Clock Delay      (SCD):    0.000ns
    Clock Pessimism Removal (CPR):    0.000ns
  Clock Uncertainty:      0.501ns  ((TSJ^2 + TIJ^2)^1/2 + DJ) / 2 + PE
    Total System Jitter     (TSJ):    0.050ns
    Total Input Jitter      (TIJ):    1.000ns
    Discrete Jitter          (DJ):    0.000ns
    Phase Error              (PE):    0.000ns
  Timing Exception:       False Path

    Location             Delay type                Incr(ns)  Path(ns)    Netlist Resource(s)
  -------------------------------------------------------------------    -------------------
    V13                                               0.000     0.000 r  trst_n (IN)
                         net (fo=0)                   0.000     0.000    trst_n
    V13                  IBUF (Prop_ibuf_I_O)         1.570     1.570 r  trst_n_IBUF_inst/O
                         net (fo=1, routed)           1.387     2.957    i_dmi_jtag/i_dmi_jtag_tap/trst_n_IBUF
    SLICE_X112Y91        LUT1 (Prop_lut1_I0_O)        0.124     3.081 f  i_dmi_jtag/i_dmi_jtag_tap/FSM_onehot_tap_state_q[15]_i_2/O
                         net (fo=258, routed)         4.827     7.908    i_dmi_jtag/i_dmi_cdc/i_cdc_resp/i_dst/data_dst_q_reg[resp][0]_0
    SLICE_X101Y35        FDCE                                         f  i_dmi_jtag/i_dmi_cdc/i_cdc_resp/i_dst/data_dst_q_reg[data][31]/CLR
  -------------------------------------------------------------------    -------------------

                         (clock tck rise edge)        0.000     0.000 r  
    H15                                               0.000     0.000 r  tck (IN)
                         net (fo=0)                   0.000     0.000    tck
    H15                  IBUF (Prop_ibuf_I_O)         1.430     1.430 r  tck_IBUF_inst/O
                         net (fo=1, routed)           3.120     4.550    tck_IBUF
    BUFGCTRL_X0Y0        BUFG (Prop_bufg_I_O)         0.091     4.641 r  tck_IBUF_BUFG_inst/O
                         net (fo=258, routed)         1.617     6.258    i_dmi_jtag/i_dmi_cdc/i_cdc_resp/i_dst/CLK
    SLICE_X101Y35        FDCE                                         r  i_dmi_jtag/i_dmi_cdc/i_cdc_resp/i_dst/data_dst_q_reg[data][31]/C





Min Delay Paths
--------------------------------------------------------------------------------------
Slack:                    inf
  Source:                 trst_n
                            (input port)
  Destination:            i_dmi_jtag/i_dmi_jtag_tap/td_o_reg/CLR
                            (removal check against rising-edge clock tck  {rise@0.000ns fall@62.500ns period=125.000ns})
  Path Group:             (none)
  Path Type:              Removal (Min at Fast Process Corner)
  Data Path Delay:        1.297ns  (logic 0.382ns (29.449%)  route 0.915ns (70.551%))
  Logic Levels:           2  (IBUF=1 LUT1=1)
  Clock Path Skew:        3.244ns (DCD - SCD - CPR)
    Destination Clock Delay (DCD):    3.244ns = ( 65.744 - 62.500 ) 
    Source Clock Delay      (SCD):    0.000ns
    Clock Pessimism Removal (CPR):    -0.000ns
  Timing Exception:       False Path

    Location             Delay type                Incr(ns)  Path(ns)    Netlist Resource(s)
  -------------------------------------------------------------------    -------------------
    V13                                               0.000     0.000 r  trst_n (IN)
                         net (fo=0)                   0.000     0.000    trst_n
    V13                  IBUF (Prop_ibuf_I_O)         0.337     0.337 r  trst_n_IBUF_inst/O
                         net (fo=1, routed)           0.505     0.842    i_dmi_jtag/i_dmi_jtag_tap/trst_n_IBUF
    SLICE_X112Y91        LUT1 (Prop_lut1_I0_O)        0.045     0.887 f  i_dmi_jtag/i_dmi_jtag_tap/FSM_onehot_tap_state_q[15]_i_2/O
                         net (fo=258, routed)         0.411     1.297    i_dmi_jtag/i_dmi_jtag_tap/trst_n
    SLICE_X112Y100       FDCE                                         f  i_dmi_jtag/i_dmi_jtag_tap/td_o_reg/CLR
  -------------------------------------------------------------------    -------------------

                         (clock tck fall edge)       62.500    62.500 f  
    H15                                               0.000    62.500 f  tck (IN)
                         net (fo=0)                   0.000    62.500    tck
    H15                  IBUF (Prop_ibuf_I_O)         0.456    62.956 f  tck_IBUF_inst/O
                         net (fo=1, routed)           1.762    64.718    tck_IBUF
    BUFGCTRL_X0Y0        BUFG (Prop_bufg_I_O)         0.029    64.747 f  tck_IBUF_BUFG_inst/O
                         net (fo=258, routed)         0.997    65.744    i_dmi_jtag/i_dmi_jtag_tap/tck_ni
    SLICE_X112Y100       FDCE                                         r  i_dmi_jtag/i_dmi_jtag_tap/td_o_reg/C  (IS_INVERTED)

Slack:                    inf
  Source:                 trst_n
                            (input port)
  Destination:            i_dmi_jtag/i_dmi_jtag_tap/jtag_ir_q_reg[0]/PRE
                            (removal check against rising-edge clock tck  {rise@0.000ns fall@62.500ns period=125.000ns})
  Path Group:             (none)
  Path Type:              Removal (Min at Fast Process Corner)
  Data Path Delay:        1.817ns  (logic 0.382ns (21.031%)  route 1.435ns (78.969%))
  Logic Levels:           2  (IBUF=1 LUT1=1)
  Clock Path Skew:        3.157ns (DCD - SCD - CPR)
    Destination Clock Delay (DCD):    3.157ns
    Source Clock Delay      (SCD):    0.000ns
    Clock Pessimism Removal (CPR):    -0.000ns
  Timing Exception:       False Path

    Location             Delay type                Incr(ns)  Path(ns)    Netlist Resource(s)
  -------------------------------------------------------------------    -------------------
    V13                                               0.000     0.000 r  trst_n (IN)
                         net (fo=0)                   0.000     0.000    trst_n
    V13                  IBUF (Prop_ibuf_I_O)         0.337     0.337 r  trst_n_IBUF_inst/O
                         net (fo=1, routed)           0.505     0.842    i_dmi_jtag/i_dmi_jtag_tap/trst_n_IBUF
    SLICE_X112Y91        LUT1 (Prop_lut1_I0_O)        0.045     0.887 f  i_dmi_jtag/i_dmi_jtag_tap/FSM_onehot_tap_state_q[15]_i_2/O
                         net (fo=258, routed)         0.930     1.817    i_dmi_jtag/i_dmi_jtag_tap/trst_n
    SLICE_X108Y43        FDPE                                         f  i_dmi_jtag/i_dmi_jtag_tap/jtag_ir_q_reg[0]/PRE
  -------------------------------------------------------------------    -------------------

                         (clock tck rise edge)        0.000     0.000 r  
    H15                                               0.000     0.000 r  tck (IN)
                         net (fo=0)                   0.000     0.000    tck
    H15                  IBUF (Prop_ibuf_I_O)         0.456     0.456 r  tck_IBUF_inst/O
                         net (fo=1, routed)           1.762     2.218    tck_IBUF
    BUFGCTRL_X0Y0        BUFG (Prop_bufg_I_O)         0.029     2.247 r  tck_IBUF_BUFG_inst/O
                         net (fo=258, routed)         0.910     3.157    i_dmi_jtag/i_dmi_jtag_tap/CLK
    SLICE_X108Y43        FDPE                                         r  i_dmi_jtag/i_dmi_jtag_tap/jtag_ir_q_reg[0]/C

Slack:                    inf
  Source:                 trst_n
                            (input port)
  Destination:            i_dmi_jtag/i_dmi_jtag_tap/jtag_ir_q_reg[1]/CLR
                            (removal check against rising-edge clock tck  {rise@0.000ns fall@62.500ns period=125.000ns})
  Path Group:             (none)
  Path Type:              Removal (Min at Fast Process Corner)
  Data Path Delay:        1.817ns  (logic 0.382ns (21.031%)  route 1.435ns (78.969%))
  Logic Levels:           2  (IBUF=1 LUT1=1)
  Clock Path Skew:        3.157ns (DCD - SCD - CPR)
    Destination Clock Delay (DCD):    3.157ns
    Source Clock Delay      (SCD):    0.000ns
    Clock Pessimism Removal (CPR):    -0.000ns
  Timing Exception:       False Path

    Location             Delay type                Incr(ns)  Path(ns)    Netlist Resource(s)
  -------------------------------------------------------------------    -------------------
    V13                                               0.000     0.000 r  trst_n (IN)
                         net (fo=0)                   0.000     0.000    trst_n
    V13                  IBUF (Prop_ibuf_I_O)         0.337     0.337 r  trst_n_IBUF_inst/O
                         net (fo=1, routed)           0.505     0.842    i_dmi_jtag/i_dmi_jtag_tap/trst_n_IBUF
    SLICE_X112Y91        LUT1 (Prop_lut1_I0_O)        0.045     0.887 f  i_dmi_jtag/i_dmi_jtag_tap/FSM_onehot_tap_state_q[15]_i_2/O
                         net (fo=258, routed)         0.930     1.817    i_dmi_jtag/i_dmi_jtag_tap/trst_n
    SLICE_X108Y43        FDCE                                         f  i_dmi_jtag/i_dmi_jtag_tap/jtag_ir_q_reg[1]/CLR
  -------------------------------------------------------------------    -------------------

                         (clock tck rise edge)        0.000     0.000 r  
    H15                                               0.000     0.000 r  tck (IN)
                         net (fo=0)                   0.000     0.000    tck
    H15                  IBUF (Prop_ibuf_I_O)         0.456     0.456 r  tck_IBUF_inst/O
                         net (fo=1, routed)           1.762     2.218    tck_IBUF
    BUFGCTRL_X0Y0        BUFG (Prop_bufg_I_O)         0.029     2.247 r  tck_IBUF_BUFG_inst/O
                         net (fo=258, routed)         0.910     3.157    i_dmi_jtag/i_dmi_jtag_tap/CLK
    SLICE_X108Y43        FDCE                                         r  i_dmi_jtag/i_dmi_jtag_tap/jtag_ir_q_reg[1]/C

Slack:                    inf
  Source:                 trst_n
                            (input port)
  Destination:            i_dmi_jtag/i_dmi_jtag_tap/jtag_ir_q_reg[2]/CLR
                            (removal check against rising-edge clock tck  {rise@0.000ns fall@62.500ns period=125.000ns})
  Path Group:             (none)
  Path Type:              Removal (Min at Fast Process Corner)
  Data Path Delay:        1.817ns  (logic 0.382ns (21.031%)  route 1.435ns (78.969%))
  Logic Levels:           2  (IBUF=1 LUT1=1)
  Clock Path Skew:        3.157ns (DCD - SCD - CPR)
    Destination Clock Delay (DCD):    3.157ns
    Source Clock Delay      (SCD):    0.000ns
    Clock Pessimism Removal (CPR):    -0.000ns
  Timing Exception:       False Path

    Location             Delay type                Incr(ns)  Path(ns)    Netlist Resource(s)
  -------------------------------------------------------------------    -------------------
    V13                                               0.000     0.000 r  trst_n (IN)
                         net (fo=0)                   0.000     0.000    trst_n
    V13                  IBUF (Prop_ibuf_I_O)         0.337     0.337 r  trst_n_IBUF_inst/O
                         net (fo=1, routed)           0.505     0.842    i_dmi_jtag/i_dmi_jtag_tap/trst_n_IBUF
    SLICE_X112Y91        LUT1 (Prop_lut1_I0_O)        0.045     0.887 f  i_dmi_jtag/i_dmi_jtag_tap/FSM_onehot_tap_state_q[15]_i_2/O
                         net (fo=258, routed)         0.930     1.817    i_dmi_jtag/i_dmi_jtag_tap/trst_n
    SLICE_X108Y43        FDCE                                         f  i_dmi_jtag/i_dmi_jtag_tap/jtag_ir_q_reg[2]/CLR
  -------------------------------------------------------------------    -------------------

                         (clock tck rise edge)        0.000     0.000 r  
    H15                                               0.000     0.000 r  tck (IN)
                         net (fo=0)                   0.000     0.000    tck
    H15                  IBUF (Prop_ibuf_I_O)         0.456     0.456 r  tck_IBUF_inst/O
                         net (fo=1, routed)           1.762     2.218    tck_IBUF
    BUFGCTRL_X0Y0        BUFG (Prop_bufg_I_O)         0.029     2.247 r  tck_IBUF_BUFG_inst/O
                         net (fo=258, routed)         0.910     3.157    i_dmi_jtag/i_dmi_jtag_tap/CLK
    SLICE_X108Y43        FDCE                                         r  i_dmi_jtag/i_dmi_jtag_tap/jtag_ir_q_reg[2]/C

Slack:                    inf
  Source:                 trst_n
                            (input port)
  Destination:            i_dmi_jtag/i_dmi_jtag_tap/jtag_ir_q_reg[3]/CLR
                            (removal check against rising-edge clock tck  {rise@0.000ns fall@62.500ns period=125.000ns})
  Path Group:             (none)
  Path Type:              Removal (Min at Fast Process Corner)
  Data Path Delay:        1.817ns  (logic 0.382ns (21.031%)  route 1.435ns (78.969%))
  Logic Levels:           2  (IBUF=1 LUT1=1)
  Clock Path Skew:        3.157ns (DCD - SCD - CPR)
    Destination Clock Delay (DCD):    3.157ns
    Source Clock Delay      (SCD):    0.000ns
    Clock Pessimism Removal (CPR):    -0.000ns
  Timing Exception:       False Path

    Location             Delay type                Incr(ns)  Path(ns)    Netlist Resource(s)
  -------------------------------------------------------------------    -------------------
    V13                                               0.000     0.000 r  trst_n (IN)
                         net (fo=0)                   0.000     0.000    trst_n
    V13                  IBUF (Prop_ibuf_I_O)         0.337     0.337 r  trst_n_IBUF_inst/O
                         net (fo=1, routed)           0.505     0.842    i_dmi_jtag/i_dmi_jtag_tap/trst_n_IBUF
    SLICE_X112Y91        LUT1 (Prop_lut1_I0_O)        0.045     0.887 f  i_dmi_jtag/i_dmi_jtag_tap/FSM_onehot_tap_state_q[15]_i_2/O
                         net (fo=258, routed)         0.930     1.817    i_dmi_jtag/i_dmi_jtag_tap/trst_n
    SLICE_X108Y43        FDCE                                         f  i_dmi_jtag/i_dmi_jtag_tap/jtag_ir_q_reg[3]/CLR
  -------------------------------------------------------------------    -------------------

                         (clock tck rise edge)        0.000     0.000 r  
    H15                                               0.000     0.000 r  tck (IN)
                         net (fo=0)                   0.000     0.000    tck
    H15                  IBUF (Prop_ibuf_I_O)         0.456     0.456 r  tck_IBUF_inst/O
                         net (fo=1, routed)           1.762     2.218    tck_IBUF
    BUFGCTRL_X0Y0        BUFG (Prop_bufg_I_O)         0.029     2.247 r  tck_IBUF_BUFG_inst/O
                         net (fo=258, routed)         0.910     3.157    i_dmi_jtag/i_dmi_jtag_tap/CLK
    SLICE_X108Y43        FDCE                                         r  i_dmi_jtag/i_dmi_jtag_tap/jtag_ir_q_reg[3]/C

Slack:                    inf
  Source:                 trst_n
                            (input port)
  Destination:            i_dmi_jtag/i_dmi_jtag_tap/jtag_ir_q_reg[4]/CLR
                            (removal check against rising-edge clock tck  {rise@0.000ns fall@62.500ns period=125.000ns})
  Path Group:             (none)
  Path Type:              Removal (Min at Fast Process Corner)
  Data Path Delay:        1.817ns  (logic 0.382ns (21.031%)  route 1.435ns (78.969%))
  Logic Levels:           2  (IBUF=1 LUT1=1)
  Clock Path Skew:        3.157ns (DCD - SCD - CPR)
    Destination Clock Delay (DCD):    3.157ns
    Source Clock Delay      (SCD):    0.000ns
    Clock Pessimism Removal (CPR):    -0.000ns
  Timing Exception:       False Path

    Location             Delay type                Incr(ns)  Path(ns)    Netlist Resource(s)
  -------------------------------------------------------------------    -------------------
    V13                                               0.000     0.000 r  trst_n (IN)
                         net (fo=0)                   0.000     0.000    trst_n
    V13                  IBUF (Prop_ibuf_I_O)         0.337     0.337 r  trst_n_IBUF_inst/O
                         net (fo=1, routed)           0.505     0.842    i_dmi_jtag/i_dmi_jtag_tap/trst_n_IBUF
    SLICE_X112Y91        LUT1 (Prop_lut1_I0_O)        0.045     0.887 f  i_dmi_jtag/i_dmi_jtag_tap/FSM_onehot_tap_state_q[15]_i_2/O
                         net (fo=258, routed)         0.930     1.817    i_dmi_jtag/i_dmi_jtag_tap/trst_n
    SLICE_X108Y43        FDCE                                         f  i_dmi_jtag/i_dmi_jtag_tap/jtag_ir_q_reg[4]/CLR
  -------------------------------------------------------------------    -------------------

                         (clock tck rise edge)        0.000     0.000 r  
    H15                                               0.000     0.000 r  tck (IN)
                         net (fo=0)                   0.000     0.000    tck
    H15                  IBUF (Prop_ibuf_I_O)         0.456     0.456 r  tck_IBUF_inst/O
                         net (fo=1, routed)           1.762     2.218    tck_IBUF
    BUFGCTRL_X0Y0        BUFG (Prop_bufg_I_O)         0.029     2.247 r  tck_IBUF_BUFG_inst/O
                         net (fo=258, routed)         0.910     3.157    i_dmi_jtag/i_dmi_jtag_tap/CLK
    SLICE_X108Y43        FDCE                                         r  i_dmi_jtag/i_dmi_jtag_tap/jtag_ir_q_reg[4]/C

Slack:                    inf
  Source:                 trst_n
                            (input port)
  Destination:            i_dmi_jtag/i_dmi_jtag_tap/jtag_ir_shift_q_reg[0]/CLR
                            (removal check against rising-edge clock tck  {rise@0.000ns fall@62.500ns period=125.000ns})
  Path Group:             (none)
  Path Type:              Removal (Min at Fast Process Corner)
  Data Path Delay:        1.817ns  (logic 0.382ns (21.031%)  route 1.435ns (78.969%))
  Logic Levels:           2  (IBUF=1 LUT1=1)
  Clock Path Skew:        3.157ns (DCD - SCD - CPR)
    Destination Clock Delay (DCD):    3.157ns
    Source Clock Delay      (SCD):    0.000ns
    Clock Pessimism Removal (CPR):    -0.000ns
  Timing Exception:       False Path

    Location             Delay type                Incr(ns)  Path(ns)    Netlist Resource(s)
  -------------------------------------------------------------------    -------------------
    V13                                               0.000     0.000 r  trst_n (IN)
                         net (fo=0)                   0.000     0.000    trst_n
    V13                  IBUF (Prop_ibuf_I_O)         0.337     0.337 r  trst_n_IBUF_inst/O
                         net (fo=1, routed)           0.505     0.842    i_dmi_jtag/i_dmi_jtag_tap/trst_n_IBUF
    SLICE_X112Y91        LUT1 (Prop_lut1_I0_O)        0.045     0.887 f  i_dmi_jtag/i_dmi_jtag_tap/FSM_onehot_tap_state_q[15]_i_2/O
                         net (fo=258, routed)         0.930     1.817    i_dmi_jtag/i_dmi_jtag_tap/trst_n
    SLICE_X109Y43        FDCE                                         f  i_dmi_jtag/i_dmi_jtag_tap/jtag_ir_shift_q_reg[0]/CLR
  -------------------------------------------------------------------    -------------------

                         (clock tck rise edge)        0.000     0.000 r  
    H15                                               0.000     0.000 r  tck (IN)
                         net (fo=0)                   0.000     0.000    tck
    H15                  IBUF (Prop_ibuf_I_O)         0.456     0.456 r  tck_IBUF_inst/O
                         net (fo=1, routed)           1.762     2.218    tck_IBUF
    BUFGCTRL_X0Y0        BUFG (Prop_bufg_I_O)         0.029     2.247 r  tck_IBUF_BUFG_inst/O
                         net (fo=258, routed)         0.910     3.157    i_dmi_jtag/i_dmi_jtag_tap/CLK
    SLICE_X109Y43        FDCE                                         r  i_dmi_jtag/i_dmi_jtag_tap/jtag_ir_shift_q_reg[0]/C

Slack:                    inf
  Source:                 trst_n
                            (input port)
  Destination:            i_dmi_jtag/i_dmi_jtag_tap/jtag_ir_shift_q_reg[1]/CLR
                            (removal check against rising-edge clock tck  {rise@0.000ns fall@62.500ns period=125.000ns})
  Path Group:             (none)
  Path Type:              Removal (Min at Fast Process Corner)
  Data Path Delay:        1.817ns  (logic 0.382ns (21.031%)  route 1.435ns (78.969%))
  Logic Levels:           2  (IBUF=1 LUT1=1)
  Clock Path Skew:        3.157ns (DCD - SCD - CPR)
    Destination Clock Delay (DCD):    3.157ns
    Source Clock Delay      (SCD):    0.000ns
    Clock Pessimism Removal (CPR):    -0.000ns
  Timing Exception:       False Path

    Location             Delay type                Incr(ns)  Path(ns)    Netlist Resource(s)
  -------------------------------------------------------------------    -------------------
    V13                                               0.000     0.000 r  trst_n (IN)
                         net (fo=0)                   0.000     0.000    trst_n
    V13                  IBUF (Prop_ibuf_I_O)         0.337     0.337 r  trst_n_IBUF_inst/O
                         net (fo=1, routed)           0.505     0.842    i_dmi_jtag/i_dmi_jtag_tap/trst_n_IBUF
    SLICE_X112Y91        LUT1 (Prop_lut1_I0_O)        0.045     0.887 f  i_dmi_jtag/i_dmi_jtag_tap/FSM_onehot_tap_state_q[15]_i_2/O
                         net (fo=258, routed)         0.930     1.817    i_dmi_jtag/i_dmi_jtag_tap/trst_n
    SLICE_X109Y43        FDCE                                         f  i_dmi_jtag/i_dmi_jtag_tap/jtag_ir_shift_q_reg[1]/CLR
  -------------------------------------------------------------------    -------------------

                         (clock tck rise edge)        0.000     0.000 r  
    H15                                               0.000     0.000 r  tck (IN)
                         net (fo=0)                   0.000     0.000    tck
    H15                  IBUF (Prop_ibuf_I_O)         0.456     0.456 r  tck_IBUF_inst/O
                         net (fo=1, routed)           1.762     2.218    tck_IBUF
    BUFGCTRL_X0Y0        BUFG (Prop_bufg_I_O)         0.029     2.247 r  tck_IBUF_BUFG_inst/O
                         net (fo=258, routed)         0.910     3.157    i_dmi_jtag/i_dmi_jtag_tap/CLK
    SLICE_X109Y43        FDCE                                         r  i_dmi_jtag/i_dmi_jtag_tap/jtag_ir_shift_q_reg[1]/C

Slack:                    inf
  Source:                 trst_n
                            (input port)
  Destination:            i_dmi_jtag/i_dmi_jtag_tap/jtag_ir_shift_q_reg[2]/CLR
                            (removal check against rising-edge clock tck  {rise@0.000ns fall@62.500ns period=125.000ns})
  Path Group:             (none)
  Path Type:              Removal (Min at Fast Process Corner)
  Data Path Delay:        1.817ns  (logic 0.382ns (21.031%)  route 1.435ns (78.969%))
  Logic Levels:           2  (IBUF=1 LUT1=1)
  Clock Path Skew:        3.157ns (DCD - SCD - CPR)
    Destination Clock Delay (DCD):    3.157ns
    Source Clock Delay      (SCD):    0.000ns
    Clock Pessimism Removal (CPR):    -0.000ns
  Timing Exception:       False Path

    Location             Delay type                Incr(ns)  Path(ns)    Netlist Resource(s)
  -------------------------------------------------------------------    -------------------
    V13                                               0.000     0.000 r  trst_n (IN)
                         net (fo=0)                   0.000     0.000    trst_n
    V13                  IBUF (Prop_ibuf_I_O)         0.337     0.337 r  trst_n_IBUF_inst/O
                         net (fo=1, routed)           0.505     0.842    i_dmi_jtag/i_dmi_jtag_tap/trst_n_IBUF
    SLICE_X112Y91        LUT1 (Prop_lut1_I0_O)        0.045     0.887 f  i_dmi_jtag/i_dmi_jtag_tap/FSM_onehot_tap_state_q[15]_i_2/O
                         net (fo=258, routed)         0.930     1.817    i_dmi_jtag/i_dmi_jtag_tap/trst_n
    SLICE_X109Y43        FDCE                                         f  i_dmi_jtag/i_dmi_jtag_tap/jtag_ir_shift_q_reg[2]/CLR
  -------------------------------------------------------------------    -------------------

                         (clock tck rise edge)        0.000     0.000 r  
    H15                                               0.000     0.000 r  tck (IN)
                         net (fo=0)                   0.000     0.000    tck
    H15                  IBUF (Prop_ibuf_I_O)         0.456     0.456 r  tck_IBUF_inst/O
                         net (fo=1, routed)           1.762     2.218    tck_IBUF
    BUFGCTRL_X0Y0        BUFG (Prop_bufg_I_O)         0.029     2.247 r  tck_IBUF_BUFG_inst/O
                         net (fo=258, routed)         0.910     3.157    i_dmi_jtag/i_dmi_jtag_tap/CLK
    SLICE_X109Y43        FDCE                                         r  i_dmi_jtag/i_dmi_jtag_tap/jtag_ir_shift_q_reg[2]/C

Slack:                    inf
  Source:                 trst_n
                            (input port)
  Destination:            i_dmi_jtag/i_dmi_jtag_tap/jtag_ir_shift_q_reg[3]/CLR
                            (removal check against rising-edge clock tck  {rise@0.000ns fall@62.500ns period=125.000ns})
  Path Group:             (none)
  Path Type:              Removal (Min at Fast Process Corner)
  Data Path Delay:        1.817ns  (logic 0.382ns (21.031%)  route 1.435ns (78.969%))
  Logic Levels:           2  (IBUF=1 LUT1=1)
  Clock Path Skew:        3.157ns (DCD - SCD - CPR)
    Destination Clock Delay (DCD):    3.157ns
    Source Clock Delay      (SCD):    0.000ns
    Clock Pessimism Removal (CPR):    -0.000ns
  Timing Exception:       False Path

    Location             Delay type                Incr(ns)  Path(ns)    Netlist Resource(s)
  -------------------------------------------------------------------    -------------------
    V13                                               0.000     0.000 r  trst_n (IN)
                         net (fo=0)                   0.000     0.000    trst_n
    V13                  IBUF (Prop_ibuf_I_O)         0.337     0.337 r  trst_n_IBUF_inst/O
                         net (fo=1, routed)           0.505     0.842    i_dmi_jtag/i_dmi_jtag_tap/trst_n_IBUF
    SLICE_X112Y91        LUT1 (Prop_lut1_I0_O)        0.045     0.887 f  i_dmi_jtag/i_dmi_jtag_tap/FSM_onehot_tap_state_q[15]_i_2/O
                         net (fo=258, routed)         0.930     1.817    i_dmi_jtag/i_dmi_jtag_tap/trst_n
    SLICE_X109Y43        FDCE                                         f  i_dmi_jtag/i_dmi_jtag_tap/jtag_ir_shift_q_reg[3]/CLR
  -------------------------------------------------------------------    -------------------

                         (clock tck rise edge)        0.000     0.000 r  
    H15                                               0.000     0.000 r  tck (IN)
                         net (fo=0)                   0.000     0.000    tck
    H15                  IBUF (Prop_ibuf_I_O)         0.456     0.456 r  tck_IBUF_inst/O
                         net (fo=1, routed)           1.762     2.218    tck_IBUF
    BUFGCTRL_X0Y0        BUFG (Prop_bufg_I_O)         0.029     2.247 r  tck_IBUF_BUFG_inst/O
                         net (fo=258, routed)         0.910     3.157    i_dmi_jtag/i_dmi_jtag_tap/CLK
    SLICE_X109Y43        FDCE                                         r  i_dmi_jtag/i_dmi_jtag_tap/jtag_ir_shift_q_reg[3]/C





--------------------------------------------------------------------------------------
Path Group:  (none)
From Clock:  clk_out1_xlnx_clk_gen
  To Clock:  tck

Max Delay             0 Endpoints
Min Delay            36 Endpoints
--------------------------------------------------------------------------------------


Min Delay Paths
--------------------------------------------------------------------------------------
Slack:                    inf
  Source:                 i_dmi_jtag/i_dmi_cdc/i_cdc_resp/i_src/data_src_q_reg[data][3]/C
                            (rising edge-triggered cell FDCE clocked by clk_out1_xlnx_clk_gen  {rise@0.000ns fall@15.625ns period=31.250ns})
  Destination:            i_dmi_jtag/i_dmi_cdc/i_cdc_resp/i_dst/data_dst_q_reg[data][3]/D
                            (rising edge-triggered cell FDCE clocked by tck  {rise@0.000ns fall@62.500ns period=125.000ns})
  Path Group:             (none)
  Path Type:              Hold (Min at Slow Process Corner)
  Data Path Delay:        0.593ns  (logic 0.337ns (56.814%)  route 0.256ns (43.186%))
  Logic Levels:           0  
  Clock Path Skew:        8.583ns (DCD - SCD - CPR)
    Destination Clock Delay (DCD):    7.130ns
    Source Clock Delay      (SCD):    -1.453ns
    Clock Pessimism Removal (CPR):    -0.000ns
  Clock Uncertainty:      0.604ns  ((TSJ^2 + TIJ^2 + DJ^2)^1/2) / 2 + PE
    Total System Jitter     (TSJ):    0.071ns
    Total Input Jitter      (TIJ):    1.000ns
    Discrete Jitter          (DJ):    0.155ns
    Phase Error              (PE):    0.097ns
  Timing Exception:       False Path

    Location             Delay type                Incr(ns)  Path(ns)    Netlist Resource(s)
  -------------------------------------------------------------------    -------------------
                         (clock clk_out1_xlnx_clk_gen rise edge)
                                                      0.000     0.000 r  
    K17                                               0.000     0.000 r  clk_sys (IN)
                         net (fo=0)                   0.000     0.000    i_xlnx_clk_gen/inst/clk_in1
    K17                  IBUF (Prop_ibuf_I_O)         1.404     1.404 r  i_xlnx_clk_gen/inst/clkin1_ibufg/O
                         net (fo=1, routed)           1.162     2.566    i_xlnx_clk_gen/inst/clk_in1_xlnx_clk_gen
    MMCME2_ADV_X1Y2      MMCME2_ADV (Prop_mmcme2_adv_CLKIN1_CLKOUT0)
                                                     -7.814    -5.248 r  i_xlnx_clk_gen/inst/mmcm_adv_inst/CLKOUT0
                         net (fo=1, routed)           2.012    -3.236    i_xlnx_clk_gen/inst/clk_out1_xlnx_clk_gen
    BUFGCTRL_X0Y16       BUFG (Prop_bufg_I_O)         0.091    -3.145 r  i_xlnx_clk_gen/inst/clkout1_buf/O
                         net (fo=15309, routed)       1.692    -1.453    i_dmi_jtag/i_dmi_cdc/i_cdc_resp/i_src/clk_out1
    SLICE_X110Y31        FDCE                                         r  i_dmi_jtag/i_dmi_cdc/i_cdc_resp/i_src/data_src_q_reg[data][3]/C
  -------------------------------------------------------------------    -------------------
    SLICE_X110Y31        FDCE (Prop_fdce_C_Q)         0.337    -1.116 r  i_dmi_jtag/i_dmi_cdc/i_cdc_resp/i_src/data_src_q_reg[data][3]/Q
                         net (fo=1, routed)           0.256    -0.859    i_dmi_jtag/i_dmi_cdc/i_cdc_resp/i_dst/D[3]
    SLICE_X110Y32        FDCE                                         r  i_dmi_jtag/i_dmi_cdc/i_cdc_resp/i_dst/data_dst_q_reg[data][3]/D
  -------------------------------------------------------------------    -------------------

                         (clock tck rise edge)        0.000     0.000 r  
    H15                                               0.000     0.000 r  tck (IN)
                         net (fo=0)                   0.000     0.000    tck
    H15                  IBUF (Prop_ibuf_I_O)         1.500     1.500 r  tck_IBUF_inst/O
                         net (fo=1, routed)           3.659     5.159    tck_IBUF
    BUFGCTRL_X0Y0        BUFG (Prop_bufg_I_O)         0.101     5.260 r  tck_IBUF_BUFG_inst/O
                         net (fo=258, routed)         1.870     7.130    i_dmi_jtag/i_dmi_cdc/i_cdc_resp/i_dst/CLK
    SLICE_X110Y32        FDCE                                         r  i_dmi_jtag/i_dmi_cdc/i_cdc_resp/i_dst/data_dst_q_reg[data][3]/C

Slack:                    inf
  Source:                 i_dmi_jtag/i_dmi_cdc/i_cdc_resp/i_src/data_src_q_reg[data][20]/C
                            (rising edge-triggered cell FDCE clocked by clk_out1_xlnx_clk_gen  {rise@0.000ns fall@15.625ns period=31.250ns})
  Destination:            i_dmi_jtag/i_dmi_cdc/i_cdc_resp/i_dst/data_dst_q_reg[data][20]/D
                            (rising edge-triggered cell FDCE clocked by tck  {rise@0.000ns fall@62.500ns period=125.000ns})
  Path Group:             (none)
  Path Type:              Hold (Min at Slow Process Corner)
  Data Path Delay:        0.705ns  (logic 0.418ns (59.331%)  route 0.287ns (40.669%))
  Logic Levels:           0  
  Clock Path Skew:        8.578ns (DCD - SCD - CPR)
    Destination Clock Delay (DCD):    7.053ns
    Source Clock Delay      (SCD):    -1.525ns
    Clock Pessimism Removal (CPR):    -0.000ns
  Clock Uncertainty:      0.604ns  ((TSJ^2 + TIJ^2 + DJ^2)^1/2) / 2 + PE
    Total System Jitter     (TSJ):    0.071ns
    Total Input Jitter      (TIJ):    1.000ns
    Discrete Jitter          (DJ):    0.155ns
    Phase Error              (PE):    0.097ns
  Timing Exception:       False Path

    Location             Delay type                Incr(ns)  Path(ns)    Netlist Resource(s)
  -------------------------------------------------------------------    -------------------
                         (clock clk_out1_xlnx_clk_gen rise edge)
                                                      0.000     0.000 r  
    K17                                               0.000     0.000 r  clk_sys (IN)
                         net (fo=0)                   0.000     0.000    i_xlnx_clk_gen/inst/clk_in1
    K17                  IBUF (Prop_ibuf_I_O)         1.404     1.404 r  i_xlnx_clk_gen/inst/clkin1_ibufg/O
                         net (fo=1, routed)           1.162     2.566    i_xlnx_clk_gen/inst/clk_in1_xlnx_clk_gen
    MMCME2_ADV_X1Y2      MMCME2_ADV (Prop_mmcme2_adv_CLKIN1_CLKOUT0)
                                                     -7.814    -5.248 r  i_xlnx_clk_gen/inst/mmcm_adv_inst/CLKOUT0
                         net (fo=1, routed)           2.012    -3.236    i_xlnx_clk_gen/inst/clk_out1_xlnx_clk_gen
    BUFGCTRL_X0Y16       BUFG (Prop_bufg_I_O)         0.091    -3.145 r  i_xlnx_clk_gen/inst/clkout1_buf/O
                         net (fo=15309, routed)       1.620    -1.525    i_dmi_jtag/i_dmi_cdc/i_cdc_resp/i_src/clk_out1
    SLICE_X104Y34        FDCE                                         r  i_dmi_jtag/i_dmi_cdc/i_cdc_resp/i_src/data_src_q_reg[data][20]/C
  -------------------------------------------------------------------    -------------------
    SLICE_X104Y34        FDCE (Prop_fdce_C_Q)         0.418    -1.107 r  i_dmi_jtag/i_dmi_cdc/i_cdc_resp/i_src/data_src_q_reg[data][20]/Q
                         net (fo=1, routed)           0.287    -0.820    i_dmi_jtag/i_dmi_cdc/i_cdc_resp/i_dst/D[20]
    SLICE_X103Y34        FDCE                                         r  i_dmi_jtag/i_dmi_cdc/i_cdc_resp/i_dst/data_dst_q_reg[data][20]/D
  -------------------------------------------------------------------    -------------------

                         (clock tck rise edge)        0.000     0.000 r  
    H15                                               0.000     0.000 r  tck (IN)
                         net (fo=0)                   0.000     0.000    tck
    H15                  IBUF (Prop_ibuf_I_O)         1.500     1.500 r  tck_IBUF_inst/O
                         net (fo=1, routed)           3.659     5.159    tck_IBUF
    BUFGCTRL_X0Y0        BUFG (Prop_bufg_I_O)         0.101     5.260 r  tck_IBUF_BUFG_inst/O
                         net (fo=258, routed)         1.793     7.053    i_dmi_jtag/i_dmi_cdc/i_cdc_resp/i_dst/CLK
    SLICE_X103Y34        FDCE                                         r  i_dmi_jtag/i_dmi_cdc/i_cdc_resp/i_dst/data_dst_q_reg[data][20]/C

Slack:                    inf
  Source:                 i_dmi_jtag/i_dmi_cdc/i_cdc_resp/i_src/data_src_q_reg[data][6]/C
                            (rising edge-triggered cell FDCE clocked by clk_out1_xlnx_clk_gen  {rise@0.000ns fall@15.625ns period=31.250ns})
  Destination:            i_dmi_jtag/i_dmi_cdc/i_cdc_resp/i_dst/data_dst_q_reg[data][6]/D
                            (rising edge-triggered cell FDCE clocked by tck  {rise@0.000ns fall@62.500ns period=125.000ns})
  Path Group:             (none)
  Path Type:              Hold (Min at Slow Process Corner)
  Data Path Delay:        0.652ns  (logic 0.367ns (56.313%)  route 0.285ns (43.687%))
  Logic Levels:           0  
  Clock Path Skew:        8.583ns (DCD - SCD - CPR)
    Destination Clock Delay (DCD):    7.130ns
    Source Clock Delay      (SCD):    -1.453ns
    Clock Pessimism Removal (CPR):    -0.000ns
  Clock Uncertainty:      0.604ns  ((TSJ^2 + TIJ^2 + DJ^2)^1/2) / 2 + PE
    Total System Jitter     (TSJ):    0.071ns
    Total Input Jitter      (TIJ):    1.000ns
    Discrete Jitter          (DJ):    0.155ns
    Phase Error              (PE):    0.097ns
  Timing Exception:       False Path

    Location             Delay type                Incr(ns)  Path(ns)    Netlist Resource(s)
  -------------------------------------------------------------------    -------------------
                         (clock clk_out1_xlnx_clk_gen rise edge)
                                                      0.000     0.000 r  
    K17                                               0.000     0.000 r  clk_sys (IN)
                         net (fo=0)                   0.000     0.000    i_xlnx_clk_gen/inst/clk_in1
    K17                  IBUF (Prop_ibuf_I_O)         1.404     1.404 r  i_xlnx_clk_gen/inst/clkin1_ibufg/O
                         net (fo=1, routed)           1.162     2.566    i_xlnx_clk_gen/inst/clk_in1_xlnx_clk_gen
    MMCME2_ADV_X1Y2      MMCME2_ADV (Prop_mmcme2_adv_CLKIN1_CLKOUT0)
                                                     -7.814    -5.248 r  i_xlnx_clk_gen/inst/mmcm_adv_inst/CLKOUT0
                         net (fo=1, routed)           2.012    -3.236    i_xlnx_clk_gen/inst/clk_out1_xlnx_clk_gen
    BUFGCTRL_X0Y16       BUFG (Prop_bufg_I_O)         0.091    -3.145 r  i_xlnx_clk_gen/inst/clkout1_buf/O
                         net (fo=15309, routed)       1.692    -1.453    i_dmi_jtag/i_dmi_cdc/i_cdc_resp/i_src/clk_out1
    SLICE_X110Y31        FDCE                                         r  i_dmi_jtag/i_dmi_cdc/i_cdc_resp/i_src/data_src_q_reg[data][6]/C
  -------------------------------------------------------------------    -------------------
    SLICE_X110Y31        FDCE (Prop_fdce_C_Q)         0.367    -1.086 r  i_dmi_jtag/i_dmi_cdc/i_cdc_resp/i_src/data_src_q_reg[data][6]/Q
                         net (fo=1, routed)           0.285    -0.801    i_dmi_jtag/i_dmi_cdc/i_cdc_resp/i_dst/D[6]
    SLICE_X110Y32        FDCE                                         r  i_dmi_jtag/i_dmi_cdc/i_cdc_resp/i_dst/data_dst_q_reg[data][6]/D
  -------------------------------------------------------------------    -------------------

                         (clock tck rise edge)        0.000     0.000 r  
    H15                                               0.000     0.000 r  tck (IN)
                         net (fo=0)                   0.000     0.000    tck
    H15                  IBUF (Prop_ibuf_I_O)         1.500     1.500 r  tck_IBUF_inst/O
                         net (fo=1, routed)           3.659     5.159    tck_IBUF
    BUFGCTRL_X0Y0        BUFG (Prop_bufg_I_O)         0.101     5.260 r  tck_IBUF_BUFG_inst/O
                         net (fo=258, routed)         1.870     7.130    i_dmi_jtag/i_dmi_cdc/i_cdc_resp/i_dst/CLK
    SLICE_X110Y32        FDCE                                         r  i_dmi_jtag/i_dmi_cdc/i_cdc_resp/i_dst/data_dst_q_reg[data][6]/C

Slack:                    inf
  Source:                 i_dmi_jtag/i_dmi_cdc/i_cdc_resp/i_src/data_src_q_reg[data][0]/C
                            (rising edge-triggered cell FDCE clocked by clk_out1_xlnx_clk_gen  {rise@0.000ns fall@15.625ns period=31.250ns})
  Destination:            i_dmi_jtag/i_dmi_cdc/i_cdc_resp/i_dst/data_dst_q_reg[data][0]/D
                            (rising edge-triggered cell FDCE clocked by tck  {rise@0.000ns fall@62.500ns period=125.000ns})
  Path Group:             (none)
  Path Type:              Hold (Min at Slow Process Corner)
  Data Path Delay:        0.649ns  (logic 0.367ns (56.564%)  route 0.282ns (43.436%))
  Logic Levels:           0  
  Clock Path Skew:        8.583ns (DCD - SCD - CPR)
    Destination Clock Delay (DCD):    7.134ns
    Source Clock Delay      (SCD):    -1.449ns
    Clock Pessimism Removal (CPR):    -0.000ns
  Clock Uncertainty:      0.604ns  ((TSJ^2 + TIJ^2 + DJ^2)^1/2) / 2 + PE
    Total System Jitter     (TSJ):    0.071ns
    Total Input Jitter      (TIJ):    1.000ns
    Discrete Jitter          (DJ):    0.155ns
    Phase Error              (PE):    0.097ns
  Timing Exception:       False Path

    Location             Delay type                Incr(ns)  Path(ns)    Netlist Resource(s)
  -------------------------------------------------------------------    -------------------
                         (clock clk_out1_xlnx_clk_gen rise edge)
                                                      0.000     0.000 r  
    K17                                               0.000     0.000 r  clk_sys (IN)
                         net (fo=0)                   0.000     0.000    i_xlnx_clk_gen/inst/clk_in1
    K17                  IBUF (Prop_ibuf_I_O)         1.404     1.404 r  i_xlnx_clk_gen/inst/clkin1_ibufg/O
                         net (fo=1, routed)           1.162     2.566    i_xlnx_clk_gen/inst/clk_in1_xlnx_clk_gen
    MMCME2_ADV_X1Y2      MMCME2_ADV (Prop_mmcme2_adv_CLKIN1_CLKOUT0)
                                                     -7.814    -5.248 r  i_xlnx_clk_gen/inst/mmcm_adv_inst/CLKOUT0
                         net (fo=1, routed)           2.012    -3.236    i_xlnx_clk_gen/inst/clk_out1_xlnx_clk_gen
    BUFGCTRL_X0Y16       BUFG (Prop_bufg_I_O)         0.091    -3.145 r  i_xlnx_clk_gen/inst/clkout1_buf/O
                         net (fo=15309, routed)       1.696    -1.449    i_dmi_jtag/i_dmi_cdc/i_cdc_resp/i_src/clk_out1
    SLICE_X110Y34        FDCE                                         r  i_dmi_jtag/i_dmi_cdc/i_cdc_resp/i_src/data_src_q_reg[data][0]/C
  -------------------------------------------------------------------    -------------------
    SLICE_X110Y34        FDCE (Prop_fdce_C_Q)         0.367    -1.082 r  i_dmi_jtag/i_dmi_cdc/i_cdc_resp/i_src/data_src_q_reg[data][0]/Q
                         net (fo=1, routed)           0.282    -0.800    i_dmi_jtag/i_dmi_cdc/i_cdc_resp/i_dst/D[0]
    SLICE_X111Y36        FDCE                                         r  i_dmi_jtag/i_dmi_cdc/i_cdc_resp/i_dst/data_dst_q_reg[data][0]/D
  -------------------------------------------------------------------    -------------------

                         (clock tck rise edge)        0.000     0.000 r  
    H15                                               0.000     0.000 r  tck (IN)
                         net (fo=0)                   0.000     0.000    tck
    H15                  IBUF (Prop_ibuf_I_O)         1.500     1.500 r  tck_IBUF_inst/O
                         net (fo=1, routed)           3.659     5.159    tck_IBUF
    BUFGCTRL_X0Y0        BUFG (Prop_bufg_I_O)         0.101     5.260 r  tck_IBUF_BUFG_inst/O
                         net (fo=258, routed)         1.874     7.134    i_dmi_jtag/i_dmi_cdc/i_cdc_resp/i_dst/CLK
    SLICE_X111Y36        FDCE                                         r  i_dmi_jtag/i_dmi_cdc/i_cdc_resp/i_dst/data_dst_q_reg[data][0]/C

Slack:                    inf
  Source:                 i_dmi_jtag/i_dmi_cdc/i_cdc_resp/i_src/data_src_q_reg[data][24]/C
                            (rising edge-triggered cell FDCE clocked by clk_out1_xlnx_clk_gen  {rise@0.000ns fall@15.625ns period=31.250ns})
  Destination:            i_dmi_jtag/i_dmi_cdc/i_cdc_resp/i_dst/data_dst_q_reg[data][24]/D
                            (rising edge-triggered cell FDCE clocked by tck  {rise@0.000ns fall@62.500ns period=125.000ns})
  Path Group:             (none)
  Path Type:              Hold (Min at Slow Process Corner)
  Data Path Delay:        0.728ns  (logic 0.367ns (50.409%)  route 0.361ns (49.591%))
  Logic Levels:           0  
  Clock Path Skew:        8.581ns (DCD - SCD - CPR)
    Destination Clock Delay (DCD):    7.054ns
    Source Clock Delay      (SCD):    -1.527ns
    Clock Pessimism Removal (CPR):    -0.000ns
  Clock Uncertainty:      0.604ns  ((TSJ^2 + TIJ^2 + DJ^2)^1/2) / 2 + PE
    Total System Jitter     (TSJ):    0.071ns
    Total Input Jitter      (TIJ):    1.000ns
    Discrete Jitter          (DJ):    0.155ns
    Phase Error              (PE):    0.097ns
  Timing Exception:       False Path

    Location             Delay type                Incr(ns)  Path(ns)    Netlist Resource(s)
  -------------------------------------------------------------------    -------------------
                         (clock clk_out1_xlnx_clk_gen rise edge)
                                                      0.000     0.000 r  
    K17                                               0.000     0.000 r  clk_sys (IN)
                         net (fo=0)                   0.000     0.000    i_xlnx_clk_gen/inst/clk_in1
    K17                  IBUF (Prop_ibuf_I_O)         1.404     1.404 r  i_xlnx_clk_gen/inst/clkin1_ibufg/O
                         net (fo=1, routed)           1.162     2.566    i_xlnx_clk_gen/inst/clk_in1_xlnx_clk_gen
    MMCME2_ADV_X1Y2      MMCME2_ADV (Prop_mmcme2_adv_CLKIN1_CLKOUT0)
                                                     -7.814    -5.248 r  i_xlnx_clk_gen/inst/mmcm_adv_inst/CLKOUT0
                         net (fo=1, routed)           2.012    -3.236    i_xlnx_clk_gen/inst/clk_out1_xlnx_clk_gen
    BUFGCTRL_X0Y16       BUFG (Prop_bufg_I_O)         0.091    -3.145 r  i_xlnx_clk_gen/inst/clkout1_buf/O
                         net (fo=15309, routed)       1.618    -1.527    i_dmi_jtag/i_dmi_cdc/i_cdc_resp/i_src/clk_out1
    SLICE_X101Y33        FDCE                                         r  i_dmi_jtag/i_dmi_cdc/i_cdc_resp/i_src/data_src_q_reg[data][24]/C
  -------------------------------------------------------------------    -------------------
    SLICE_X101Y33        FDCE (Prop_fdce_C_Q)         0.367    -1.160 r  i_dmi_jtag/i_dmi_cdc/i_cdc_resp/i_src/data_src_q_reg[data][24]/Q
                         net (fo=1, routed)           0.361    -0.798    i_dmi_jtag/i_dmi_cdc/i_cdc_resp/i_dst/D[24]
    SLICE_X101Y35        FDCE                                         r  i_dmi_jtag/i_dmi_cdc/i_cdc_resp/i_dst/data_dst_q_reg[data][24]/D
  -------------------------------------------------------------------    -------------------

                         (clock tck rise edge)        0.000     0.000 r  
    H15                                               0.000     0.000 r  tck (IN)
                         net (fo=0)                   0.000     0.000    tck
    H15                  IBUF (Prop_ibuf_I_O)         1.500     1.500 r  tck_IBUF_inst/O
                         net (fo=1, routed)           3.659     5.159    tck_IBUF
    BUFGCTRL_X0Y0        BUFG (Prop_bufg_I_O)         0.101     5.260 r  tck_IBUF_BUFG_inst/O
                         net (fo=258, routed)         1.794     7.054    i_dmi_jtag/i_dmi_cdc/i_cdc_resp/i_dst/CLK
    SLICE_X101Y35        FDCE                                         r  i_dmi_jtag/i_dmi_cdc/i_cdc_resp/i_dst/data_dst_q_reg[data][24]/C

Slack:                    inf
  Source:                 i_dmi_jtag/i_dmi_cdc/i_cdc_resp/i_src/data_src_q_reg[data][23]/C
                            (rising edge-triggered cell FDCE clocked by clk_out1_xlnx_clk_gen  {rise@0.000ns fall@15.625ns period=31.250ns})
  Destination:            i_dmi_jtag/i_dmi_cdc/i_cdc_resp/i_dst/data_dst_q_reg[data][23]/D
                            (rising edge-triggered cell FDCE clocked by tck  {rise@0.000ns fall@62.500ns period=125.000ns})
  Path Group:             (none)
  Path Type:              Hold (Min at Slow Process Corner)
  Data Path Delay:        0.767ns  (logic 0.337ns (43.926%)  route 0.430ns (56.074%))
  Logic Levels:           0  
  Clock Path Skew:        8.581ns (DCD - SCD - CPR)
    Destination Clock Delay (DCD):    7.054ns
    Source Clock Delay      (SCD):    -1.527ns
    Clock Pessimism Removal (CPR):    -0.000ns
  Clock Uncertainty:      0.604ns  ((TSJ^2 + TIJ^2 + DJ^2)^1/2) / 2 + PE
    Total System Jitter     (TSJ):    0.071ns
    Total Input Jitter      (TIJ):    1.000ns
    Discrete Jitter          (DJ):    0.155ns
    Phase Error              (PE):    0.097ns
  Timing Exception:       False Path

    Location             Delay type                Incr(ns)  Path(ns)    Netlist Resource(s)
  -------------------------------------------------------------------    -------------------
                         (clock clk_out1_xlnx_clk_gen rise edge)
                                                      0.000     0.000 r  
    K17                                               0.000     0.000 r  clk_sys (IN)
                         net (fo=0)                   0.000     0.000    i_xlnx_clk_gen/inst/clk_in1
    K17                  IBUF (Prop_ibuf_I_O)         1.404     1.404 r  i_xlnx_clk_gen/inst/clkin1_ibufg/O
                         net (fo=1, routed)           1.162     2.566    i_xlnx_clk_gen/inst/clk_in1_xlnx_clk_gen
    MMCME2_ADV_X1Y2      MMCME2_ADV (Prop_mmcme2_adv_CLKIN1_CLKOUT0)
                                                     -7.814    -5.248 r  i_xlnx_clk_gen/inst/mmcm_adv_inst/CLKOUT0
                         net (fo=1, routed)           2.012    -3.236    i_xlnx_clk_gen/inst/clk_out1_xlnx_clk_gen
    BUFGCTRL_X0Y16       BUFG (Prop_bufg_I_O)         0.091    -3.145 r  i_xlnx_clk_gen/inst/clkout1_buf/O
                         net (fo=15309, routed)       1.618    -1.527    i_dmi_jtag/i_dmi_cdc/i_cdc_resp/i_src/clk_out1
    SLICE_X101Y33        FDCE                                         r  i_dmi_jtag/i_dmi_cdc/i_cdc_resp/i_src/data_src_q_reg[data][23]/C
  -------------------------------------------------------------------    -------------------
    SLICE_X101Y33        FDCE (Prop_fdce_C_Q)         0.337    -1.190 r  i_dmi_jtag/i_dmi_cdc/i_cdc_resp/i_src/data_src_q_reg[data][23]/Q
                         net (fo=1, routed)           0.430    -0.759    i_dmi_jtag/i_dmi_cdc/i_cdc_resp/i_dst/D[23]
    SLICE_X101Y35        FDCE                                         r  i_dmi_jtag/i_dmi_cdc/i_cdc_resp/i_dst/data_dst_q_reg[data][23]/D
  -------------------------------------------------------------------    -------------------

                         (clock tck rise edge)        0.000     0.000 r  
    H15                                               0.000     0.000 r  tck (IN)
                         net (fo=0)                   0.000     0.000    tck
    H15                  IBUF (Prop_ibuf_I_O)         1.500     1.500 r  tck_IBUF_inst/O
                         net (fo=1, routed)           3.659     5.159    tck_IBUF
    BUFGCTRL_X0Y0        BUFG (Prop_bufg_I_O)         0.101     5.260 r  tck_IBUF_BUFG_inst/O
                         net (fo=258, routed)         1.794     7.054    i_dmi_jtag/i_dmi_cdc/i_cdc_resp/i_dst/CLK
    SLICE_X101Y35        FDCE                                         r  i_dmi_jtag/i_dmi_cdc/i_cdc_resp/i_dst/data_dst_q_reg[data][23]/C

Slack:                    inf
  Source:                 i_dmi_jtag/i_dmi_cdc/i_cdc_resp/i_src/data_src_q_reg[data][17]/C
                            (rising edge-triggered cell FDCE clocked by clk_out1_xlnx_clk_gen  {rise@0.000ns fall@15.625ns period=31.250ns})
  Destination:            i_dmi_jtag/i_dmi_cdc/i_cdc_resp/i_dst/data_dst_q_reg[data][17]/D
                            (rising edge-triggered cell FDCE clocked by tck  {rise@0.000ns fall@62.500ns period=125.000ns})
  Path Group:             (none)
  Path Type:              Hold (Min at Slow Process Corner)
  Data Path Delay:        0.784ns  (logic 0.385ns (49.120%)  route 0.399ns (50.880%))
  Logic Levels:           0  
  Clock Path Skew:        8.578ns (DCD - SCD - CPR)
    Destination Clock Delay (DCD):    7.053ns
    Source Clock Delay      (SCD):    -1.525ns
    Clock Pessimism Removal (CPR):    -0.000ns
  Clock Uncertainty:      0.604ns  ((TSJ^2 + TIJ^2 + DJ^2)^1/2) / 2 + PE
    Total System Jitter     (TSJ):    0.071ns
    Total Input Jitter      (TIJ):    1.000ns
    Discrete Jitter          (DJ):    0.155ns
    Phase Error              (PE):    0.097ns
  Timing Exception:       False Path

    Location             Delay type                Incr(ns)  Path(ns)    Netlist Resource(s)
  -------------------------------------------------------------------    -------------------
                         (clock clk_out1_xlnx_clk_gen rise edge)
                                                      0.000     0.000 r  
    K17                                               0.000     0.000 r  clk_sys (IN)
                         net (fo=0)                   0.000     0.000    i_xlnx_clk_gen/inst/clk_in1
    K17                  IBUF (Prop_ibuf_I_O)         1.404     1.404 r  i_xlnx_clk_gen/inst/clkin1_ibufg/O
                         net (fo=1, routed)           1.162     2.566    i_xlnx_clk_gen/inst/clk_in1_xlnx_clk_gen
    MMCME2_ADV_X1Y2      MMCME2_ADV (Prop_mmcme2_adv_CLKIN1_CLKOUT0)
                                                     -7.814    -5.248 r  i_xlnx_clk_gen/inst/mmcm_adv_inst/CLKOUT0
                         net (fo=1, routed)           2.012    -3.236    i_xlnx_clk_gen/inst/clk_out1_xlnx_clk_gen
    BUFGCTRL_X0Y16       BUFG (Prop_bufg_I_O)         0.091    -3.145 r  i_xlnx_clk_gen/inst/clkout1_buf/O
                         net (fo=15309, routed)       1.620    -1.525    i_dmi_jtag/i_dmi_cdc/i_cdc_resp/i_src/clk_out1
    SLICE_X104Y34        FDCE                                         r  i_dmi_jtag/i_dmi_cdc/i_cdc_resp/i_src/data_src_q_reg[data][17]/C
  -------------------------------------------------------------------    -------------------
    SLICE_X104Y34        FDCE (Prop_fdce_C_Q)         0.385    -1.140 r  i_dmi_jtag/i_dmi_cdc/i_cdc_resp/i_src/data_src_q_reg[data][17]/Q
                         net (fo=1, routed)           0.399    -0.741    i_dmi_jtag/i_dmi_cdc/i_cdc_resp/i_dst/D[17]
    SLICE_X103Y34        FDCE                                         r  i_dmi_jtag/i_dmi_cdc/i_cdc_resp/i_dst/data_dst_q_reg[data][17]/D
  -------------------------------------------------------------------    -------------------

                         (clock tck rise edge)        0.000     0.000 r  
    H15                                               0.000     0.000 r  tck (IN)
                         net (fo=0)                   0.000     0.000    tck
    H15                  IBUF (Prop_ibuf_I_O)         1.500     1.500 r  tck_IBUF_inst/O
                         net (fo=1, routed)           3.659     5.159    tck_IBUF
    BUFGCTRL_X0Y0        BUFG (Prop_bufg_I_O)         0.101     5.260 r  tck_IBUF_BUFG_inst/O
                         net (fo=258, routed)         1.793     7.053    i_dmi_jtag/i_dmi_cdc/i_cdc_resp/i_dst/CLK
    SLICE_X103Y34        FDCE                                         r  i_dmi_jtag/i_dmi_cdc/i_cdc_resp/i_dst/data_dst_q_reg[data][17]/C

Slack:                    inf
  Source:                 i_dmi_jtag/i_dmi_cdc/i_cdc_resp/i_src/data_src_q_reg[data][29]/C
                            (rising edge-triggered cell FDCE clocked by clk_out1_xlnx_clk_gen  {rise@0.000ns fall@15.625ns period=31.250ns})
  Destination:            i_dmi_jtag/i_dmi_cdc/i_cdc_resp/i_dst/data_dst_q_reg[data][29]/D
                            (rising edge-triggered cell FDCE clocked by tck  {rise@0.000ns fall@62.500ns period=125.000ns})
  Path Group:             (none)
  Path Type:              Hold (Min at Slow Process Corner)
  Data Path Delay:        0.792ns  (logic 0.385ns (48.601%)  route 0.407ns (51.399%))
  Logic Levels:           0  
  Clock Path Skew:        8.580ns (DCD - SCD - CPR)
    Destination Clock Delay (DCD):    7.055ns
    Source Clock Delay      (SCD):    -1.525ns
    Clock Pessimism Removal (CPR):    -0.000ns
  Clock Uncertainty:      0.604ns  ((TSJ^2 + TIJ^2 + DJ^2)^1/2) / 2 + PE
    Total System Jitter     (TSJ):    0.071ns
    Total Input Jitter      (TIJ):    1.000ns
    Discrete Jitter          (DJ):    0.155ns
    Phase Error              (PE):    0.097ns
  Timing Exception:       False Path

    Location             Delay type                Incr(ns)  Path(ns)    Netlist Resource(s)
  -------------------------------------------------------------------    -------------------
                         (clock clk_out1_xlnx_clk_gen rise edge)
                                                      0.000     0.000 r  
    K17                                               0.000     0.000 r  clk_sys (IN)
                         net (fo=0)                   0.000     0.000    i_xlnx_clk_gen/inst/clk_in1
    K17                  IBUF (Prop_ibuf_I_O)         1.404     1.404 r  i_xlnx_clk_gen/inst/clkin1_ibufg/O
                         net (fo=1, routed)           1.162     2.566    i_xlnx_clk_gen/inst/clk_in1_xlnx_clk_gen
    MMCME2_ADV_X1Y2      MMCME2_ADV (Prop_mmcme2_adv_CLKIN1_CLKOUT0)
                                                     -7.814    -5.248 r  i_xlnx_clk_gen/inst/mmcm_adv_inst/CLKOUT0
                         net (fo=1, routed)           2.012    -3.236    i_xlnx_clk_gen/inst/clk_out1_xlnx_clk_gen
    BUFGCTRL_X0Y16       BUFG (Prop_bufg_I_O)         0.091    -3.145 r  i_xlnx_clk_gen/inst/clkout1_buf/O
                         net (fo=15309, routed)       1.620    -1.525    i_dmi_jtag/i_dmi_cdc/i_cdc_resp/i_src/clk_out1
    SLICE_X100Y35        FDCE                                         r  i_dmi_jtag/i_dmi_cdc/i_cdc_resp/i_src/data_src_q_reg[data][29]/C
  -------------------------------------------------------------------    -------------------
    SLICE_X100Y35        FDCE (Prop_fdce_C_Q)         0.385    -1.140 r  i_dmi_jtag/i_dmi_cdc/i_cdc_resp/i_src/data_src_q_reg[data][29]/Q
                         net (fo=1, routed)           0.407    -0.732    i_dmi_jtag/i_dmi_cdc/i_cdc_resp/i_dst/D[29]
    SLICE_X99Y37         FDCE                                         r  i_dmi_jtag/i_dmi_cdc/i_cdc_resp/i_dst/data_dst_q_reg[data][29]/D
  -------------------------------------------------------------------    -------------------

                         (clock tck rise edge)        0.000     0.000 r  
    H15                                               0.000     0.000 r  tck (IN)
                         net (fo=0)                   0.000     0.000    tck
    H15                  IBUF (Prop_ibuf_I_O)         1.500     1.500 r  tck_IBUF_inst/O
                         net (fo=1, routed)           3.659     5.159    tck_IBUF
    BUFGCTRL_X0Y0        BUFG (Prop_bufg_I_O)         0.101     5.260 r  tck_IBUF_BUFG_inst/O
                         net (fo=258, routed)         1.795     7.055    i_dmi_jtag/i_dmi_cdc/i_cdc_resp/i_dst/CLK
    SLICE_X99Y37         FDCE                                         r  i_dmi_jtag/i_dmi_cdc/i_cdc_resp/i_dst/data_dst_q_reg[data][29]/C

Slack:                    inf
  Source:                 i_dmi_jtag/i_dmi_cdc/i_cdc_resp/i_src/data_src_q_reg[resp][0]/C
                            (rising edge-triggered cell FDCE clocked by clk_out1_xlnx_clk_gen  {rise@0.000ns fall@15.625ns period=31.250ns})
  Destination:            i_dmi_jtag/i_dmi_cdc/i_cdc_resp/i_dst/data_dst_q_reg[resp][0]/D
                            (rising edge-triggered cell FDCE clocked by tck  {rise@0.000ns fall@62.500ns period=125.000ns})
  Path Group:             (none)
  Path Type:              Hold (Min at Slow Process Corner)
  Data Path Delay:        0.802ns  (logic 0.367ns (45.745%)  route 0.435ns (54.255%))
  Logic Levels:           0  
  Clock Path Skew:        8.579ns (DCD - SCD - CPR)
    Destination Clock Delay (DCD):    7.057ns
    Source Clock Delay      (SCD):    -1.522ns
    Clock Pessimism Removal (CPR):    -0.000ns
  Clock Uncertainty:      0.604ns  ((TSJ^2 + TIJ^2 + DJ^2)^1/2) / 2 + PE
    Total System Jitter     (TSJ):    0.071ns
    Total Input Jitter      (TIJ):    1.000ns
    Discrete Jitter          (DJ):    0.155ns
    Phase Error              (PE):    0.097ns
  Timing Exception:       False Path

    Location             Delay type                Incr(ns)  Path(ns)    Netlist Resource(s)
  -------------------------------------------------------------------    -------------------
                         (clock clk_out1_xlnx_clk_gen rise edge)
                                                      0.000     0.000 r  
    K17                                               0.000     0.000 r  clk_sys (IN)
                         net (fo=0)                   0.000     0.000    i_xlnx_clk_gen/inst/clk_in1
    K17                  IBUF (Prop_ibuf_I_O)         1.404     1.404 r  i_xlnx_clk_gen/inst/clkin1_ibufg/O
                         net (fo=1, routed)           1.162     2.566    i_xlnx_clk_gen/inst/clk_in1_xlnx_clk_gen
    MMCME2_ADV_X1Y2      MMCME2_ADV (Prop_mmcme2_adv_CLKIN1_CLKOUT0)
                                                     -7.814    -5.248 r  i_xlnx_clk_gen/inst/mmcm_adv_inst/CLKOUT0
                         net (fo=1, routed)           2.012    -3.236    i_xlnx_clk_gen/inst/clk_out1_xlnx_clk_gen
    BUFGCTRL_X0Y16       BUFG (Prop_bufg_I_O)         0.091    -3.145 r  i_xlnx_clk_gen/inst/clkout1_buf/O
                         net (fo=15309, routed)       1.623    -1.522    i_dmi_jtag/i_dmi_cdc/i_cdc_resp/i_src/clk_out1
    SLICE_X101Y39        FDCE                                         r  i_dmi_jtag/i_dmi_cdc/i_cdc_resp/i_src/data_src_q_reg[resp][0]/C
  -------------------------------------------------------------------    -------------------
    SLICE_X101Y39        FDCE (Prop_fdce_C_Q)         0.367    -1.155 r  i_dmi_jtag/i_dmi_cdc/i_cdc_resp/i_src/data_src_q_reg[resp][0]/Q
                         net (fo=1, routed)           0.435    -0.719    i_dmi_jtag/i_dmi_cdc/i_cdc_resp/i_dst/data_dst_q_reg[resp][1]_0[0]
    SLICE_X100Y39        FDCE                                         r  i_dmi_jtag/i_dmi_cdc/i_cdc_resp/i_dst/data_dst_q_reg[resp][0]/D
  -------------------------------------------------------------------    -------------------

                         (clock tck rise edge)        0.000     0.000 r  
    H15                                               0.000     0.000 r  tck (IN)
                         net (fo=0)                   0.000     0.000    tck
    H15                  IBUF (Prop_ibuf_I_O)         1.500     1.500 r  tck_IBUF_inst/O
                         net (fo=1, routed)           3.659     5.159    tck_IBUF
    BUFGCTRL_X0Y0        BUFG (Prop_bufg_I_O)         0.101     5.260 r  tck_IBUF_BUFG_inst/O
                         net (fo=258, routed)         1.797     7.057    i_dmi_jtag/i_dmi_cdc/i_cdc_resp/i_dst/CLK
    SLICE_X100Y39        FDCE                                         r  i_dmi_jtag/i_dmi_cdc/i_cdc_resp/i_dst/data_dst_q_reg[resp][0]/C

Slack:                    inf
  Source:                 i_dmi_jtag/i_dmi_cdc/i_cdc_resp/i_src/data_src_q_reg[data][7]/C
                            (rising edge-triggered cell FDCE clocked by clk_out1_xlnx_clk_gen  {rise@0.000ns fall@15.625ns period=31.250ns})
  Destination:            i_dmi_jtag/i_dmi_cdc/i_cdc_resp/i_dst/data_dst_q_reg[data][7]/D
                            (rising edge-triggered cell FDCE clocked by tck  {rise@0.000ns fall@62.500ns period=125.000ns})
  Path Group:             (none)
  Path Type:              Hold (Min at Slow Process Corner)
  Data Path Delay:        0.734ns  (logic 0.337ns (45.941%)  route 0.397ns (54.059%))
  Logic Levels:           0  
  Clock Path Skew:        8.583ns (DCD - SCD - CPR)
    Destination Clock Delay (DCD):    7.130ns
    Source Clock Delay      (SCD):    -1.453ns
    Clock Pessimism Removal (CPR):    -0.000ns
  Clock Uncertainty:      0.604ns  ((TSJ^2 + TIJ^2 + DJ^2)^1/2) / 2 + PE
    Total System Jitter     (TSJ):    0.071ns
    Total Input Jitter      (TIJ):    1.000ns
    Discrete Jitter          (DJ):    0.155ns
    Phase Error              (PE):    0.097ns
  Timing Exception:       False Path

    Location             Delay type                Incr(ns)  Path(ns)    Netlist Resource(s)
  -------------------------------------------------------------------    -------------------
                         (clock clk_out1_xlnx_clk_gen rise edge)
                                                      0.000     0.000 r  
    K17                                               0.000     0.000 r  clk_sys (IN)
                         net (fo=0)                   0.000     0.000    i_xlnx_clk_gen/inst/clk_in1
    K17                  IBUF (Prop_ibuf_I_O)         1.404     1.404 r  i_xlnx_clk_gen/inst/clkin1_ibufg/O
                         net (fo=1, routed)           1.162     2.566    i_xlnx_clk_gen/inst/clk_in1_xlnx_clk_gen
    MMCME2_ADV_X1Y2      MMCME2_ADV (Prop_mmcme2_adv_CLKIN1_CLKOUT0)
                                                     -7.814    -5.248 r  i_xlnx_clk_gen/inst/mmcm_adv_inst/CLKOUT0
                         net (fo=1, routed)           2.012    -3.236    i_xlnx_clk_gen/inst/clk_out1_xlnx_clk_gen
    BUFGCTRL_X0Y16       BUFG (Prop_bufg_I_O)         0.091    -3.145 r  i_xlnx_clk_gen/inst/clkout1_buf/O
                         net (fo=15309, routed)       1.692    -1.453    i_dmi_jtag/i_dmi_cdc/i_cdc_resp/i_src/clk_out1
    SLICE_X110Y31        FDCE                                         r  i_dmi_jtag/i_dmi_cdc/i_cdc_resp/i_src/data_src_q_reg[data][7]/C
  -------------------------------------------------------------------    -------------------
    SLICE_X110Y31        FDCE (Prop_fdce_C_Q)         0.337    -1.116 r  i_dmi_jtag/i_dmi_cdc/i_cdc_resp/i_src/data_src_q_reg[data][7]/Q
                         net (fo=1, routed)           0.397    -0.719    i_dmi_jtag/i_dmi_cdc/i_cdc_resp/i_dst/D[7]
    SLICE_X110Y32        FDCE                                         r  i_dmi_jtag/i_dmi_cdc/i_cdc_resp/i_dst/data_dst_q_reg[data][7]/D
  -------------------------------------------------------------------    -------------------

                         (clock tck rise edge)        0.000     0.000 r  
    H15                                               0.000     0.000 r  tck (IN)
                         net (fo=0)                   0.000     0.000    tck
    H15                  IBUF (Prop_ibuf_I_O)         1.500     1.500 r  tck_IBUF_inst/O
                         net (fo=1, routed)           3.659     5.159    tck_IBUF
    BUFGCTRL_X0Y0        BUFG (Prop_bufg_I_O)         0.101     5.260 r  tck_IBUF_BUFG_inst/O
                         net (fo=258, routed)         1.870     7.130    i_dmi_jtag/i_dmi_cdc/i_cdc_resp/i_dst/CLK
    SLICE_X110Y32        FDCE                                         r  i_dmi_jtag/i_dmi_cdc/i_cdc_resp/i_dst/data_dst_q_reg[data][7]/C





--------------------------------------------------------------------------------------
Path Group:  (none)
From Clock:  clk_out1_xlnx_clk_gen
  To Clock:  

Max Delay             1 Endpoint
Min Delay             1 Endpoint
--------------------------------------------------------------------------------------


Max Delay Paths
--------------------------------------------------------------------------------------
Slack:                    inf
  Source:                 i_ariane_peripherals/gen_uart.i_apb_uart/SOUT_reg/C
                            (rising edge-triggered cell FDPE clocked by clk_out1_xlnx_clk_gen  {rise@0.000ns fall@15.625ns period=31.250ns})
  Destination:            tx
                            (output port)
  Path Group:             (none)
  Path Type:              Max at Slow Process Corner
  Data Path Delay:        8.780ns  (logic 4.078ns (46.444%)  route 4.702ns (53.556%))
  Logic Levels:           1  (OBUF=1)
  Clock Uncertainty:      0.178ns  ((TSJ^2 + DJ^2)^1/2) / 2 + PE
    Total System Jitter     (TSJ):    0.050ns
    Discrete Jitter          (DJ):    0.155ns
    Phase Error              (PE):    0.097ns

    Location             Delay type                Incr(ns)  Path(ns)    Netlist Resource(s)
  -------------------------------------------------------------------    -------------------
                         (clock clk_out1_xlnx_clk_gen rise edge)
                                                      0.000     0.000 r  
    K17                                               0.000     0.000 r  clk_sys (IN)
                         net (fo=0)                   0.000     0.000    i_xlnx_clk_gen/inst/clk_in1
    K17                  IBUF (Prop_ibuf_I_O)         1.475     1.475 r  i_xlnx_clk_gen/inst/clkin1_ibufg/O
                         net (fo=1, routed)           1.285     2.760    i_xlnx_clk_gen/inst/clk_in1_xlnx_clk_gen
    MMCME2_ADV_X1Y2      MMCME2_ADV (Prop_mmcme2_adv_CLKIN1_CLKOUT0)
                                                     -7.759    -4.999 r  i_xlnx_clk_gen/inst/mmcm_adv_inst/CLKOUT0
                         net (fo=1, routed)           2.206    -2.793    i_xlnx_clk_gen/inst/clk_out1_xlnx_clk_gen
    BUFGCTRL_X0Y16       BUFG (Prop_bufg_I_O)         0.101    -2.692 r  i_xlnx_clk_gen/inst/clkout1_buf/O
                         net (fo=15309, routed)       1.797    -0.895    i_ariane_peripherals/gen_uart.i_apb_uart/clk_out1
    SLICE_X91Y11         FDPE                                         r  i_ariane_peripherals/gen_uart.i_apb_uart/SOUT_reg/C
  -------------------------------------------------------------------    -------------------
    SLICE_X91Y11         FDPE (Prop_fdpe_C_Q)         0.456    -0.439 r  i_ariane_peripherals/gen_uart.i_apb_uart/SOUT_reg/Q
                         net (fo=1, routed)           4.702     4.263    tx_OBUF
    W8                   OBUF (Prop_obuf_I_O)         3.622     7.885 r  tx_OBUF_inst/O
                         net (fo=0)                   0.000     7.885    tx
    W8                                                                r  tx (OUT)
  -------------------------------------------------------------------    -------------------





Min Delay Paths
--------------------------------------------------------------------------------------
Slack:                    inf
  Source:                 i_ariane_peripherals/gen_uart.i_apb_uart/SOUT_reg/C
                            (rising edge-triggered cell FDPE clocked by clk_out1_xlnx_clk_gen  {rise@0.000ns fall@15.625ns period=31.250ns})
  Destination:            tx
                            (output port)
  Path Group:             (none)
  Path Type:              Min at Fast Process Corner
  Data Path Delay:        3.277ns  (logic 1.463ns (44.639%)  route 1.814ns (55.361%))
  Logic Levels:           1  (OBUF=1)
  Clock Uncertainty:      0.178ns  ((TSJ^2 + DJ^2)^1/2) / 2 + PE
    Total System Jitter     (TSJ):    0.050ns
    Discrete Jitter          (DJ):    0.155ns
    Phase Error              (PE):    0.097ns

    Location             Delay type                Incr(ns)  Path(ns)    Netlist Resource(s)
  -------------------------------------------------------------------    -------------------
                         (clock clk_out1_xlnx_clk_gen rise edge)
                                                      0.000     0.000 r  
    K17                                               0.000     0.000 r  clk_sys (IN)
                         net (fo=0)                   0.000     0.000    i_xlnx_clk_gen/inst/clk_in1
    K17                  IBUF (Prop_ibuf_I_O)         0.243     0.243 r  i_xlnx_clk_gen/inst/clkin1_ibufg/O
                         net (fo=1, routed)           0.440     0.683    i_xlnx_clk_gen/inst/clk_in1_xlnx_clk_gen
    MMCME2_ADV_X1Y2      MMCME2_ADV (Prop_mmcme2_adv_CLKIN1_CLKOUT0)
                                                     -2.613    -1.930 r  i_xlnx_clk_gen/inst/mmcm_adv_inst/CLKOUT0
                         net (fo=1, routed)           0.696    -1.233    i_xlnx_clk_gen/inst/clk_out1_xlnx_clk_gen
    BUFGCTRL_X0Y16       BUFG (Prop_bufg_I_O)         0.026    -1.207 r  i_xlnx_clk_gen/inst/clkout1_buf/O
                         net (fo=15309, routed)       0.610    -0.598    i_ariane_peripherals/gen_uart.i_apb_uart/clk_out1
    SLICE_X91Y11         FDPE                                         r  i_ariane_peripherals/gen_uart.i_apb_uart/SOUT_reg/C
  -------------------------------------------------------------------    -------------------
    SLICE_X91Y11         FDPE (Prop_fdpe_C_Q)         0.141    -0.457 r  i_ariane_peripherals/gen_uart.i_apb_uart/SOUT_reg/Q
                         net (fo=1, routed)           1.814     1.358    tx_OBUF
    W8                   OBUF (Prop_obuf_I_O)         1.322     2.680 r  tx_OBUF_inst/O
                         net (fo=0)                   0.000     2.680    tx
    W8                                                                r  tx (OUT)
  -------------------------------------------------------------------    -------------------





--------------------------------------------------------------------------------------
Path Group:  (none)
From Clock:  clkfbout_xlnx_clk_gen
  To Clock:  

Max Delay             1 Endpoint
Min Delay             1 Endpoint
--------------------------------------------------------------------------------------


Max Delay Paths
--------------------------------------------------------------------------------------
Slack:                    inf
  Source:                 i_xlnx_clk_gen/inst/mmcm_adv_inst/CLKFBOUT
                            (clock source 'clkfbout_xlnx_clk_gen'  {rise@0.000ns fall@4.000ns period=8.000ns})
  Destination:            i_xlnx_clk_gen/inst/mmcm_adv_inst/CLKFBIN
  Path Group:             (none)
  Path Type:              Max at Slow Process Corner
  Data Path Delay:        4.287ns  (logic 0.101ns (2.356%)  route 4.186ns (97.644%))
  Logic Levels:           1  (BUFG=1)
  Clock Uncertainty:      0.144ns  ((TSJ^2 + DJ^2)^1/2) / 2 + PE
    Total System Jitter     (TSJ):    0.050ns
    Discrete Jitter          (DJ):    0.080ns
    Phase Error              (PE):    0.097ns

    Location             Delay type                Incr(ns)  Path(ns)    Netlist Resource(s)
  -------------------------------------------------------------------    -------------------
                         (clock clkfbout_xlnx_clk_gen fall edge)
                                                      4.000     4.000 f  
    K17                                               0.000     4.000 f  clk_sys (IN)
                         net (fo=0)                   0.000     4.000    i_xlnx_clk_gen/inst/clk_in1
    K17                  IBUF (Prop_ibuf_I_O)         1.475     5.475 f  i_xlnx_clk_gen/inst/clkin1_ibufg/O
                         net (fo=1, routed)           1.285     6.760    i_xlnx_clk_gen/inst/clk_in1_xlnx_clk_gen
  -------------------------------------------------------------------    -------------------
    MMCME2_ADV_X1Y2      MMCME2_ADV (Prop_mmcme2_adv_CLKIN1_CLKFBOUT)
                                                     -7.759    -0.999 f  i_xlnx_clk_gen/inst/mmcm_adv_inst/CLKFBOUT
                         net (fo=1, routed)           2.206     1.207    i_xlnx_clk_gen/inst/clkfbout_xlnx_clk_gen
    BUFGCTRL_X0Y17       BUFG (Prop_bufg_I_O)         0.101     1.308 f  i_xlnx_clk_gen/inst/clkf_buf/O
                         net (fo=1, routed)           1.980     3.288    i_xlnx_clk_gen/inst/clkfbout_buf_xlnx_clk_gen
    MMCME2_ADV_X1Y2      MMCME2_ADV                                   f  i_xlnx_clk_gen/inst/mmcm_adv_inst/CLKFBIN
  -------------------------------------------------------------------    -------------------





Min Delay Paths
--------------------------------------------------------------------------------------
Slack:                    inf
  Source:                 i_xlnx_clk_gen/inst/mmcm_adv_inst/CLKFBOUT
                            (clock source 'clkfbout_xlnx_clk_gen'  {rise@0.000ns fall@4.000ns period=8.000ns})
  Destination:            i_xlnx_clk_gen/inst/mmcm_adv_inst/CLKFBIN
  Path Group:             (none)
  Path Type:              Min at Slow Process Corner
  Data Path Delay:        3.873ns  (logic 0.091ns (2.349%)  route 3.782ns (97.651%))
  Logic Levels:           1  (BUFG=1)
  Clock Uncertainty:      0.144ns  ((TSJ^2 + DJ^2)^1/2) / 2 + PE
    Total System Jitter     (TSJ):    0.050ns
    Discrete Jitter          (DJ):    0.080ns
    Phase Error              (PE):    0.097ns

    Location             Delay type                Incr(ns)  Path(ns)    Netlist Resource(s)
  -------------------------------------------------------------------    -------------------
                         (clock clkfbout_xlnx_clk_gen rise edge)
                                                      0.000     0.000 r  
    K17                                               0.000     0.000 r  clk_sys (IN)
                         net (fo=0)                   0.000     0.000    i_xlnx_clk_gen/inst/clk_in1
    K17                  IBUF (Prop_ibuf_I_O)         1.404     1.404 r  i_xlnx_clk_gen/inst/clkin1_ibufg/O
                         net (fo=1, routed)           1.162     2.566    i_xlnx_clk_gen/inst/clk_in1_xlnx_clk_gen
  -------------------------------------------------------------------    -------------------
    MMCME2_ADV_X1Y2      MMCME2_ADV (Prop_mmcme2_adv_CLKIN1_CLKFBOUT)
                                                     -7.814    -5.248 r  i_xlnx_clk_gen/inst/mmcm_adv_inst/CLKFBOUT
                         net (fo=1, routed)           2.012    -3.236    i_xlnx_clk_gen/inst/clkfbout_xlnx_clk_gen
    BUFGCTRL_X0Y17       BUFG (Prop_bufg_I_O)         0.091    -3.145 r  i_xlnx_clk_gen/inst/clkf_buf/O
                         net (fo=1, routed)           1.770    -1.375    i_xlnx_clk_gen/inst/clkfbout_buf_xlnx_clk_gen
    MMCME2_ADV_X1Y2      MMCME2_ADV                                   r  i_xlnx_clk_gen/inst/mmcm_adv_inst/CLKFBIN
  -------------------------------------------------------------------    -------------------





--------------------------------------------------------------------------------------
Path Group:  (none)
From Clock:  
  To Clock:  clk_out1_xlnx_clk_gen

Max Delay           843 Endpoints
Min Delay           843 Endpoints
--------------------------------------------------------------------------------------


Max Delay Paths
--------------------------------------------------------------------------------------
Slack:                    inf
  Source:                 cpu_reset
                            (input port)
  Destination:            i_dmi_jtag/i_dmi_cdc/i_cdc_resp/i_src/data_src_q_reg[resp][0]/CLR
                            (recovery check against rising-edge clock clk_out1_xlnx_clk_gen  {rise@0.000ns fall@15.625ns period=31.250ns})
  Path Group:             (none)
  Path Type:              Recovery (Max at Slow Process Corner)
  Data Path Delay:        11.857ns  (logic 1.569ns (13.234%)  route 10.288ns (86.766%))
  Logic Levels:           1  (IBUF=1)
  Clock Path Skew:        -1.522ns (DCD - SCD + CPR)
    Destination Clock Delay (DCD):    -1.522ns
    Source Clock Delay      (SCD):    0.000ns
    Clock Pessimism Removal (CPR):    0.000ns
  Clock Uncertainty:      0.178ns  ((TSJ^2 + DJ^2)^1/2) / 2 + PE
    Total System Jitter     (TSJ):    0.050ns
    Discrete Jitter          (DJ):    0.155ns
    Phase Error              (PE):    0.097ns

    Location             Delay type                Incr(ns)  Path(ns)    Netlist Resource(s)
  -------------------------------------------------------------------    -------------------
    Y16                                               0.000     0.000 f  cpu_reset (IN)
                         net (fo=0)                   0.000     0.000    cpu_reset
    Y16                  IBUF (Prop_ibuf_I_O)         1.569     1.569 f  cpu_reset_IBUF_inst/O
                         net (fo=839, routed)        10.288    11.857    i_dmi_jtag/i_dmi_cdc/i_cdc_resp/i_src/cpu_reset_IBUF
    SLICE_X101Y39        FDCE                                         f  i_dmi_jtag/i_dmi_cdc/i_cdc_resp/i_src/data_src_q_reg[resp][0]/CLR
  -------------------------------------------------------------------    -------------------

                         (clock clk_out1_xlnx_clk_gen rise edge)
                                                      0.000     0.000 r  
    K17                                               0.000     0.000 r  clk_sys (IN)
                         net (fo=0)                   0.000     0.000    i_xlnx_clk_gen/inst/clk_in1
    K17                  IBUF (Prop_ibuf_I_O)         1.404     1.404 r  i_xlnx_clk_gen/inst/clkin1_ibufg/O
                         net (fo=1, routed)           1.162     2.566    i_xlnx_clk_gen/inst/clk_in1_xlnx_clk_gen
    MMCME2_ADV_X1Y2      MMCME2_ADV (Prop_mmcme2_adv_CLKIN1_CLKOUT0)
                                                     -7.814    -5.248 r  i_xlnx_clk_gen/inst/mmcm_adv_inst/CLKOUT0
                         net (fo=1, routed)           2.012    -3.236    i_xlnx_clk_gen/inst/clk_out1_xlnx_clk_gen
    BUFGCTRL_X0Y16       BUFG (Prop_bufg_I_O)         0.091    -3.145 r  i_xlnx_clk_gen/inst/clkout1_buf/O
                         net (fo=15309, routed)       1.623    -1.522    i_dmi_jtag/i_dmi_cdc/i_cdc_resp/i_src/clk_out1
    SLICE_X101Y39        FDCE                                         r  i_dmi_jtag/i_dmi_cdc/i_cdc_resp/i_src/data_src_q_reg[resp][0]/C

Slack:                    inf
  Source:                 cpu_reset
                            (input port)
  Destination:            i_dmi_jtag/i_dmi_cdc/i_cdc_resp/i_src/data_src_q_reg[resp][1]/CLR
                            (recovery check against rising-edge clock clk_out1_xlnx_clk_gen  {rise@0.000ns fall@15.625ns period=31.250ns})
  Path Group:             (none)
  Path Type:              Recovery (Max at Slow Process Corner)
  Data Path Delay:        11.857ns  (logic 1.569ns (13.234%)  route 10.288ns (86.766%))
  Logic Levels:           1  (IBUF=1)
  Clock Path Skew:        -1.522ns (DCD - SCD + CPR)
    Destination Clock Delay (DCD):    -1.522ns
    Source Clock Delay      (SCD):    0.000ns
    Clock Pessimism Removal (CPR):    0.000ns
  Clock Uncertainty:      0.178ns  ((TSJ^2 + DJ^2)^1/2) / 2 + PE
    Total System Jitter     (TSJ):    0.050ns
    Discrete Jitter          (DJ):    0.155ns
    Phase Error              (PE):    0.097ns

    Location             Delay type                Incr(ns)  Path(ns)    Netlist Resource(s)
  -------------------------------------------------------------------    -------------------
    Y16                                               0.000     0.000 f  cpu_reset (IN)
                         net (fo=0)                   0.000     0.000    cpu_reset
    Y16                  IBUF (Prop_ibuf_I_O)         1.569     1.569 f  cpu_reset_IBUF_inst/O
                         net (fo=839, routed)        10.288    11.857    i_dmi_jtag/i_dmi_cdc/i_cdc_resp/i_src/cpu_reset_IBUF
    SLICE_X101Y39        FDCE                                         f  i_dmi_jtag/i_dmi_cdc/i_cdc_resp/i_src/data_src_q_reg[resp][1]/CLR
  -------------------------------------------------------------------    -------------------

                         (clock clk_out1_xlnx_clk_gen rise edge)
                                                      0.000     0.000 r  
    K17                                               0.000     0.000 r  clk_sys (IN)
                         net (fo=0)                   0.000     0.000    i_xlnx_clk_gen/inst/clk_in1
    K17                  IBUF (Prop_ibuf_I_O)         1.404     1.404 r  i_xlnx_clk_gen/inst/clkin1_ibufg/O
                         net (fo=1, routed)           1.162     2.566    i_xlnx_clk_gen/inst/clk_in1_xlnx_clk_gen
    MMCME2_ADV_X1Y2      MMCME2_ADV (Prop_mmcme2_adv_CLKIN1_CLKOUT0)
                                                     -7.814    -5.248 r  i_xlnx_clk_gen/inst/mmcm_adv_inst/CLKOUT0
                         net (fo=1, routed)           2.012    -3.236    i_xlnx_clk_gen/inst/clk_out1_xlnx_clk_gen
    BUFGCTRL_X0Y16       BUFG (Prop_bufg_I_O)         0.091    -3.145 r  i_xlnx_clk_gen/inst/clkout1_buf/O
                         net (fo=15309, routed)       1.623    -1.522    i_dmi_jtag/i_dmi_cdc/i_cdc_resp/i_src/clk_out1
    SLICE_X101Y39        FDCE                                         r  i_dmi_jtag/i_dmi_cdc/i_cdc_resp/i_src/data_src_q_reg[resp][1]/C

Slack:                    inf
  Source:                 cpu_reset
                            (input port)
  Destination:            i_dm_axi_master/outstanding_aw_cnt_q_reg[0]/CLR
                            (recovery check against rising-edge clock clk_out1_xlnx_clk_gen  {rise@0.000ns fall@15.625ns period=31.250ns})
  Path Group:             (none)
  Path Type:              Recovery (Max at Slow Process Corner)
  Data Path Delay:        11.774ns  (logic 1.569ns (13.327%)  route 10.205ns (86.673%))
  Logic Levels:           1  (IBUF=1)
  Clock Path Skew:        -1.589ns (DCD - SCD + CPR)
    Destination Clock Delay (DCD):    -1.589ns
    Source Clock Delay      (SCD):    0.000ns
    Clock Pessimism Removal (CPR):    0.000ns
  Clock Uncertainty:      0.178ns  ((TSJ^2 + DJ^2)^1/2) / 2 + PE
    Total System Jitter     (TSJ):    0.050ns
    Discrete Jitter          (DJ):    0.155ns
    Phase Error              (PE):    0.097ns

    Location             Delay type                Incr(ns)  Path(ns)    Netlist Resource(s)
  -------------------------------------------------------------------    -------------------
    Y16                                               0.000     0.000 f  cpu_reset (IN)
                         net (fo=0)                   0.000     0.000    cpu_reset
    Y16                  IBUF (Prop_ibuf_I_O)         1.569     1.569 f  cpu_reset_IBUF_inst/O
                         net (fo=839, routed)        10.205    11.774    i_dm_axi_master/cpu_reset_IBUF
    SLICE_X78Y35         FDCE                                         f  i_dm_axi_master/outstanding_aw_cnt_q_reg[0]/CLR
  -------------------------------------------------------------------    -------------------

                         (clock clk_out1_xlnx_clk_gen rise edge)
                                                      0.000     0.000 r  
    K17                                               0.000     0.000 r  clk_sys (IN)
                         net (fo=0)                   0.000     0.000    i_xlnx_clk_gen/inst/clk_in1
    K17                  IBUF (Prop_ibuf_I_O)         1.404     1.404 r  i_xlnx_clk_gen/inst/clkin1_ibufg/O
                         net (fo=1, routed)           1.162     2.566    i_xlnx_clk_gen/inst/clk_in1_xlnx_clk_gen
    MMCME2_ADV_X1Y2      MMCME2_ADV (Prop_mmcme2_adv_CLKIN1_CLKOUT0)
                                                     -7.814    -5.248 r  i_xlnx_clk_gen/inst/mmcm_adv_inst/CLKOUT0
                         net (fo=1, routed)           2.012    -3.236    i_xlnx_clk_gen/inst/clk_out1_xlnx_clk_gen
    BUFGCTRL_X0Y16       BUFG (Prop_bufg_I_O)         0.091    -3.145 r  i_xlnx_clk_gen/inst/clkout1_buf/O
                         net (fo=15309, routed)       1.556    -1.589    i_dm_axi_master/clk_out1
    SLICE_X78Y35         FDCE                                         r  i_dm_axi_master/outstanding_aw_cnt_q_reg[0]/C

Slack:                    inf
  Source:                 cpu_reset
                            (input port)
  Destination:            i_dm_axi_master/outstanding_aw_cnt_q_reg[1]/CLR
                            (recovery check against rising-edge clock clk_out1_xlnx_clk_gen  {rise@0.000ns fall@15.625ns period=31.250ns})
  Path Group:             (none)
  Path Type:              Recovery (Max at Slow Process Corner)
  Data Path Delay:        11.774ns  (logic 1.569ns (13.327%)  route 10.205ns (86.673%))
  Logic Levels:           1  (IBUF=1)
  Clock Path Skew:        -1.589ns (DCD - SCD + CPR)
    Destination Clock Delay (DCD):    -1.589ns
    Source Clock Delay      (SCD):    0.000ns
    Clock Pessimism Removal (CPR):    0.000ns
  Clock Uncertainty:      0.178ns  ((TSJ^2 + DJ^2)^1/2) / 2 + PE
    Total System Jitter     (TSJ):    0.050ns
    Discrete Jitter          (DJ):    0.155ns
    Phase Error              (PE):    0.097ns

    Location             Delay type                Incr(ns)  Path(ns)    Netlist Resource(s)
  -------------------------------------------------------------------    -------------------
    Y16                                               0.000     0.000 f  cpu_reset (IN)
                         net (fo=0)                   0.000     0.000    cpu_reset
    Y16                  IBUF (Prop_ibuf_I_O)         1.569     1.569 f  cpu_reset_IBUF_inst/O
                         net (fo=839, routed)        10.205    11.774    i_dm_axi_master/cpu_reset_IBUF
    SLICE_X78Y35         FDCE                                         f  i_dm_axi_master/outstanding_aw_cnt_q_reg[1]/CLR
  -------------------------------------------------------------------    -------------------

                         (clock clk_out1_xlnx_clk_gen rise edge)
                                                      0.000     0.000 r  
    K17                                               0.000     0.000 r  clk_sys (IN)
                         net (fo=0)                   0.000     0.000    i_xlnx_clk_gen/inst/clk_in1
    K17                  IBUF (Prop_ibuf_I_O)         1.404     1.404 r  i_xlnx_clk_gen/inst/clkin1_ibufg/O
                         net (fo=1, routed)           1.162     2.566    i_xlnx_clk_gen/inst/clk_in1_xlnx_clk_gen
    MMCME2_ADV_X1Y2      MMCME2_ADV (Prop_mmcme2_adv_CLKIN1_CLKOUT0)
                                                     -7.814    -5.248 r  i_xlnx_clk_gen/inst/mmcm_adv_inst/CLKOUT0
                         net (fo=1, routed)           2.012    -3.236    i_xlnx_clk_gen/inst/clk_out1_xlnx_clk_gen
    BUFGCTRL_X0Y16       BUFG (Prop_bufg_I_O)         0.091    -3.145 r  i_xlnx_clk_gen/inst/clkout1_buf/O
                         net (fo=15309, routed)       1.556    -1.589    i_dm_axi_master/clk_out1
    SLICE_X78Y35         FDCE                                         r  i_dm_axi_master/outstanding_aw_cnt_q_reg[1]/C

Slack:                    inf
  Source:                 cpu_reset
                            (input port)
  Destination:            i_dm_axi_master/cnt_q_reg[0]/CLR
                            (recovery check against rising-edge clock clk_out1_xlnx_clk_gen  {rise@0.000ns fall@15.625ns period=31.250ns})
  Path Group:             (none)
  Path Type:              Recovery (Max at Slow Process Corner)
  Data Path Delay:        11.621ns  (logic 1.569ns (13.503%)  route 10.052ns (86.497%))
  Logic Levels:           1  (IBUF=1)
  Clock Path Skew:        -1.590ns (DCD - SCD + CPR)
    Destination Clock Delay (DCD):    -1.590ns
    Source Clock Delay      (SCD):    0.000ns
    Clock Pessimism Removal (CPR):    0.000ns
  Clock Uncertainty:      0.178ns  ((TSJ^2 + DJ^2)^1/2) / 2 + PE
    Total System Jitter     (TSJ):    0.050ns
    Discrete Jitter          (DJ):    0.155ns
    Phase Error              (PE):    0.097ns

    Location             Delay type                Incr(ns)  Path(ns)    Netlist Resource(s)
  -------------------------------------------------------------------    -------------------
    Y16                                               0.000     0.000 f  cpu_reset (IN)
                         net (fo=0)                   0.000     0.000    cpu_reset
    Y16                  IBUF (Prop_ibuf_I_O)         1.569     1.569 f  cpu_reset_IBUF_inst/O
                         net (fo=839, routed)        10.052    11.621    i_dm_axi_master/cpu_reset_IBUF
    SLICE_X77Y34         FDCE                                         f  i_dm_axi_master/cnt_q_reg[0]/CLR
  -------------------------------------------------------------------    -------------------

                         (clock clk_out1_xlnx_clk_gen rise edge)
                                                      0.000     0.000 r  
    K17                                               0.000     0.000 r  clk_sys (IN)
                         net (fo=0)                   0.000     0.000    i_xlnx_clk_gen/inst/clk_in1
    K17                  IBUF (Prop_ibuf_I_O)         1.404     1.404 r  i_xlnx_clk_gen/inst/clkin1_ibufg/O
                         net (fo=1, routed)           1.162     2.566    i_xlnx_clk_gen/inst/clk_in1_xlnx_clk_gen
    MMCME2_ADV_X1Y2      MMCME2_ADV (Prop_mmcme2_adv_CLKIN1_CLKOUT0)
                                                     -7.814    -5.248 r  i_xlnx_clk_gen/inst/mmcm_adv_inst/CLKOUT0
                         net (fo=1, routed)           2.012    -3.236    i_xlnx_clk_gen/inst/clk_out1_xlnx_clk_gen
    BUFGCTRL_X0Y16       BUFG (Prop_bufg_I_O)         0.091    -3.145 r  i_xlnx_clk_gen/inst/clkout1_buf/O
                         net (fo=15309, routed)       1.555    -1.590    i_dm_axi_master/clk_out1
    SLICE_X77Y34         FDCE                                         r  i_dm_axi_master/cnt_q_reg[0]/C

Slack:                    inf
  Source:                 cpu_reset
                            (input port)
  Destination:            i_dm_axi_master/outstanding_aw_cnt_q_reg[2]/CLR
                            (recovery check against rising-edge clock clk_out1_xlnx_clk_gen  {rise@0.000ns fall@15.625ns period=31.250ns})
  Path Group:             (none)
  Path Type:              Recovery (Max at Slow Process Corner)
  Data Path Delay:        11.621ns  (logic 1.569ns (13.503%)  route 10.052ns (86.497%))
  Logic Levels:           1  (IBUF=1)
  Clock Path Skew:        -1.590ns (DCD - SCD + CPR)
    Destination Clock Delay (DCD):    -1.590ns
    Source Clock Delay      (SCD):    0.000ns
    Clock Pessimism Removal (CPR):    0.000ns
  Clock Uncertainty:      0.178ns  ((TSJ^2 + DJ^2)^1/2) / 2 + PE
    Total System Jitter     (TSJ):    0.050ns
    Discrete Jitter          (DJ):    0.155ns
    Phase Error              (PE):    0.097ns

    Location             Delay type                Incr(ns)  Path(ns)    Netlist Resource(s)
  -------------------------------------------------------------------    -------------------
    Y16                                               0.000     0.000 f  cpu_reset (IN)
                         net (fo=0)                   0.000     0.000    cpu_reset
    Y16                  IBUF (Prop_ibuf_I_O)         1.569     1.569 f  cpu_reset_IBUF_inst/O
                         net (fo=839, routed)        10.052    11.621    i_dm_axi_master/cpu_reset_IBUF
    SLICE_X77Y34         FDCE                                         f  i_dm_axi_master/outstanding_aw_cnt_q_reg[2]/CLR
  -------------------------------------------------------------------    -------------------

                         (clock clk_out1_xlnx_clk_gen rise edge)
                                                      0.000     0.000 r  
    K17                                               0.000     0.000 r  clk_sys (IN)
                         net (fo=0)                   0.000     0.000    i_xlnx_clk_gen/inst/clk_in1
    K17                  IBUF (Prop_ibuf_I_O)         1.404     1.404 r  i_xlnx_clk_gen/inst/clkin1_ibufg/O
                         net (fo=1, routed)           1.162     2.566    i_xlnx_clk_gen/inst/clk_in1_xlnx_clk_gen
    MMCME2_ADV_X1Y2      MMCME2_ADV (Prop_mmcme2_adv_CLKIN1_CLKOUT0)
                                                     -7.814    -5.248 r  i_xlnx_clk_gen/inst/mmcm_adv_inst/CLKOUT0
                         net (fo=1, routed)           2.012    -3.236    i_xlnx_clk_gen/inst/clk_out1_xlnx_clk_gen
    BUFGCTRL_X0Y16       BUFG (Prop_bufg_I_O)         0.091    -3.145 r  i_xlnx_clk_gen/inst/clkout1_buf/O
                         net (fo=15309, routed)       1.555    -1.590    i_dm_axi_master/clk_out1
    SLICE_X77Y34         FDCE                                         r  i_dm_axi_master/outstanding_aw_cnt_q_reg[2]/C

Slack:                    inf
  Source:                 cpu_reset
                            (input port)
  Destination:            i_dm_axi_master/FSM_sequential_state_q_reg[0]/CLR
                            (recovery check against rising-edge clock clk_out1_xlnx_clk_gen  {rise@0.000ns fall@15.625ns period=31.250ns})
  Path Group:             (none)
  Path Type:              Recovery (Max at Slow Process Corner)
  Data Path Delay:        11.483ns  (logic 1.569ns (13.666%)  route 9.913ns (86.334%))
  Logic Levels:           1  (IBUF=1)
  Clock Path Skew:        -1.591ns (DCD - SCD + CPR)
    Destination Clock Delay (DCD):    -1.591ns
    Source Clock Delay      (SCD):    0.000ns
    Clock Pessimism Removal (CPR):    0.000ns
  Clock Uncertainty:      0.178ns  ((TSJ^2 + DJ^2)^1/2) / 2 + PE
    Total System Jitter     (TSJ):    0.050ns
    Discrete Jitter          (DJ):    0.155ns
    Phase Error              (PE):    0.097ns

    Location             Delay type                Incr(ns)  Path(ns)    Netlist Resource(s)
  -------------------------------------------------------------------    -------------------
    Y16                                               0.000     0.000 f  cpu_reset (IN)
                         net (fo=0)                   0.000     0.000    cpu_reset
    Y16                  IBUF (Prop_ibuf_I_O)         1.569     1.569 f  cpu_reset_IBUF_inst/O
                         net (fo=839, routed)         9.913    11.483    i_dm_axi_master/cpu_reset_IBUF
    SLICE_X77Y33         FDCE                                         f  i_dm_axi_master/FSM_sequential_state_q_reg[0]/CLR
  -------------------------------------------------------------------    -------------------

                         (clock clk_out1_xlnx_clk_gen rise edge)
                                                      0.000     0.000 r  
    K17                                               0.000     0.000 r  clk_sys (IN)
                         net (fo=0)                   0.000     0.000    i_xlnx_clk_gen/inst/clk_in1
    K17                  IBUF (Prop_ibuf_I_O)         1.404     1.404 r  i_xlnx_clk_gen/inst/clkin1_ibufg/O
                         net (fo=1, routed)           1.162     2.566    i_xlnx_clk_gen/inst/clk_in1_xlnx_clk_gen
    MMCME2_ADV_X1Y2      MMCME2_ADV (Prop_mmcme2_adv_CLKIN1_CLKOUT0)
                                                     -7.814    -5.248 r  i_xlnx_clk_gen/inst/mmcm_adv_inst/CLKOUT0
                         net (fo=1, routed)           2.012    -3.236    i_xlnx_clk_gen/inst/clk_out1_xlnx_clk_gen
    BUFGCTRL_X0Y16       BUFG (Prop_bufg_I_O)         0.091    -3.145 r  i_xlnx_clk_gen/inst/clkout1_buf/O
                         net (fo=15309, routed)       1.554    -1.591    i_dm_axi_master/clk_out1
    SLICE_X77Y33         FDCE                                         r  i_dm_axi_master/FSM_sequential_state_q_reg[0]/C

Slack:                    inf
  Source:                 cpu_reset
                            (input port)
  Destination:            i_dm_axi_master/FSM_sequential_state_q_reg[3]/CLR
                            (recovery check against rising-edge clock clk_out1_xlnx_clk_gen  {rise@0.000ns fall@15.625ns period=31.250ns})
  Path Group:             (none)
  Path Type:              Recovery (Max at Slow Process Corner)
  Data Path Delay:        11.483ns  (logic 1.569ns (13.666%)  route 9.913ns (86.334%))
  Logic Levels:           1  (IBUF=1)
  Clock Path Skew:        -1.591ns (DCD - SCD + CPR)
    Destination Clock Delay (DCD):    -1.591ns
    Source Clock Delay      (SCD):    0.000ns
    Clock Pessimism Removal (CPR):    0.000ns
  Clock Uncertainty:      0.178ns  ((TSJ^2 + DJ^2)^1/2) / 2 + PE
    Total System Jitter     (TSJ):    0.050ns
    Discrete Jitter          (DJ):    0.155ns
    Phase Error              (PE):    0.097ns

    Location             Delay type                Incr(ns)  Path(ns)    Netlist Resource(s)
  -------------------------------------------------------------------    -------------------
    Y16                                               0.000     0.000 f  cpu_reset (IN)
                         net (fo=0)                   0.000     0.000    cpu_reset
    Y16                  IBUF (Prop_ibuf_I_O)         1.569     1.569 f  cpu_reset_IBUF_inst/O
                         net (fo=839, routed)         9.913    11.483    i_dm_axi_master/cpu_reset_IBUF
    SLICE_X77Y33         FDCE                                         f  i_dm_axi_master/FSM_sequential_state_q_reg[3]/CLR
  -------------------------------------------------------------------    -------------------

                         (clock clk_out1_xlnx_clk_gen rise edge)
                                                      0.000     0.000 r  
    K17                                               0.000     0.000 r  clk_sys (IN)
                         net (fo=0)                   0.000     0.000    i_xlnx_clk_gen/inst/clk_in1
    K17                  IBUF (Prop_ibuf_I_O)         1.404     1.404 r  i_xlnx_clk_gen/inst/clkin1_ibufg/O
                         net (fo=1, routed)           1.162     2.566    i_xlnx_clk_gen/inst/clk_in1_xlnx_clk_gen
    MMCME2_ADV_X1Y2      MMCME2_ADV (Prop_mmcme2_adv_CLKIN1_CLKOUT0)
                                                     -7.814    -5.248 r  i_xlnx_clk_gen/inst/mmcm_adv_inst/CLKOUT0
                         net (fo=1, routed)           2.012    -3.236    i_xlnx_clk_gen/inst/clk_out1_xlnx_clk_gen
    BUFGCTRL_X0Y16       BUFG (Prop_bufg_I_O)         0.091    -3.145 r  i_xlnx_clk_gen/inst/clkout1_buf/O
                         net (fo=15309, routed)       1.554    -1.591    i_dm_axi_master/clk_out1
    SLICE_X77Y33         FDCE                                         r  i_dm_axi_master/FSM_sequential_state_q_reg[3]/C

Slack:                    inf
  Source:                 cpu_reset
                            (input port)
  Destination:            i_dm_top/i_dm_csrs/i_fifo/i_fifo_v3/mem_q_reg[0][18]/CLR
                            (recovery check against rising-edge clock clk_out1_xlnx_clk_gen  {rise@0.000ns fall@15.625ns period=31.250ns})
  Path Group:             (none)
  Path Type:              Recovery (Max at Slow Process Corner)
  Data Path Delay:        11.432ns  (logic 1.569ns (13.725%)  route 9.863ns (86.275%))
  Logic Levels:           1  (IBUF=1)
  Clock Path Skew:        -1.527ns (DCD - SCD + CPR)
    Destination Clock Delay (DCD):    -1.527ns
    Source Clock Delay      (SCD):    0.000ns
    Clock Pessimism Removal (CPR):    0.000ns
  Clock Uncertainty:      0.178ns  ((TSJ^2 + DJ^2)^1/2) / 2 + PE
    Total System Jitter     (TSJ):    0.050ns
    Discrete Jitter          (DJ):    0.155ns
    Phase Error              (PE):    0.097ns

    Location             Delay type                Incr(ns)  Path(ns)    Netlist Resource(s)
  -------------------------------------------------------------------    -------------------
    Y16                                               0.000     0.000 f  cpu_reset (IN)
                         net (fo=0)                   0.000     0.000    cpu_reset
    Y16                  IBUF (Prop_ibuf_I_O)         1.569     1.569 f  cpu_reset_IBUF_inst/O
                         net (fo=839, routed)         9.863    11.432    i_dm_top/i_dm_csrs/i_fifo/i_fifo_v3/cpu_reset_IBUF
    SLICE_X100Y33        FDCE                                         f  i_dm_top/i_dm_csrs/i_fifo/i_fifo_v3/mem_q_reg[0][18]/CLR
  -------------------------------------------------------------------    -------------------

                         (clock clk_out1_xlnx_clk_gen rise edge)
                                                      0.000     0.000 r  
    K17                                               0.000     0.000 r  clk_sys (IN)
                         net (fo=0)                   0.000     0.000    i_xlnx_clk_gen/inst/clk_in1
    K17                  IBUF (Prop_ibuf_I_O)         1.404     1.404 r  i_xlnx_clk_gen/inst/clkin1_ibufg/O
                         net (fo=1, routed)           1.162     2.566    i_xlnx_clk_gen/inst/clk_in1_xlnx_clk_gen
    MMCME2_ADV_X1Y2      MMCME2_ADV (Prop_mmcme2_adv_CLKIN1_CLKOUT0)
                                                     -7.814    -5.248 r  i_xlnx_clk_gen/inst/mmcm_adv_inst/CLKOUT0
                         net (fo=1, routed)           2.012    -3.236    i_xlnx_clk_gen/inst/clk_out1_xlnx_clk_gen
    BUFGCTRL_X0Y16       BUFG (Prop_bufg_I_O)         0.091    -3.145 r  i_xlnx_clk_gen/inst/clkout1_buf/O
                         net (fo=15309, routed)       1.618    -1.527    i_dm_top/i_dm_csrs/i_fifo/i_fifo_v3/clk_out1
    SLICE_X100Y33        FDCE                                         r  i_dm_top/i_dm_csrs/i_fifo/i_fifo_v3/mem_q_reg[0][18]/C

Slack:                    inf
  Source:                 cpu_reset
                            (input port)
  Destination:            i_dm_top/i_dm_csrs/i_fifo/i_fifo_v3/mem_q_reg[0][19]/CLR
                            (recovery check against rising-edge clock clk_out1_xlnx_clk_gen  {rise@0.000ns fall@15.625ns period=31.250ns})
  Path Group:             (none)
  Path Type:              Recovery (Max at Slow Process Corner)
  Data Path Delay:        11.432ns  (logic 1.569ns (13.725%)  route 9.863ns (86.275%))
  Logic Levels:           1  (IBUF=1)
  Clock Path Skew:        -1.527ns (DCD - SCD + CPR)
    Destination Clock Delay (DCD):    -1.527ns
    Source Clock Delay      (SCD):    0.000ns
    Clock Pessimism Removal (CPR):    0.000ns
  Clock Uncertainty:      0.178ns  ((TSJ^2 + DJ^2)^1/2) / 2 + PE
    Total System Jitter     (TSJ):    0.050ns
    Discrete Jitter          (DJ):    0.155ns
    Phase Error              (PE):    0.097ns

    Location             Delay type                Incr(ns)  Path(ns)    Netlist Resource(s)
  -------------------------------------------------------------------    -------------------
    Y16                                               0.000     0.000 f  cpu_reset (IN)
                         net (fo=0)                   0.000     0.000    cpu_reset
    Y16                  IBUF (Prop_ibuf_I_O)         1.569     1.569 f  cpu_reset_IBUF_inst/O
                         net (fo=839, routed)         9.863    11.432    i_dm_top/i_dm_csrs/i_fifo/i_fifo_v3/cpu_reset_IBUF
    SLICE_X100Y33        FDCE                                         f  i_dm_top/i_dm_csrs/i_fifo/i_fifo_v3/mem_q_reg[0][19]/CLR
  -------------------------------------------------------------------    -------------------

                         (clock clk_out1_xlnx_clk_gen rise edge)
                                                      0.000     0.000 r  
    K17                                               0.000     0.000 r  clk_sys (IN)
                         net (fo=0)                   0.000     0.000    i_xlnx_clk_gen/inst/clk_in1
    K17                  IBUF (Prop_ibuf_I_O)         1.404     1.404 r  i_xlnx_clk_gen/inst/clkin1_ibufg/O
                         net (fo=1, routed)           1.162     2.566    i_xlnx_clk_gen/inst/clk_in1_xlnx_clk_gen
    MMCME2_ADV_X1Y2      MMCME2_ADV (Prop_mmcme2_adv_CLKIN1_CLKOUT0)
                                                     -7.814    -5.248 r  i_xlnx_clk_gen/inst/mmcm_adv_inst/CLKOUT0
                         net (fo=1, routed)           2.012    -3.236    i_xlnx_clk_gen/inst/clk_out1_xlnx_clk_gen
    BUFGCTRL_X0Y16       BUFG (Prop_bufg_I_O)         0.091    -3.145 r  i_xlnx_clk_gen/inst/clkout1_buf/O
                         net (fo=15309, routed)       1.618    -1.527    i_dm_top/i_dm_csrs/i_fifo/i_fifo_v3/clk_out1
    SLICE_X100Y33        FDCE                                         r  i_dm_top/i_dm_csrs/i_fifo/i_fifo_v3/mem_q_reg[0][19]/C





Min Delay Paths
--------------------------------------------------------------------------------------
Slack:                    inf
  Source:                 i_xlnx_clk_gen/inst/mmcm_adv_inst/LOCKED
                            (internal pin)
  Destination:            i_rstgen_main/i_rstgen_bypass/synch_regs_q_reg[0]/CLR
                            (removal check against rising-edge clock clk_out1_xlnx_clk_gen  {rise@0.000ns fall@15.625ns period=31.250ns})
  Path Group:             (none)
  Path Type:              Removal (Min at Fast Process Corner)
  Data Path Delay:        1.486ns  (logic 0.044ns (2.960%)  route 1.442ns (97.040%))
  Logic Levels:           1  (LUT2=1)
  Clock Uncertainty:      0.178ns  ((TSJ^2 + DJ^2)^1/2) / 2 + PE
    Total System Jitter     (TSJ):    0.050ns
    Discrete Jitter          (DJ):    0.155ns
    Phase Error              (PE):    0.097ns

    Location             Delay type                Incr(ns)  Path(ns)    Netlist Resource(s)
  -------------------------------------------------------------------    -------------------
    MMCME2_ADV_X1Y2      MMCME2_ADV                   0.000     0.000 r  i_xlnx_clk_gen/inst/mmcm_adv_inst/LOCKED
                         net (fo=1, routed)           1.153     1.153    i_dm_top/i_dm_csrs/locked
    SLICE_X105Y34        LUT2 (Prop_lut2_I1_O)        0.044     1.197 f  i_dm_top/i_dm_csrs/synch_regs_q[3]_i_1/O
                         net (fo=4, routed)           0.289     1.486    i_rstgen_main/i_rstgen_bypass/synch_regs_q_reg[3]_1
    SLICE_X97Y38         FDCE                                         f  i_rstgen_main/i_rstgen_bypass/synch_regs_q_reg[0]/CLR
  -------------------------------------------------------------------    -------------------

                         (clock clk_out1_xlnx_clk_gen rise edge)
                                                      0.000     0.000 r  
    K17                                               0.000     0.000 r  clk_sys (IN)
                         net (fo=0)                   0.000     0.000    i_xlnx_clk_gen/inst/clk_in1
    K17                  IBUF (Prop_ibuf_I_O)         0.431     0.431 r  i_xlnx_clk_gen/inst/clkin1_ibufg/O
                         net (fo=1, routed)           0.480     0.911    i_xlnx_clk_gen/inst/clk_in1_xlnx_clk_gen
    MMCME2_ADV_X1Y2      MMCME2_ADV (Prop_mmcme2_adv_CLKIN1_CLKOUT0)
                                                     -3.407    -2.496 r  i_xlnx_clk_gen/inst/mmcm_adv_inst/CLKOUT0
                         net (fo=1, routed)           0.752    -1.744    i_xlnx_clk_gen/inst/clk_out1_xlnx_clk_gen
    BUFGCTRL_X0Y16       BUFG (Prop_bufg_I_O)         0.029    -1.715 r  i_xlnx_clk_gen/inst/clkout1_buf/O
                         net (fo=15309, routed)       0.881    -0.834    i_rstgen_main/i_rstgen_bypass/clk_out1
    SLICE_X97Y38         FDCE                                         r  i_rstgen_main/i_rstgen_bypass/synch_regs_q_reg[0]/C

Slack:                    inf
  Source:                 i_xlnx_clk_gen/inst/mmcm_adv_inst/LOCKED
                            (internal pin)
  Destination:            i_rstgen_main/i_rstgen_bypass/synch_regs_q_reg[1]/CLR
                            (removal check against rising-edge clock clk_out1_xlnx_clk_gen  {rise@0.000ns fall@15.625ns period=31.250ns})
  Path Group:             (none)
  Path Type:              Removal (Min at Fast Process Corner)
  Data Path Delay:        1.486ns  (logic 0.044ns (2.960%)  route 1.442ns (97.040%))
  Logic Levels:           1  (LUT2=1)
  Clock Uncertainty:      0.178ns  ((TSJ^2 + DJ^2)^1/2) / 2 + PE
    Total System Jitter     (TSJ):    0.050ns
    Discrete Jitter          (DJ):    0.155ns
    Phase Error              (PE):    0.097ns

    Location             Delay type                Incr(ns)  Path(ns)    Netlist Resource(s)
  -------------------------------------------------------------------    -------------------
    MMCME2_ADV_X1Y2      MMCME2_ADV                   0.000     0.000 r  i_xlnx_clk_gen/inst/mmcm_adv_inst/LOCKED
                         net (fo=1, routed)           1.153     1.153    i_dm_top/i_dm_csrs/locked
    SLICE_X105Y34        LUT2 (Prop_lut2_I1_O)        0.044     1.197 f  i_dm_top/i_dm_csrs/synch_regs_q[3]_i_1/O
                         net (fo=4, routed)           0.289     1.486    i_rstgen_main/i_rstgen_bypass/synch_regs_q_reg[3]_1
    SLICE_X97Y38         FDCE                                         f  i_rstgen_main/i_rstgen_bypass/synch_regs_q_reg[1]/CLR
  -------------------------------------------------------------------    -------------------

                         (clock clk_out1_xlnx_clk_gen rise edge)
                                                      0.000     0.000 r  
    K17                                               0.000     0.000 r  clk_sys (IN)
                         net (fo=0)                   0.000     0.000    i_xlnx_clk_gen/inst/clk_in1
    K17                  IBUF (Prop_ibuf_I_O)         0.431     0.431 r  i_xlnx_clk_gen/inst/clkin1_ibufg/O
                         net (fo=1, routed)           0.480     0.911    i_xlnx_clk_gen/inst/clk_in1_xlnx_clk_gen
    MMCME2_ADV_X1Y2      MMCME2_ADV (Prop_mmcme2_adv_CLKIN1_CLKOUT0)
                                                     -3.407    -2.496 r  i_xlnx_clk_gen/inst/mmcm_adv_inst/CLKOUT0
                         net (fo=1, routed)           0.752    -1.744    i_xlnx_clk_gen/inst/clk_out1_xlnx_clk_gen
    BUFGCTRL_X0Y16       BUFG (Prop_bufg_I_O)         0.029    -1.715 r  i_xlnx_clk_gen/inst/clkout1_buf/O
                         net (fo=15309, routed)       0.881    -0.834    i_rstgen_main/i_rstgen_bypass/clk_out1
    SLICE_X97Y38         FDCE                                         r  i_rstgen_main/i_rstgen_bypass/synch_regs_q_reg[1]/C

Slack:                    inf
  Source:                 cpu_reset
                            (input port)
  Destination:            i_dmi_jtag/i_dmi_cdc/i_cdc_resp/i_src/data_src_q_reg[data][0]/CLR
                            (removal check against rising-edge clock clk_out1_xlnx_clk_gen  {rise@0.000ns fall@15.625ns period=31.250ns})
  Path Group:             (none)
  Path Type:              Removal (Min at Fast Process Corner)
  Data Path Delay:        1.525ns  (logic 0.336ns (22.037%)  route 1.189ns (77.963%))
  Logic Levels:           1  (IBUF=1)
  Clock Path Skew:        -0.808ns (DCD - SCD - CPR)
    Destination Clock Delay (DCD):    -0.808ns
    Source Clock Delay      (SCD):    0.000ns
    Clock Pessimism Removal (CPR):    -0.000ns

    Location             Delay type                Incr(ns)  Path(ns)    Netlist Resource(s)
  -------------------------------------------------------------------    -------------------
    Y16                                               0.000     0.000 f  cpu_reset (IN)
                         net (fo=0)                   0.000     0.000    cpu_reset
    Y16                  IBUF (Prop_ibuf_I_O)         0.336     0.336 f  cpu_reset_IBUF_inst/O
                         net (fo=839, routed)         1.189     1.525    i_dmi_jtag/i_dmi_cdc/i_cdc_resp/i_src/cpu_reset_IBUF
    SLICE_X110Y34        FDCE                                         f  i_dmi_jtag/i_dmi_cdc/i_cdc_resp/i_src/data_src_q_reg[data][0]/CLR
  -------------------------------------------------------------------    -------------------

                         (clock clk_out1_xlnx_clk_gen rise edge)
                                                      0.000     0.000 r  
    K17                                               0.000     0.000 r  clk_sys (IN)
                         net (fo=0)                   0.000     0.000    i_xlnx_clk_gen/inst/clk_in1
    K17                  IBUF (Prop_ibuf_I_O)         0.431     0.431 r  i_xlnx_clk_gen/inst/clkin1_ibufg/O
                         net (fo=1, routed)           0.480     0.911    i_xlnx_clk_gen/inst/clk_in1_xlnx_clk_gen
    MMCME2_ADV_X1Y2      MMCME2_ADV (Prop_mmcme2_adv_CLKIN1_CLKOUT0)
                                                     -3.407    -2.496 r  i_xlnx_clk_gen/inst/mmcm_adv_inst/CLKOUT0
                         net (fo=1, routed)           0.752    -1.744    i_xlnx_clk_gen/inst/clk_out1_xlnx_clk_gen
    BUFGCTRL_X0Y16       BUFG (Prop_bufg_I_O)         0.029    -1.715 r  i_xlnx_clk_gen/inst/clkout1_buf/O
                         net (fo=15309, routed)       0.907    -0.808    i_dmi_jtag/i_dmi_cdc/i_cdc_resp/i_src/clk_out1
    SLICE_X110Y34        FDCE                                         r  i_dmi_jtag/i_dmi_cdc/i_cdc_resp/i_src/data_src_q_reg[data][0]/C

Slack:                    inf
  Source:                 cpu_reset
                            (input port)
  Destination:            i_dmi_jtag/i_dmi_cdc/i_cdc_resp/i_src/data_src_q_reg[data][10]/CLR
                            (removal check against rising-edge clock clk_out1_xlnx_clk_gen  {rise@0.000ns fall@15.625ns period=31.250ns})
  Path Group:             (none)
  Path Type:              Removal (Min at Fast Process Corner)
  Data Path Delay:        1.525ns  (logic 0.336ns (22.037%)  route 1.189ns (77.963%))
  Logic Levels:           1  (IBUF=1)
  Clock Path Skew:        -0.808ns (DCD - SCD - CPR)
    Destination Clock Delay (DCD):    -0.808ns
    Source Clock Delay      (SCD):    0.000ns
    Clock Pessimism Removal (CPR):    -0.000ns

    Location             Delay type                Incr(ns)  Path(ns)    Netlist Resource(s)
  -------------------------------------------------------------------    -------------------
    Y16                                               0.000     0.000 f  cpu_reset (IN)
                         net (fo=0)                   0.000     0.000    cpu_reset
    Y16                  IBUF (Prop_ibuf_I_O)         0.336     0.336 f  cpu_reset_IBUF_inst/O
                         net (fo=839, routed)         1.189     1.525    i_dmi_jtag/i_dmi_cdc/i_cdc_resp/i_src/cpu_reset_IBUF
    SLICE_X110Y34        FDCE                                         f  i_dmi_jtag/i_dmi_cdc/i_cdc_resp/i_src/data_src_q_reg[data][10]/CLR
  -------------------------------------------------------------------    -------------------

                         (clock clk_out1_xlnx_clk_gen rise edge)
                                                      0.000     0.000 r  
    K17                                               0.000     0.000 r  clk_sys (IN)
                         net (fo=0)                   0.000     0.000    i_xlnx_clk_gen/inst/clk_in1
    K17                  IBUF (Prop_ibuf_I_O)         0.431     0.431 r  i_xlnx_clk_gen/inst/clkin1_ibufg/O
                         net (fo=1, routed)           0.480     0.911    i_xlnx_clk_gen/inst/clk_in1_xlnx_clk_gen
    MMCME2_ADV_X1Y2      MMCME2_ADV (Prop_mmcme2_adv_CLKIN1_CLKOUT0)
                                                     -3.407    -2.496 r  i_xlnx_clk_gen/inst/mmcm_adv_inst/CLKOUT0
                         net (fo=1, routed)           0.752    -1.744    i_xlnx_clk_gen/inst/clk_out1_xlnx_clk_gen
    BUFGCTRL_X0Y16       BUFG (Prop_bufg_I_O)         0.029    -1.715 r  i_xlnx_clk_gen/inst/clkout1_buf/O
                         net (fo=15309, routed)       0.907    -0.808    i_dmi_jtag/i_dmi_cdc/i_cdc_resp/i_src/clk_out1
    SLICE_X110Y34        FDCE                                         r  i_dmi_jtag/i_dmi_cdc/i_cdc_resp/i_src/data_src_q_reg[data][10]/C

Slack:                    inf
  Source:                 cpu_reset
                            (input port)
  Destination:            i_dmi_jtag/i_dmi_cdc/i_cdc_resp/i_src/data_src_q_reg[data][11]/CLR
                            (removal check against rising-edge clock clk_out1_xlnx_clk_gen  {rise@0.000ns fall@15.625ns period=31.250ns})
  Path Group:             (none)
  Path Type:              Removal (Min at Fast Process Corner)
  Data Path Delay:        1.525ns  (logic 0.336ns (22.037%)  route 1.189ns (77.963%))
  Logic Levels:           1  (IBUF=1)
  Clock Path Skew:        -0.808ns (DCD - SCD - CPR)
    Destination Clock Delay (DCD):    -0.808ns
    Source Clock Delay      (SCD):    0.000ns
    Clock Pessimism Removal (CPR):    -0.000ns

    Location             Delay type                Incr(ns)  Path(ns)    Netlist Resource(s)
  -------------------------------------------------------------------    -------------------
    Y16                                               0.000     0.000 f  cpu_reset (IN)
                         net (fo=0)                   0.000     0.000    cpu_reset
    Y16                  IBUF (Prop_ibuf_I_O)         0.336     0.336 f  cpu_reset_IBUF_inst/O
                         net (fo=839, routed)         1.189     1.525    i_dmi_jtag/i_dmi_cdc/i_cdc_resp/i_src/cpu_reset_IBUF
    SLICE_X110Y34        FDCE                                         f  i_dmi_jtag/i_dmi_cdc/i_cdc_resp/i_src/data_src_q_reg[data][11]/CLR
  -------------------------------------------------------------------    -------------------

                         (clock clk_out1_xlnx_clk_gen rise edge)
                                                      0.000     0.000 r  
    K17                                               0.000     0.000 r  clk_sys (IN)
                         net (fo=0)                   0.000     0.000    i_xlnx_clk_gen/inst/clk_in1
    K17                  IBUF (Prop_ibuf_I_O)         0.431     0.431 r  i_xlnx_clk_gen/inst/clkin1_ibufg/O
                         net (fo=1, routed)           0.480     0.911    i_xlnx_clk_gen/inst/clk_in1_xlnx_clk_gen
    MMCME2_ADV_X1Y2      MMCME2_ADV (Prop_mmcme2_adv_CLKIN1_CLKOUT0)
                                                     -3.407    -2.496 r  i_xlnx_clk_gen/inst/mmcm_adv_inst/CLKOUT0
                         net (fo=1, routed)           0.752    -1.744    i_xlnx_clk_gen/inst/clk_out1_xlnx_clk_gen
    BUFGCTRL_X0Y16       BUFG (Prop_bufg_I_O)         0.029    -1.715 r  i_xlnx_clk_gen/inst/clkout1_buf/O
                         net (fo=15309, routed)       0.907    -0.808    i_dmi_jtag/i_dmi_cdc/i_cdc_resp/i_src/clk_out1
    SLICE_X110Y34        FDCE                                         r  i_dmi_jtag/i_dmi_cdc/i_cdc_resp/i_src/data_src_q_reg[data][11]/C

Slack:                    inf
  Source:                 cpu_reset
                            (input port)
  Destination:            i_dmi_jtag/i_dmi_cdc/i_cdc_resp/i_src/data_src_q_reg[data][12]/CLR
                            (removal check against rising-edge clock clk_out1_xlnx_clk_gen  {rise@0.000ns fall@15.625ns period=31.250ns})
  Path Group:             (none)
  Path Type:              Removal (Min at Fast Process Corner)
  Data Path Delay:        1.525ns  (logic 0.336ns (22.037%)  route 1.189ns (77.963%))
  Logic Levels:           1  (IBUF=1)
  Clock Path Skew:        -0.808ns (DCD - SCD - CPR)
    Destination Clock Delay (DCD):    -0.808ns
    Source Clock Delay      (SCD):    0.000ns
    Clock Pessimism Removal (CPR):    -0.000ns

    Location             Delay type                Incr(ns)  Path(ns)    Netlist Resource(s)
  -------------------------------------------------------------------    -------------------
    Y16                                               0.000     0.000 f  cpu_reset (IN)
                         net (fo=0)                   0.000     0.000    cpu_reset
    Y16                  IBUF (Prop_ibuf_I_O)         0.336     0.336 f  cpu_reset_IBUF_inst/O
                         net (fo=839, routed)         1.189     1.525    i_dmi_jtag/i_dmi_cdc/i_cdc_resp/i_src/cpu_reset_IBUF
    SLICE_X110Y34        FDCE                                         f  i_dmi_jtag/i_dmi_cdc/i_cdc_resp/i_src/data_src_q_reg[data][12]/CLR
  -------------------------------------------------------------------    -------------------

                         (clock clk_out1_xlnx_clk_gen rise edge)
                                                      0.000     0.000 r  
    K17                                               0.000     0.000 r  clk_sys (IN)
                         net (fo=0)                   0.000     0.000    i_xlnx_clk_gen/inst/clk_in1
    K17                  IBUF (Prop_ibuf_I_O)         0.431     0.431 r  i_xlnx_clk_gen/inst/clkin1_ibufg/O
                         net (fo=1, routed)           0.480     0.911    i_xlnx_clk_gen/inst/clk_in1_xlnx_clk_gen
    MMCME2_ADV_X1Y2      MMCME2_ADV (Prop_mmcme2_adv_CLKIN1_CLKOUT0)
                                                     -3.407    -2.496 r  i_xlnx_clk_gen/inst/mmcm_adv_inst/CLKOUT0
                         net (fo=1, routed)           0.752    -1.744    i_xlnx_clk_gen/inst/clk_out1_xlnx_clk_gen
    BUFGCTRL_X0Y16       BUFG (Prop_bufg_I_O)         0.029    -1.715 r  i_xlnx_clk_gen/inst/clkout1_buf/O
                         net (fo=15309, routed)       0.907    -0.808    i_dmi_jtag/i_dmi_cdc/i_cdc_resp/i_src/clk_out1
    SLICE_X110Y34        FDCE                                         r  i_dmi_jtag/i_dmi_cdc/i_cdc_resp/i_src/data_src_q_reg[data][12]/C

Slack:                    inf
  Source:                 cpu_reset
                            (input port)
  Destination:            i_dmi_jtag/i_dmi_cdc/i_cdc_resp/i_src/data_src_q_reg[data][13]/CLR
                            (removal check against rising-edge clock clk_out1_xlnx_clk_gen  {rise@0.000ns fall@15.625ns period=31.250ns})
  Path Group:             (none)
  Path Type:              Removal (Min at Fast Process Corner)
  Data Path Delay:        1.525ns  (logic 0.336ns (22.037%)  route 1.189ns (77.963%))
  Logic Levels:           1  (IBUF=1)
  Clock Path Skew:        -0.808ns (DCD - SCD - CPR)
    Destination Clock Delay (DCD):    -0.808ns
    Source Clock Delay      (SCD):    0.000ns
    Clock Pessimism Removal (CPR):    -0.000ns

    Location             Delay type                Incr(ns)  Path(ns)    Netlist Resource(s)
  -------------------------------------------------------------------    -------------------
    Y16                                               0.000     0.000 f  cpu_reset (IN)
                         net (fo=0)                   0.000     0.000    cpu_reset
    Y16                  IBUF (Prop_ibuf_I_O)         0.336     0.336 f  cpu_reset_IBUF_inst/O
                         net (fo=839, routed)         1.189     1.525    i_dmi_jtag/i_dmi_cdc/i_cdc_resp/i_src/cpu_reset_IBUF
    SLICE_X110Y34        FDCE                                         f  i_dmi_jtag/i_dmi_cdc/i_cdc_resp/i_src/data_src_q_reg[data][13]/CLR
  -------------------------------------------------------------------    -------------------

                         (clock clk_out1_xlnx_clk_gen rise edge)
                                                      0.000     0.000 r  
    K17                                               0.000     0.000 r  clk_sys (IN)
                         net (fo=0)                   0.000     0.000    i_xlnx_clk_gen/inst/clk_in1
    K17                  IBUF (Prop_ibuf_I_O)         0.431     0.431 r  i_xlnx_clk_gen/inst/clkin1_ibufg/O
                         net (fo=1, routed)           0.480     0.911    i_xlnx_clk_gen/inst/clk_in1_xlnx_clk_gen
    MMCME2_ADV_X1Y2      MMCME2_ADV (Prop_mmcme2_adv_CLKIN1_CLKOUT0)
                                                     -3.407    -2.496 r  i_xlnx_clk_gen/inst/mmcm_adv_inst/CLKOUT0
                         net (fo=1, routed)           0.752    -1.744    i_xlnx_clk_gen/inst/clk_out1_xlnx_clk_gen
    BUFGCTRL_X0Y16       BUFG (Prop_bufg_I_O)         0.029    -1.715 r  i_xlnx_clk_gen/inst/clkout1_buf/O
                         net (fo=15309, routed)       0.907    -0.808    i_dmi_jtag/i_dmi_cdc/i_cdc_resp/i_src/clk_out1
    SLICE_X110Y34        FDCE                                         r  i_dmi_jtag/i_dmi_cdc/i_cdc_resp/i_src/data_src_q_reg[data][13]/C

Slack:                    inf
  Source:                 cpu_reset
                            (input port)
  Destination:            i_dmi_jtag/i_dmi_cdc/i_cdc_resp/i_src/data_src_q_reg[data][14]/CLR
                            (removal check against rising-edge clock clk_out1_xlnx_clk_gen  {rise@0.000ns fall@15.625ns period=31.250ns})
  Path Group:             (none)
  Path Type:              Removal (Min at Fast Process Corner)
  Data Path Delay:        1.525ns  (logic 0.336ns (22.037%)  route 1.189ns (77.963%))
  Logic Levels:           1  (IBUF=1)
  Clock Path Skew:        -0.808ns (DCD - SCD - CPR)
    Destination Clock Delay (DCD):    -0.808ns
    Source Clock Delay      (SCD):    0.000ns
    Clock Pessimism Removal (CPR):    -0.000ns

    Location             Delay type                Incr(ns)  Path(ns)    Netlist Resource(s)
  -------------------------------------------------------------------    -------------------
    Y16                                               0.000     0.000 f  cpu_reset (IN)
                         net (fo=0)                   0.000     0.000    cpu_reset
    Y16                  IBUF (Prop_ibuf_I_O)         0.336     0.336 f  cpu_reset_IBUF_inst/O
                         net (fo=839, routed)         1.189     1.525    i_dmi_jtag/i_dmi_cdc/i_cdc_resp/i_src/cpu_reset_IBUF
    SLICE_X110Y34        FDCE                                         f  i_dmi_jtag/i_dmi_cdc/i_cdc_resp/i_src/data_src_q_reg[data][14]/CLR
  -------------------------------------------------------------------    -------------------

                         (clock clk_out1_xlnx_clk_gen rise edge)
                                                      0.000     0.000 r  
    K17                                               0.000     0.000 r  clk_sys (IN)
                         net (fo=0)                   0.000     0.000    i_xlnx_clk_gen/inst/clk_in1
    K17                  IBUF (Prop_ibuf_I_O)         0.431     0.431 r  i_xlnx_clk_gen/inst/clkin1_ibufg/O
                         net (fo=1, routed)           0.480     0.911    i_xlnx_clk_gen/inst/clk_in1_xlnx_clk_gen
    MMCME2_ADV_X1Y2      MMCME2_ADV (Prop_mmcme2_adv_CLKIN1_CLKOUT0)
                                                     -3.407    -2.496 r  i_xlnx_clk_gen/inst/mmcm_adv_inst/CLKOUT0
                         net (fo=1, routed)           0.752    -1.744    i_xlnx_clk_gen/inst/clk_out1_xlnx_clk_gen
    BUFGCTRL_X0Y16       BUFG (Prop_bufg_I_O)         0.029    -1.715 r  i_xlnx_clk_gen/inst/clkout1_buf/O
                         net (fo=15309, routed)       0.907    -0.808    i_dmi_jtag/i_dmi_cdc/i_cdc_resp/i_src/clk_out1
    SLICE_X110Y34        FDCE                                         r  i_dmi_jtag/i_dmi_cdc/i_cdc_resp/i_src/data_src_q_reg[data][14]/C

Slack:                    inf
  Source:                 cpu_reset
                            (input port)
  Destination:            i_dmi_jtag/i_dmi_cdc/i_cdc_resp/i_src/data_src_q_reg[data][15]/CLR
                            (removal check against rising-edge clock clk_out1_xlnx_clk_gen  {rise@0.000ns fall@15.625ns period=31.250ns})
  Path Group:             (none)
  Path Type:              Removal (Min at Fast Process Corner)
  Data Path Delay:        1.525ns  (logic 0.336ns (22.037%)  route 1.189ns (77.963%))
  Logic Levels:           1  (IBUF=1)
  Clock Path Skew:        -0.808ns (DCD - SCD - CPR)
    Destination Clock Delay (DCD):    -0.808ns
    Source Clock Delay      (SCD):    0.000ns
    Clock Pessimism Removal (CPR):    -0.000ns

    Location             Delay type                Incr(ns)  Path(ns)    Netlist Resource(s)
  -------------------------------------------------------------------    -------------------
    Y16                                               0.000     0.000 f  cpu_reset (IN)
                         net (fo=0)                   0.000     0.000    cpu_reset
    Y16                  IBUF (Prop_ibuf_I_O)         0.336     0.336 f  cpu_reset_IBUF_inst/O
                         net (fo=839, routed)         1.189     1.525    i_dmi_jtag/i_dmi_cdc/i_cdc_resp/i_src/cpu_reset_IBUF
    SLICE_X110Y34        FDCE                                         f  i_dmi_jtag/i_dmi_cdc/i_cdc_resp/i_src/data_src_q_reg[data][15]/CLR
  -------------------------------------------------------------------    -------------------

                         (clock clk_out1_xlnx_clk_gen rise edge)
                                                      0.000     0.000 r  
    K17                                               0.000     0.000 r  clk_sys (IN)
                         net (fo=0)                   0.000     0.000    i_xlnx_clk_gen/inst/clk_in1
    K17                  IBUF (Prop_ibuf_I_O)         0.431     0.431 r  i_xlnx_clk_gen/inst/clkin1_ibufg/O
                         net (fo=1, routed)           0.480     0.911    i_xlnx_clk_gen/inst/clk_in1_xlnx_clk_gen
    MMCME2_ADV_X1Y2      MMCME2_ADV (Prop_mmcme2_adv_CLKIN1_CLKOUT0)
                                                     -3.407    -2.496 r  i_xlnx_clk_gen/inst/mmcm_adv_inst/CLKOUT0
                         net (fo=1, routed)           0.752    -1.744    i_xlnx_clk_gen/inst/clk_out1_xlnx_clk_gen
    BUFGCTRL_X0Y16       BUFG (Prop_bufg_I_O)         0.029    -1.715 r  i_xlnx_clk_gen/inst/clkout1_buf/O
                         net (fo=15309, routed)       0.907    -0.808    i_dmi_jtag/i_dmi_cdc/i_cdc_resp/i_src/clk_out1
    SLICE_X110Y34        FDCE                                         r  i_dmi_jtag/i_dmi_cdc/i_cdc_resp/i_src/data_src_q_reg[data][15]/C

Slack:                    inf
  Source:                 cpu_reset
                            (input port)
  Destination:            i_dmi_jtag/i_dmi_cdc/i_cdc_resp/i_src/data_src_q_reg[data][1]/CLR
                            (removal check against rising-edge clock clk_out1_xlnx_clk_gen  {rise@0.000ns fall@15.625ns period=31.250ns})
  Path Group:             (none)
  Path Type:              Removal (Min at Fast Process Corner)
  Data Path Delay:        1.525ns  (logic 0.336ns (22.037%)  route 1.189ns (77.963%))
  Logic Levels:           1  (IBUF=1)
  Clock Path Skew:        -0.808ns (DCD - SCD - CPR)
    Destination Clock Delay (DCD):    -0.808ns
    Source Clock Delay      (SCD):    0.000ns
    Clock Pessimism Removal (CPR):    -0.000ns

    Location             Delay type                Incr(ns)  Path(ns)    Netlist Resource(s)
  -------------------------------------------------------------------    -------------------
    Y16                                               0.000     0.000 f  cpu_reset (IN)
                         net (fo=0)                   0.000     0.000    cpu_reset
    Y16                  IBUF (Prop_ibuf_I_O)         0.336     0.336 f  cpu_reset_IBUF_inst/O
                         net (fo=839, routed)         1.189     1.525    i_dmi_jtag/i_dmi_cdc/i_cdc_resp/i_src/cpu_reset_IBUF
    SLICE_X110Y34        FDCE                                         f  i_dmi_jtag/i_dmi_cdc/i_cdc_resp/i_src/data_src_q_reg[data][1]/CLR
  -------------------------------------------------------------------    -------------------

                         (clock clk_out1_xlnx_clk_gen rise edge)
                                                      0.000     0.000 r  
    K17                                               0.000     0.000 r  clk_sys (IN)
                         net (fo=0)                   0.000     0.000    i_xlnx_clk_gen/inst/clk_in1
    K17                  IBUF (Prop_ibuf_I_O)         0.431     0.431 r  i_xlnx_clk_gen/inst/clkin1_ibufg/O
                         net (fo=1, routed)           0.480     0.911    i_xlnx_clk_gen/inst/clk_in1_xlnx_clk_gen
    MMCME2_ADV_X1Y2      MMCME2_ADV (Prop_mmcme2_adv_CLKIN1_CLKOUT0)
                                                     -3.407    -2.496 r  i_xlnx_clk_gen/inst/mmcm_adv_inst/CLKOUT0
                         net (fo=1, routed)           0.752    -1.744    i_xlnx_clk_gen/inst/clk_out1_xlnx_clk_gen
    BUFGCTRL_X0Y16       BUFG (Prop_bufg_I_O)         0.029    -1.715 r  i_xlnx_clk_gen/inst/clkout1_buf/O
                         net (fo=15309, routed)       0.907    -0.808    i_dmi_jtag/i_dmi_cdc/i_cdc_resp/i_src/clk_out1
    SLICE_X110Y34        FDCE                                         r  i_dmi_jtag/i_dmi_cdc/i_cdc_resp/i_src/data_src_q_reg[data][1]/C





