:0200000480007A
:100000006F0080576F00C0376F0000566F00C055FB
:100010006F0080556F0040556F0000556F00C05451
:100020006F0080546F0040546F0000546F00C05345
:100030006F0080536F0040536F0000536F00C05239
:100040006F0080526F0040526F0000526F00C0512D
:100050006F0080516F0040516F0000516F00C05021
:100060006F0080506F0040506F0000506F00C04F15
:100070006F00804F6F00404F6F00004F6F000060B7
:1000800097310100938101B417010300130181F737
:1000900017050000130505F713651500731055309B
:1000A000138581F4138681253306A640930500004D
:1000B000EF50400C1755000013054506EF30C07196
:1000C000EF40D07B130500009305000013060000ED
:0C00D000EF0000016F30807167800000BD
:1000E000130101812326117E2324817E2322917E08
:1000F0002320217F232E317D232C417D232A517DF6
:100100002328617D2326717D93060000130101FCE5
:10011000130600009305000013050020EF20401097
:1001200063080522130405001705010013050517D0
:10013000EF40007C732920B0F32900B0970501003F
:10014000938545221306010013050400EF20402D7E
:10015000F32420B0338A2441F32200B017050100B4
:100160001305C514B38A3241EF40807813870A0023
:1001700093060A0013860A0093050A00170501007A
:100180001305C513EF40C051371600001306068053
:10019000971501009385059D13050100EF40103B65
:1001A000130B050063160504170501001305451917
:1001B000EF40007413050400EF30C0661301010422
:1001C0008320C17E13050B000324817E8324417E9E
:1001D0000329017E8329C17D032A817D832A417DF4
:1001E000032B017D832BC17C1301017F67800000FD
:1001F000170501001305850FEF40806FB71700004A
:1002000013830780130401009714010093848495DD
:10021000330B2300170901001309491103250400BA
:100220001304040193840401EF10907D83AB04FF59
:100230009309050013850B00EF10907C130A05004D
:10024000032504FFEF10D07C930A050013850B00F3
:10025000EF10107C1307050093860A0013060A00AE
:100260009385090013050900EF408043032544FFEF
:10027000EF10107983AB44FF9309050013850B0041
:10028000EF101078130A0500032544FFEF10507893
:10029000930A050013850B00EF10907713070500F4
:1002A00093860A0013060A009385090013050900C6
:1002B000EF40003F032584FFEF10907483AB84FF71
:1002C0009309050013850B00EF109073130A0500C6
:1002D000032584FFEF10D073930A050013850B00EC
:1002E000EF1010731307050093860A0013060A0027
:1002F0009385090013050900EF40803A0325C4FFE8
:10030000EF10107083ABC4FF9309050013850B0039
:10031000EF10106F130A05000325C4FFEF10506F94
:10032000930A050013850B00EF10906E130705006C
:1003300093860A0013060A00938509001305090035
:10034000EF400036E31C64ED130B10006FF01FE765
:1003500017050100130545F3EF408059130B1000FA
:100360006FF0DFE50000000000000000000000006A
:100370001305000067800000130000001300000058
:100380001305000067800000130000001300000048
:100390001305000067800000130000001300000038
:1003A0001305000067800000130000001300000028
:1003B0001305000067800000130000001300000018
:1003C0001305000067800000130000001300000008
:1003D00013050000678000001300000013000000F8
:1003E00013050000678000001300000013000000E8
:1003F00013050000678000001300000013000000D8
:1004000013050000678000001300000013000000C7
:1004100013050000678000001300000013000000B7
:1004200013050000678000001300000013000000A7
:100430001305000067800000130000001300000097
:100440001305000067800000130000001300000087
:100450001305000067800000130000001300000077
:100460001305000067800000130000001300000067
:100470001305000067800000130000001300000057
:100480001305000067800000130000001300000047
:100490001305000067800000130000001300000037
:1004A0001305000067800000130000001300000027
:1004B0001305000067800000130000001300000017
:1004C0001305000067800000130000001300000007
:1004D00013050000678000001300000013000000F7
:1004E00013050000678000001300000013000000E7
:1004F00013050000678000001300000013000000D7
:1005000013050000678000001300000013000000C6
:1005100013050000678000001300000013000000B6
:1005200013050000678000001300000013000000A6
:100530001305000067800000130000001300000096
:100540001305000067800000130000001300000086
:100550001305000067800000130000001300000076
:100560001305000067800000170501001305D5B4CE
:10057000EF4000386FF05FFF130101FC23201100F2
:100580002322A1002324B1002326C1002328D10067
:10059000232AE100232CF100232E01012320110343
:1005A0002322510223246102232671022328C1033E
:1005B000232AD103232CE103232EF103F322203439
:1005C00013032000638862021303B0006388620093
:1005D00013033000638862006F00C002EF00403EEA
:1005E0006F004003170501001305C5A8EF40403018
:1005F0006F004002170501001305C5A2EF40402F10
:100600006F004001170501001305E5A8EF40402EDB
:100610006F004002F3221034038302001305300000
:100620003373A3006314A3009382220093822200F9
:10063000739012348320010003254100832581003B
:100640000326C1008326010103274101832781017D
:100650000328C1018328010283224102032381026E
:100660008323C102032E0103832E4103032F810341
:10067000832FC10313010104730020307300203065
:100680003305A04023AEA1F41305F0FF67800000FE
:1006900097070100938787A41308500537070010B8
:1006A0002320070183C61700638006062320D70096
:1006B00083C22700638A02042320570003C3370044
:1006C000630403042320670083C34700638E03028F
:1006D0002320770003C55700630805022320A700E5
:1006E00083C56700638205022320B70003C6770035
:1006F00093878700630A06002320C70003C807000A
:10070000E31008FA67800000678000001300000013
:100710009307800523AEF1F41305F0FF6780000016
:100720009307800523AEF1F41305F0FF6780000006
:100730009307800523AEF1F41305F0FF67800000F6
:100740009307800523AEF1F41305F0FF67800000E6
:100750009307800523AEF1F41305F0FF67800000D6
:100760001305F0FF67800000130000001300000075
:100770009307C00023AEF1F41305F0FF678000007B
:10078000B707048023A0A700730050106F0000007B
:100790009307800523AEF1F41305F0FF6780000096
:1007A0009307B00023AEF1F41305F0FF678000005B
:1007B000B727000023A2F5001305000067800000A2
:1007C0009307800523AEF1F41305F0FF6780000066
:1007D0009307800523AEF1F41305F0FF6780000056
:1007E000930780FA23AEF1F4130500006780000040
:1007F00013051000678000001300000013000000C4
:10080000930780FA23AEF1F41305F0FF6780000030
:100810001305F5FF13351500678000001300000075
:100820009307600123AEF1F41305F0FF6780000029
:100830009307F00123AEF1F41305F0FF6780000089
:100840001305000067800000130000001300000083
:100850009307800523AEF1F41305F0FF67800000D5
:100860001305F0FF67800000130000001300000074
:100870009307800523AEF1F41305F0FF67800000B5
:100880001305000067800000130000001300000043
:10089000B727000023A2F5001305000067800000C1
:1008A0001305F0FF67800000130000001300000034
:1008B0001305F0FF67800000130000001300000024
:1008C0009307200023AEF1F41305F0FF67800000CA
:1008D0009307800523AEF1F41305F0FF6780000055
:1008E0009307A00023AEF1F41305F0FF678000002A
:1008F000130101FF23202101138981F483270900BB
:1009000023248100232291002326110093840500D3
:1009100013040600638A070213060400938504008B
:1009200017250100130505AAEF0080598320C10097
:1009300013050400032481008324410003290100DE
:100940001301010167800000B7C5010013063000E4
:1009500093850520172501001305C5A6EF00404922
:1009600093021000232059006FF01FFB13000000BA
:1009700023ACA1F213050000678000001300000003
:10098000138781F3032307003305A3002320A70067
:10099000637C250097F202009382C266637655005D
:1009A00013050300678000009307C0001303F0FFE6
:1009B00023AEF1F41305030067800000130000006C
:1009C000130101FF23229100232611009307100831
:1009D0009384050063CC170D9307F00263D61703C9
:1009E000938008FD9302100563E4120217F30000E0
:1009F0001303037193982000338768008323070053
:100A0000B385630067800500930E1001638AD80FD9
:100A10009304500517F700001307476CB70F001039
:100A200023A09F0083471700638E070423A0FF00C5
:100A3000834027006388000423A01F0083423700FF
:100A40006382020423A05F0003434700630C030298
:100A500023A06F00834857006386080223A01F016C
:100A6000834367006380030223A07F0083457700F0
:100A7000638A05001307870023A0BF008344070093
:100A8000E39004FA8320C100832441001301010193
:100A9000678000008320C100130E800523AEC1F5DE
:100AA0008324410013010101678000009300F0409E
:100AB000E3C010F79302F03F63D61203938808C097
:100AC0001303F000E36613F517F700001307C77769
:100AD000939328003385E300832505003386E500E2
:100AE00067000600130EC00AE38EC8F963461E03B2
:100AF000130F9009E388E8F9930F900AE39AF8F14D
:100B0000130F80FA23AEE1F56FF0DFF73725000011
:100B100023A2A4006FF01FF7930E600DE39AD8EFA5
:100B200023ACA1F26FF01FF61308F00123AE01F51C
:100B30006FF05FF59306200023AED1F46FF09FF4C1
:100B4000370404802320A400730050106F000000BD
:100B50009304600123AE91F46FF0DFF223202101B2
:100B6000138981F42324810013040600032609005D
:100B70006306060213060400032481000329010012
:100B80008320C100938504008324410017250100C0
:100B900013054583130101016F008032B7C60100C0
:100BA0001306300093850620172501001305858163
:100BB000EF00002413081000232009016FF09FFBB1
:100BC0008327C500638807208328050163840820E4
:100BD0000328050003469500032745018346480185
:100BE000B3E2C600A304550013F306026302031E1A
:100BF000B383E84093050001138F030063F475008D
:100C0000130F0001638AE81C338EE700834E0E0049
:100C1000930F1700130610002300D801232AF501B3
:100C20006370761AB386F70183C2060013032700A8
:100C30009305200023005800232A650063F27518ED
:100C4000338E6700834E0E00130637009306300084
:100C50002300D801232AC50063F47616B382C700A7
:100C600003C3020093054700130E400023006800F1
:100C7000232AB50063767E14B38EB70083C60E00B8
:100C800013065700930250002300D800232AC50002
:100C900063F872123383C70083450300930E670025
:100CA000130E60002300B800232AD501637A7E105A
:100CB000B386D70183C206001306770013037000C2
:100CC00023005800232AC500637C730EB385C70038
:100CD00083CE050093068700130E80002300D80101
:100CE000232AD500637E7E0CB382D70003C30200A3
:100CF000130697009305900023006800232AC5007F
:100D000063F0750CB38EC70083C60E009302A70074
:100D1000130EA0002300D800232A550063727E0A18
:100D200033835700834503001306B700930EB000CA
:100D30002300B800232AC50063F47E08B386C700E9
:100D400083C206001303C700130EC000230058001F
:100D5000232A650063767E06B385670083CE05008F
:100D60001306D7009306D0002300D801232AC5001C
:100D700063F87604B382C70003C302009305E7005B
:100D8000130EE00023006800232AB500637A7E0278
:100D9000B38EB70083C60E001306F7009302F0006F
:100DA0002300D800232AC50063FC7200B387C70064
:100DB00003C307001307070123006800232AE50087
:100DC00093050000638403009305FFFF3387F5015B
:100DD0006384E800678000008348480023280500FA
:100DE00013F5D80F2302A80067800000130000004D
:100DF000130101FE232A910083240500232C810086
:100E00002328210123263101232E110023820400EF
:100E100023840400930770FC2384F40023880400D7
:100E20002322B50013040500138905009309060069
:100E300093060000138605003745420F9305000016
:100E4000EF208050B7028000637455029350F50084
:100E5000130700F82386E40013F3F00F1355750011
:100E6000238264009373F50F2380740023860400AB
:100E70002386340123043401A304040097050000F1
:100E8000938545D4232224018320C1012328040013
:100E900023260400232A0400232E0400232C04000C
:100EA000232204022320B40203248101832441016C
:100EB000032901018329C100130101026780000099
:100EC000130101FF23260100638C0522630A062219
:100ED000032505003386C50093071003034745012A
:100EE000232601008326C1009372F70F63E2D70A1D
:100EF0000323C10093031300232671000328C100BC
:100F000063E807098328C100138E18002326C10156
:100F1000832EC10063EED707032FC100930F1F007C
:100F20002326F1010327C10063E4E7068326C100FD
:100F300013831600232661008323C10063EA77042C
:100F40000328C1009308180023261101032EC100B5
:100F500063E0C705832EC100138F1E002326E10125
:100F6000832FC10063E6F7030327C1009306170030
:100F70002326D1000323C10063EC67008323C10053
:100F800013881300232601018328C100E3F217F719
:100F900093F20202E38402F423260100032EC1002F
:100FA00063E2C70B832EC100138F1E002326E101CD
:100FB000832FC10063E8F7090327C10093061700D8
:100FC0002326D1000323C10063EE67068323C100FB
:100FD00013881300232601018328C10063E4170747
:100FE0008322C100138E12002326C101832EC1006B
:100FF00063EAD705032FC100930F1F002326F101D9
:101000000327C10063E0E7048326C10013831600B1
:10101000232661008323C10063E677020328C10011
:1010200093081800232611018322C10063EC5700A6
:10103000032EC100930E1E002326D101032FC100F1
:10104000E3F2E7F783CF05002300F5012326010033
:101050000327C10063E2E70A8326C1001383160059
:10106000232661008323C10063E877080328C100B9
:1010700093081800232611018322C10063EE57064E
:10108000032EC100930E1E002326D101032FC100A1
:1010900063E4E707832FC10013871F002326E100C5
:1010A0008326C10063EAD7040323C100930313001E
:1010B000232671000328C10063E007058328C100CF
:1010C0009382180023265100032EC10063E6C70354
:1010D000832EC100138F1E002326E101832FC10040
:1010E00063ECF7010327C100930617002326D10004
:1010F0000323C100E3F267F693851500E390C5DE94
:1011000013010101678000001300000013000000BC
:101110006388050E03C605006304060E83270500D9
:10112000130101FF9386150003C747019372F70F60
:10113000A30751000343F100937303026396030A6C
:1011400003C547019375F50FA307B1000348F100EC
:1011500093780802639A080803CE4701937EFE0F36
:10116000A307D101034FF100937F0F02639E0F0687
:1011700003C747019372F70FA30751000343F10020
:10118000937303026392030603C547019375F50F3A
:10119000A307B1000348F10093780802639608049E
:1011A00003CE4701937EFE0FA307D101034FF10049
:1011B000937F0F02639A0F0203C747019372F70FE1
:1011C000A30751000343F10093730302639E0300DE
:1011D00003C547019375F50FA307B1000348F1005C
:1011E00093780802E38208F4938616002380C700F0
:1011F00003C6F6FFE31A06F213010101678000003F
:1012000067800000130000001300000013000000BE
:10121000630C0602638A0502032705009706000097
:101220009386469A2326B500834747002328C500A6
:10123000232A05002320D50293E22700230257002A
:10124000732340F16304030067800000B723000CA0
:10125000171601001306061783A503003305C540C2
:101260001338150093081000339E0801B36EBE00BA
:1012700023A0D301678000001300000013000000CA
:1012800083270500034795008326050183C2470194
:1012900033E3E200A304650093F3F20F63980600C2
:1012A00013D5630013751500678000001305000057
:1012B000678000001300000013000000130000000E
:1012C0009307050063800518630E061603270500C3
:1012D0000345950083464701B3E2A600A384570067
:1012E00013F3160063000316937336001305000012
:1012F000638C030813081000638003079308200021
:101300006386130303470700130510002380E500DD
:1013100003A7070003CE9700834E470133EFCE01AA
:10132000A384E70193FF1E0063820F128346070028
:10133000B382A500130515002380D20003A7070080
:1013400003C397008343470133E86300A384070185
:1013500093F81300638C080E034E07003387A50033
:10136000130515002300C70103A7070083CE9700CC
:10137000034F4701B36FDF01A384F70193761F008A
:101380006386060C6306A60C83420700B383A500A0
:10139000130515002380530003A8070003CE970010
:1013A0003383A5000347480193080500B36EC701C6
:1013B000A384D701137F1700630A0F08834F080027
:1013C00013051500B382A5002300F30183A30700D2
:1013D00083C6970003C343013368D300A384070186
:1013E000137E130063040E0603C703001385280051
:1013F000B38EA5002380E20003AF070083CF9700E0
:1014000083424F01B3E3F201A384770093F6120005
:10141000638E060203430F001385380023806E009D
:1014200003A7070083C89700034E470133681E01D6
:10143000A3840701937E1E00638A0E00E316A6F4C0
:1014400067800000130500006780000067800000CF
:10145000678000001300000013000000130000006C
:10146000F32740F163960702B726000C1717010017
:10147000130747F503A60600B302E54013B31200B5
:101480009303100033986300B368C80023A01601CB
:10149000370E0100930EFEFF638CD5010325050076
:1014A00093F5F500034F4500B36FBF002302F5012C
:1014B000678000001300000013000000130000000C
:1014C000638E05029307000C63EAC7020327050039
:1014D000232EB5008342870013F3F203B363C300E6
:1014E00093F5F30F2304B7000346470093661600F5
:1014F0002302D700732840F16304080067800000CE
:10150000B728000C971E0100938ECEEB03AE0800A7
:101510003305D541133F1500930F1000B397EF012A
:1015200033E7C70123A0E800678000001300000034
:1015300063840502032705002320B5022326050046
:10154000834747002328050093E227002302570022
:10155000732340F16304030067800000B723000C8D
:1015600097150100938505E683A603003305B54072
:101570001336150013081000B318C80033EED80056
:1015800023A0C301678000001300000013000000C7
:1015900063800502032705002322B5028347470025
:1015A00093E2870023025700732340F16304030092
:1015B00067800000B723000C97150100938585E034
:1015C00083A603003305B540133615001308100039
:1015D000B318C80033EED80023A0C3016780000011
:1015E000638805126306061283270500834695006B
:1015F00003C74701B362D700A30455001373070262
:1016000063080310930300011305060063F4C3008D
:101610001305000103C8050093081000238007018B
:1016200063FAC80E03CE1500930E20002380C70175
:1016300063F2CE0E03CF2500930F30002380E70125
:1016400063FACF0C83C63500130740002380D70010
:101650006372C70C83C245001303500023805700F8
:10166000637AC30A83C355001308600023807700A0
:101670006372C80A83C86500130E700023801701C7
:10168000637ACE0883CE7500130F80002380D701C4
:101690006372CF0883CF8500930690002380F70103
:1016A00063FAC60683C295001307A0002380570083
:1016B0006372C70603C3A5009303B00023806700CD
:1016C00063FAC30403C8B5009308C0002380070170
:1016D00063F2C80403CEC500930ED0002380C70177
:1016E00063FACE0203CFD500930FE0002380E70119
:1016F00063F2CF0283C6E5009302F0002380D70097
:1017000063FAC20083C5F5002380B700678000003C
:1017100013050000678000001300000013000000A4
:10172000832705000347950083C24701A3040500F2
:1017300033E5E2001375E50967800000130000003F
:101740008327050003C587016780000013000000A0
:1017500003270500834795008342470133E3F200E6
:10176000A304650013F50206678000001300000063
:10177000032705008347C70093E2070423065700A9
:101780006780000013000000130000001300000039
:10179000032705008347C70093F2F70B2306570082
:1017A0006780000000000000000000000000000052
:1017B000130101FB23248104032447002322910405
:1017C000232021052320A103232611041308100040
:1017D000032D070093040500130906006306043F68
:1017E00023229103B30C8D0223248103232E310382
:1017F000232A51032328610323267103232EB101D9
:10180000232C4103938D0600138B0700338CC602F3
:1018100093902C00930A870093192400930B0500E2
:10182000B30C1500330DCD02131C2C0013850B00D7
:1018300093070B0013870A0093860D0013060D0013
:101840002326B100EFF0DFF68325C100B38B3B0107
:1018500093070B00338A850113870A0093860D00D6
:1018600013060D0013850B0093050A0063827C119B
:10187000EFF01FF4B38B3B01330A8A0193070B008F
:1018800013870A0093860D0013060D0013850B00C5
:1018900093050A00638E7C0DEFF09FF1B38B3B0143
:1018A000330A8A0193070B0013870A0093860D0001
:1018B00013060D0013850B0093050A00638A7C0B49
:1018C000EFF01FEFB38B3B01330A8A0193070B0044
:1018D00013870A0093860D0013060D0013850B0075
:1018E00093050A0063867C09EFF09FECB38B3B0104
:1018F000330A8A0193070B0013870A0093860D00B1
:1019000013060D0013850B0093050A0063827C0704
:10191000EFF01FEAB38B3B01330A8A0193070B00F8
:1019200013870A0093860D0013060D0013850B0024
:1019300093050A00638E7C03EFF09FE7B38B3B01B6
:10194000330A8A0193070B0013870A0093860D0060
:1019500013060D0013850B0093050A00638A7C01B2
:10196000EFF01FE5B38B3B01B3058A01E3907CEDFB
:10197000B382340183A7040003A70200130EF4FF0F
:101980007B80E70433833201131F1400B3038F00FD
:10199000B30533010325030003A60500931F34009C
:1019A000939D23007B20C504930610008328CB0061
:1019B0003308F0416318D9243388050113791E00D8
:1019C000B3073801138F0400130A000093060000C8
:1019D000130B000063020906032D480083AB480087
:1019E000138F4400130B100093062000130A3000DD
:1019F0007B4E7D052320C80183A3470083AE88006A
:101A00007BD5D30523A0A70003AC450003A3C800E2
:101A10007B666C0423A0C500832A0F00FBB90A046F
:101A2000232E3FFF130EE4FF13084800938747005F
:101A300093854500630C0E1013071B00931C0701D0
:101A400093D00C01930B3A0013992000138D2600BC
:101A5000338B280193160D0113950B01032A4800BF
:101A6000832E0B0093034F0013DC06011353050173
:101A70007B46DA05931A2C002320C800B38958014D
:101A800003A7470083AC09007B599705131D23006A
:101A900023A02701B38BA80103AB450003AA0B00C9
:101AA000FB6E4B0523A0D50183264F007BB50604B2
:101AB0009380100013960001135B0601931A2B000C
:101AC000130C2C001303330023AEA3FE13170C01D9
:101AD000B3835801931B03018329880083AC03005F
:101AE00013894700138D4500130F8F00935607018C
:101AF00013DA0B017BC59905939E26002322A800CB
:101B0000B380D8010326490083AA00007B5C5605F8
:101B100013132A0023A28701B383680083294D0091
:101B200083AC03007BE9990523A22501032D0F0057
:101B30007B370D04232EEFFE130EEEFF13088800F3
:101B40009387870093858500E3180EEE1304E4FF66
:101B500093182400930500007BCFB504338E120147
:101B60002322EE017BD8B504B38FF401B3871F01A4
:101B700023A207017BEBB504B384B401B38D140138
:101B800023A26D017BBA05048320C10403248104D0
:101B900023AE42FF8329C103032A8103832A410321
:101BA000032B0103832BC102032C8102832C4102EE
:101BB000832DC1018324410403290104032D010263
:101BC000130101056780000093122600B3865500BB
:101BD00003A5050083AE0600FB00D50323A0140077
:101BE0007B1600028320C1040324810423A2C400C5
:101BF0000329010483244104032D0102130101057B
:101C000067800000931E090113D90E01131B1900F0
:101C1000B30A690133880501931C0B01139C0A0167
:101C200093701E0013DD0C01935B0C01B3073801A8
:101C3000138F0400930E000093060000930300002E
:101C400063840008131E2900B389C8011317090112
:101C500013150D0113960B01032A480003A3090075
:101C6000138F44009353070193560501935E0601B9
:101C70007B4B6A04939A260023206801B3805801A5
:101C800083AC470003AC0000FBD98C05139E2E00EB
:101C900023A03701338AC80103A3450003270A00A4
:101CA0007B65E30423A0A50003260F007B3B06040D
:101CB000232E6FFF130EE4FF13084800938747009D
:101CC00093854500E3040EE8B3037900939A03017A
:101CD00093D00A01939C2000B306DD00B38EDB0194
:101CE000338C98011397060113960E0103234800C5
:101CF00083290C00130A4F0013550701135B0601DB
:101D0000FB433305931A250023207800B38C580138
:101D100083A6470083AE0C007BDCD60513132B0093
:101D200023A08701B389680003A7450003A6090023
:101D3000FB63C70423A07500832A4F00FBBC0A0481
:101D4000B30019009396000193D30601939E2300DC
:101D50003305AD00338B6B01232E9AFF93190501D8
:101D6000338AD80113170B01032C880003230A00C0
:101D700013864700938A4500130F8F0093D60901FD
:101D8000935E0701FB4C6C0493902600232298017C
:101D900033851800032B4600032A05007B5C4B05A6
:101DA00013932E0023A287013386680083AA4A007A
:101DB000832906007BE73A0523A2E500832C0F0068
:101DC000FBB00C04232E1FFE130EEEFF1308880039
:101DD0009387870093858500E3180EEE6FF01FD779
:101DE000130101FD2322910283A446002320210335
:101DF000232E310123248101232611029307100091
:101E000003AC060013090500938905006380F43CC8
:101E1000232A5101B30A9C0223248102232C41016D
:101E20002328610123267101232291012320A1018E
:101E3000930B0600130B0700138A860093902A0069
:101E4000931C260013942400130D0500B30A1500FB
:101E50009385090013050D0093070B0013070A0073
:101E600093860B0013060C00EFF09F94330D8D004A
:101E7000B389990193070B0013070A0093860B009F
:101E800013060C0013050D00938509006382AA1147
:101E9000EFF01F92330D8D00B389990193070B006A
:101EA00013070A0093860B0013060C0013050D00A0
:101EB00093850900638EAA0DEFF09F8F330D8D007F
:101EC000B389990193070B0013070A0093860B004F
:101ED00013060C0013050D0093850900638AAA0BF5
:101EE000EFF01F8D330D8D00B389990193070B001F
:101EF00013070A0093860B0013060C0013050D0050
:101F0000938509006386AA09EFF09F8A330D8D003F
:101F1000B389990193070B0013070A0093860B00FE
:101F200013060C0013050D00938509006382AA07B0
:101F3000EFF01F88330D8D00B389990193070B00D3
:101F400013070A0093860B0013060C0013050D00FF
:101F500093850900638EAA03EFF09F85330D8D00F2
:101F6000B389990193070B0013070A0093860B00AE
:101F700013060C0013050D0093850900638AAA015E
:101F8000330D8D00EFF0DF82B3899901E392AAED62
:101F9000330F89008322090003270F001383F4FF06
:101FA0007B80E204B3038F00139E140033059E0070
:101FB0003386830083A5030083260600939E3400A6
:101FC000131C25007BA0D504330ED641937F13004C
:101FD000832BCB0033088E0093080900130A0000FE
:101FE0009307000063800F06032B4E0003A34B00F2
:101FF0009308490093071000130A3000FB4C6B0450
:1020000023209E010324480083A08B00FB5A140464
:1020100023205801032D460083A9CB00FB623D0518
:102020002320560003A70800FB33070423AE78FEE5
:102030001383E4FF130E4E001308480013064600F6
:10204000630C0310138517009315050113DB0501BD
:1020500093073A0093162B00338ADB009390070115
:10206000832F4E00832C0A001384480093DA00016A
:102070007BCD9F0593191B009392090113D7020191
:10208000931327002320AE0133857B00832548006E
:1020900083260500FBD7D504139A2A002320F800D5
:1020A000B38F4B01832C460083A00F007BED1C04F3
:1020B0002320A60183A94800FBB20904130B1B00CF
:1020C00013170B0193570701232E54FE93932700F8
:1020D00013843A0093160401B38A7B0003258E0013
:1020E00083A50A00930C480093004600938888005B
:1020F00013DA0601FB4FB504139D170093190D0168
:1021000093D20901139B22002322FE0133876B0126
:1021100083A34C0003240700FBDA830413152A0071
:1021200023225801B385AB0083AC400083A0050097
:10213000FBE61C042322D60083AF08007BBD0F04FE
:1021400023AEA8FF1303E3FF130E8E0013088800CD
:1021500013068600E31803EE9384E4FF939B2400A8
:10216000FB486304330E7F0123221E017B58630466
:10217000B30ED90133867E0123220601FB67630477
:1021800033098901330C79012322FC007B330304DA
:10219000032481028320C102232E6FFE032A8101C2
:1021A000832A4101032B0101832BC100832C4100B1
:1021B000032D010083244102032901028329C10167
:1021C000032C8100130101036780000003AF0500A9
:1021D00083A94500FB023F03232055007B17000223
:1021E0008320C1022322E500832441020329010246
:1021F0008329C101032C81001301010367800000C2
:102200001355054167800000130000001300000013
:1022100013150501135505416780000013000000E8
:10222000130101FE232C810093073500232E11009A
:102230001304050013952700638006066302060455
:1022400083A0060063EEA00223A0A60013050600EB
:102250008320C101232085000324810197120100FE
:1022600083A2C283171301000323C3832322B50073
:102270002326550023246500130101026780000016
:1022800023A0A600130500008320C10103248101BF
:1022900013010102678000002326B100EF10C05730
:1022A0008325C100E31605FA130500006FF0DFFD7A
:1022B000130101FE232C810023263101232E11005E
:1022C00013040500938906006384C50283268400F5
:1022D00013070400032481018320C10113050600B4
:1022E000138609008329C100130101026FF05FAF5B
:1022F000232A9100938405006382050603250500C7
:102300002328210113152500EF10005113090500A2
:102310006308050A83268400130704001386090056
:1023200093850400EFF0DFAB03260400930509005A
:102330001385040013162600EF20907103248101F9
:10234000832441018320C1018329C10013050900B1
:1023500003290101130101026F10C04C970901000C
:1023600083A9097483A00900130670019305100066
:1023700083A6C0001705010013054581EF20402109
:1023800083A30900930510001306100183A6C30060
:102390001705010013050581EF20801F83A50900A3
:1023A000832441011305A00083A5C50003248101F6
:1023B0008320C1018329C100130101026F10507EE7
:1023C000170401000324C46D832704001306700161
:1023D0009305100083A6C70017F500001305C57DFF
:1023E000EF20001B832204009305100013068001D8
:1023F00083A6C20017F500001305857DEF20401964
:102400000323040083244101032901018325C30020
:102410001305A0006FF09FF91300000013000000E7
:10242000130101FD23248102232291022320210391
:1024300023261102138905001304060093040500E6
:10244000638EC53823286101032B8500232E3101BB
:102450002324810183294B0093071000032C0B00D8
:10246000638CF97423267101B30B3C03232C4101C7
:10247000232A5101130B8B00939A2900130A06009B
:1024800093902B00B30B160013050A0093870400EA
:1024900013070B009306100013060C0093050900A8
:1024A000EFF00FB1330A5A019387040013070B00B2
:1024B0009306100013060C0013050A00930549004B
:1024C00063864B0FEFF0CFAE330A5A0193870400B7
:1024D00013070B009306100013060C0013050A00E7
:1024E0009305890063844B0DEFF08FAC330A5A01DA
:1024F0009387040013070B009306100013060C00CB
:1025000013050A009305C90063824B0BEFF04FAA35
:10251000330A5A019387040013070B009306100037
:1025200013060C0013050A009305090163804B098B
:10253000EFF00FA8330A5A019387040013070B002A
:102540009306100013060C0013050A0093054901B9
:10255000638E4B05EFF0CFA5330A5A019387040031
:1025600013070B009306100013060C0013050A0056
:1025700093058901638C4B03EFF08FA3330A5A0153
:102580009387040013070B009306100013060C003A
:1025900013050A009305C901638A4B01330A5A01E6
:1025A000EFF00FA113090902E3904BEF330F540131
:1025B0008322040003270F001383F9FF7B80E204CA
:1025C000B3035F01139E190033053E0133865301A7
:1025D00083A5030083260600939E3900131C250063
:1025E0007BA0D504B305D641937F130083A8C40014
:1025F0003385550113080400130B000093070000F6
:1026000063800F0683A4450003A348001308440019
:1026100093071000130B3000FBC0640423A01500C7
:10262000832B450003AA88007BD94B052320250175
:102630008322460003A7C800FBE3E20423207600C0
:10264000032E0800FB360E04232ED8FE1383E9FF69
:10265000938545001305450013064600630C0310DF
:10266000938F170093940F0193D704019390270041
:10267000130B3B00B38B180013170B0103AA450083
:1026800003A90B0093024800935307017B4E2A05D0
:1026900093961700939F060193D40F019390240003
:1026A00023A0C501338B1800832B4500032A0B00A0
:1026B0007BD94B051397230023202501338EE80097
:1026C00083264600832F0E00FBE4F60523209600A8
:1026D000832048007BBB000493871700939B07016E
:1026E00093D70B0113893300139A270023AE62FF9F
:1026F00013170901B382480103AE850083A60200C7
:10270000930345009304460013088800135B0701F8
:10271000FB4FDE0493901700939B000113DA0B012B
:1027200013192A0023A2F501B382280103AE430046
:1027300083A60200FB53DE0413172B00232275002F
:10274000B38FE80083A4440083A00F00FBEB1404C4
:1027500023227601032A08007B390A04232E28FF4E
:102760001303E3FF93858500130585001306860098
:10277000E31803EE9389E9FF939829007B486304EB
:1027800033041401B30A540123A20A01FB55630464
:10279000B30ED40123A2BE007B656304330C840115
:1027A0002322AC007B330304032A8101832A4101E5
:1027B000832BC100232E6FFE8320C10203248102DC
:1027C0008329C101032B0101032C810083244102D1
:1027D000032901021301010367800000638A054099
:1027E00083220500232A5101232E3101939A2200CE
:1027F00013850A00EF10400293090500630C05449D
:1028000003AE8400232C410123229101032A4E00B0
:102810002326710193061000832C0E00630CDA3A14
:10282000B3834C032328610123248101930B8E0081
:10283000931A2A00130B050013972300330CE500AD
:1028400013050B009387040013870B0093061000F9
:1028500013860C0093050900EFE09FF5330B5B0135
:102860009387040013870B009306100013860C0057
:1028700013050B009305490063066C0FEFE05FF34F
:10288000330B5B019387040013870B009306100042
:1028900013860C0013050B009305890063046C0D6F
:1028A000EFE01FF1330B5B019387040013870B00EC
:1028B0009306100013860C0013050B009305C90046
:1028C00063026C0BEFE0DFEE330B5B0193870400D8
:1028D00013870B009306100013860C0013050B00E2
:1028E0009305090163006C09EFE09FEC330B5B017A
:1028F0009387040013870B009306100013860C00C7
:1029000013050B0093054901630E6C05EFE05FEAC8
:10291000330B5B019387040013870B0093061000B1
:1029200013860C0013050B0093058901630C6C03DF
:10293000EFE01FE8330B5B019387040013870B0064
:102940009306100013860C0013050B009305C901B4
:10295000630A6C01330B5B01EFE09FE51309090289
:10296000E3106CEFB38F590183A0090003A90F0096
:10297000130EFAFF7B802005B3885F0113181A003D
:10298000B30548013388580103A508000323080054
:10299000131F3A00939E25007B206504B308E8418D
:1029A00013761E00B385580183ACC400938B0900D5
:1029B00093060000930A00006300060683A7480000
:1029C00083A24C00938B4900930A100093063000B9
:1029D0007BCE570423A0C80183A3450003A78C0026
:1029E0007BDCE30423A08501032B480083A0CC00FB
:1029F0007B691B042320280103A50B007B330504FE
:102A000023AE6BFE130EEAFF9388480093854500C2
:102A100013084800630C0E1013861A009317060162
:102A200093DA070193922A0093863600B3835C0001
:102A30009390060103A7480003AC0300138B4B00DF
:102A400013D900017B45870513931A001316030160
:102A5000935706019392270023A0A800B3865C0039
:102A600083A3450003A706007BDCE3049310290041
:102A700023A0850133851C0003234800032605009D
:102A8000FB67C3042320F80083A24B00FBB60204BB
:102A9000938A1A0093930A0193DA0301232EDBFE33
:102AA00013972A00130B390013160B013389EC001E
:102AB00003AC8800832009001385450013034800F8
:102AC000938B8B0093560601FB471C0493921A00CC
:102AD0009393020113D70301131B270023A2F800CD
:102AE00033896C01032C4500832009007B551C04AD
:102AF0001396260023A2A500B382CC000323430033
:102B000083A70200FB63F3042322780003A70B00D2
:102B10007B3B070423AE6BFF130EEEFF9388880008
:102B20009385850013088800E3180EEE130AEAFF68
:102B3000931C2A00FB4BCE05B3889F0123A278018A
:102B4000FB55CE05338FE90133089F012322B800DE
:102B5000FB66CE05B38ED901B38A9E0123A2DA00AB
:102B60007B3E0E0483A40400032B0101032C81008F
:102B700023AECFFF939A240013860A0093850900A1
:102B800013050400EF20C06C03248102032A810195
:102B9000832A4101832BC100832C41008320C10281
:102BA0008324410203290102138509008329C101FD
:102BB000130101036F00104703AF050003A6450092
:102BC0007B0BCF0223206401FB1700022322F400B9
:102BD0006FF09FBE832F040003294400FB802F0366
:102BE000232015007B15000223A2A9006FF0DFF857
:102BF0009704010083A4C4EA03A304001306700130
:102C0000930510008326C30017F50000130505F88F
:102C1000EF10101883A7040093051000130610018D
:102C200083A6C70017F500001305C5F7EF1050166F
:102C300083A304001305A00083A5C300032481021D
:102C40008320C102832441020329010213010103ED
:102C50006F10007517040100032484E48329040025
:102C6000130670019305100083A6C90017F5000034
:102C7000130585F4EF10D0118322040013068001A0
:102C80009305100083A6C20017F50000130545F454
:102C9000EF101010032604008329C101832A41018B
:102CA0008325C6001305A0006FF05FF91300000034
:102CB00067800000130000001300000013000000F4
:102CC0009377150093063000130750001308100087
:102CD000639407189307050013D6F701B302F600B3
:102CE00093D7124013D3F70193F51700B303F30002
:102CF0006394050893D7134093D8F70193FE170008
:102D0000338EF800639A0E0693571E4013DFF701C7
:102D100013F61700B30FFF006310060693D71F408A
:102D200093D2F70193F317003383F2006396030401
:102D30009357134093D5F70113FE1700B388F5009E
:102D4000631C0E0293D7184093DEF70193FF170020
:102D5000338FFE0063920F0293571F4013D6F70183
:102D600013F31700B302F6006318030093D7124061
:102D700093F31700E38203F6B3E5D70263920506E7
:102D8000B3C7D702B3E8D702639C0804B3C7D7021E
:102D900033EED70263160E04B3C7D702B3EED702E1
:102DA00063900E04B3C7D70233EFD702631A0F0242
:102DB000B3C7D702B3EFD70263940F02B3C7D702EA
:102DC00033E6D702631E0600B3C7D702B3E2D702C9
:102DD00063980200B3C7D70233E3D702E30203FAD2
:102DE000B3E3E70263920306B3C7E702B3E5E70282
:102DF000639C0504B3C7E702B3E8E70263960804DF
:102E0000B3C7E70233EEE70263100E04B3C7E7026D
:102E1000B3EEE702639A0E02B3C7E70233EFE702AD
:102E200063140F02B3C7E702B3EFE702639E0F001C
:102E3000B3C7E70233E6E70263180600B3C7E70249
:102E4000B3E2E702E38202FA635CF80013051500BF
:102E500093771500E38007E8930705006FF0DFF133
:102E60006780000000000000000000001308000060
:102E700063C6051263DC0600B337C000B306D0405A
:102E80001348F8FFB386F6403306C04093080600A7
:102E90001307050013830500639A060E63F4C51635
:102EA000B70701006364F622B707000193068001AB
:102EB0006374F60093060001B7270180335ED600E5
:102EC000938787BEB387C70183C70700130E00022D
:102ED000B387D700B306FE40630CFE003393D500E2
:102EE000B357F500B318D60033E367003317D500A6
:102EF00013D608013355C3029396080193D60601F1
:102F0000935707013373C302B385A602131303015A
:102F1000B3E7670063FCB700B387F8001303F5FF5E
:102F200063E4170163E6B74013050300B387B740B6
:102F3000B3D5C7021317070113570701B3F7C70229
:102F4000B386B602939707013367F700637ED70015
:102F50003387E8009387F5FF636617019385E5FFE4
:102F60006364D70093850700131505013365B50029
:102F700093050000630A0800B337A000B305B04012
:102F8000B385F5403305A0406780000063F4D502A7
:102F900093050000130500006FF0DFFDB337A000BC
:102FA000B305B040B385F5403305A0401308F0FFEA
:102FB0006FF05FECB707010063E8F61EB70700018A
:102FC0009308800163F4F60093080001B72701809D
:102FD00033D71601938787BEB387E70003C707007F
:102FE0009307000233071701B388E7406396E71C95
:102FF00063E4B6303335C500133515009305000082
:103000006FF05FF7630C060CB7070100637CF62CCA
:10301000133306101333130013133300B356660033
:10302000B7270180938787BEB387D70083C6070081
:1030300093070002B3866600B38ED7406394D70C23
:10304000B386C54013530601131606011356060135
:103050009305100033D5660293570701B3F6660255
:10306000330EC50293960601B3E7D70063FCC70190
:10307000B387F8009306F5FF63E4170163E4C72BF9
:1030800013850600B387C741B3D66702131707013C
:1030900013570701B3F767023386C60293970701F8
:1030A0003367F700637EC7003387E8009387F6FF36
:1030B000636617019386E6FF6364C7009386070083
:1030C000131505013365D5006FF0DFEA933606105E
:1030D00093B61600939636006FF01FDEB727018077
:1030E00093060000938787BEB387D70083C6070087
:1030F0001303000093070002B3866600B38ED74027
:10310000E380D7F4B318D60133DED50013D308011A
:10311000B3576E021396080113560601B356D50035
:103120003317D501B395D501B3E6B60093D50601A3
:10313000337E6E023305F602131E0E01B3E5C501A0
:1031400063FEA500B385B800138EF7FF63E4151D79
:1031500063F2A51C9387E7FFB3851501B385A540EE
:1031600033D565029396060193D60601B3F5650241
:10317000330EA60293950501B3E6B60063FEC601C1
:10318000B386D8009305F5FF63EE161763FCC617E8
:103190001305E5FFB386160193950701B386C64173
:1031A000B3E5A5006FF01FEB93B8061093B81800B5
:1031B000939838006FF09FE1B35EE600B396160176
:1031C000B3EEDE0033D3E50013DF0E01B357E303A4
:1031D000139E0E01B3951501135E0E013357E500E2
:1031E0003367B70093560701331616013373E303B1
:1031F000B305FE0213130301B3E6660063FEB600D7
:10320000B386DE001383F7FF63EAD61163F8B610C6
:103210009387E7FFB386D601B386B640B3D5E603FE
:103220001317070113570701B3F6E6033303BE0272
:10323000939606013367D700637E67003387EE00FD
:103240009386F5FF6364D70D6372670C9385E5FF82
:103250003307D70193970701370F0100B3E7B70092
:103260009306FFFFB3F5D70013DE0701B376D60050
:1032700013560601B38ED50233076740B306DE024C
:1032800013D30E01B385C502B385D500B305B300D2
:10329000330ECE0263F4D500330EEE0193D6050152
:1032A000B386C601636AD7026308D7001385070097
:1032B000930500006FF01FCCB70601009386F6FF60
:1032C00033F7D50013170701B3FEDE0033151501E0
:1032D0003307D701E37CE5FC1385F7FF9305000076
:1032E0006FF05FC9B7070001637AF60493560601D1
:1032F000130300016FF0DFD29305000013051000E7
:103300006FF05FC7138505006FF01FE99385060016
:103310006FF05FF493070E006FF05FE49307030014
:103320006FF09FEF1305E5FFB38717016FF09FD58F
:103330001305E5FFB38717016FF05FBF9356860152
:10334000130380016FF0DFCD13080600930805001A
:10335000138705006390060E63FEC512B7070100D0
:10336000636EF61EB7070001930680016374F600D2
:1033700093060001B72701803353D600938787BE99
:10338000B387670083C7070013030002B387D70022
:10339000B306F340630CF3003397D500B357F50041
:1033A0003318D60033E7E700B318D50013560801E9
:1033B0003355C7029316080193D6060193D7080127
:1033C0003377C702B385A60213170701B3E7E700F7
:1033D00063FCB700B307F8001307F5FF63E40701C8
:1033E00063E0B73E13050700B387B74033D7C70282
:1033F0009398080193D80801B3F7C702B386E60291
:1034000093970701B3E8F80063FED800B3081801EA
:103410009307F7FF63E608011307E7FF63E4D800AB
:1034200013870700131505013365E50093050000B8
:103430006780000063F8D5009305000013050000C5
:1034400067800000B707010063E8F61EB7070001B8
:103450001308800163F4F60013080001B727018008
:1034600033D70601938787BEB387E70003C70700FA
:1034700093070002330707013388E7406396E71C90
:1034800063E4B6303335C5001335150093050000ED
:1034900067800000630C060CB7070100637CF62C04
:1034A000133706101337170013173700B356E6000B
:1034B000B7270180938787BEB387D70083C70700EC
:1034C00093060002B387E700B38EF6406394F60CD0
:1034D000B387C5409356060113160601135606011D
:1034E0009305100033D5D70213D70801B3F7D702DD
:1034F0003303C50293970701B367F70063FC6700C6
:10350000B307F8001307F5FF63E4070163E4672AD4
:1035100013050700B387674033D7D7029398080194
:1035200093D80801B3F7D7023306C7029397070170
:10353000B3E8F80063FEC800B30818019307F7FF6B
:1035400063E608011307E7FF63E4C8001387070079
:10355000131505013365E5006780000093360610FA
:1035600093B61600939636006FF0DFE0B727018020
:1035700093060000938787BEB387D70083C70700F1
:103580001307000093060002B387E700B38EF640EE
:10359000E380F6F43318D60133D3F50093560801CF
:1035A000335ED30213160801B395D50113560601F5
:1035B000B357F500B3E7B70013D70701B318D50128
:1035C0003373D302B305C6031313030133676700D4
:1035D000637EB7003307E8001305FEFF6364071D31
:1035E0006372B71C130EEEFF330707013307B740B2
:1035F0003355D7029397070193D707013377D70243
:103600003303A60213170701B3E7E70063FE670061
:10361000B307F8001307F5FF63EE071763FC67169F
:103620001305E5FFB387070193150E01B3876740C4
:10363000B3E5A5006FF01FEB13B8061013381800A0
:10364000131838006FF09FE1335EE600B396060171
:10365000336EDE00B3D8E500935E0E01B3D7D80316
:1036600013130E01B3950501135303013357E500FE
:103670003367B7009356070133160601B3F8D80332
:10368000B305F30293980801B3E6160163FEB60092
:10369000B306DE009388F7FF63EAC61163F8B6103D
:1036A0009387E7FFB386C601B386B640B3D5D6038A
:1036B0001317070113570701B3F6D603B308B30274
:1036C000939606013367D700637E17013307EE0038
:1036D0009386F5FF6364C70D6372170D9385E5FF4D
:1036E0003307C70193970701B70E0100B3E7B7008F
:1036F0009386FEFFB3F5D70013D30701B376D60048
:1037000013560601338ED50233071741B306D30291
:1037100093580E01B385C502B385D500B385B800B3
:103720003303C30263F4D5003303D30193D60501F9
:10373000B3866600636AD7026308D7001385070063
:103740009305000067800000B70601009386F6FF2E
:1037500033F7D50013170701337EDE00331505015B
:103760003307C701E37CE5FC1385F7FF93050000F1
:1037700067800000B7070001637AF60493560601DC
:10378000130700016FF0DFD293050000130510004E
:1037900067800000130507006FF01FE9938506009E
:1037A0006FF05FF4130E05006FF05FE4938708007D
:1037B0006FF09FEF1305E5FFB38707016FF09FD50B
:1037C0001305E5FFB38707016FF01FC2935686010B
:1037D000130780016FF0DFCD93050500930600000D
:1037E00013060000130500006F109049130101FF3C
:1037F00093050000232481002326110013040500F3
:10380000EF10905183A781F563840700E7800700DC
:1038100013050400EFC0DFF69305050003A541F48E
:103820006F0000019305050003A541F46F1090752A
:10383000130101FD232E31012326110223248102CD
:1038400023229102232021039387B50013076001EF
:10385000930905006360F7089307000163E0B72050
:10386000EF00007893078001930520009304000186
:1038700013898182B307F90003A44700138787FFE8
:103880006300E434832744008326C40003268400B5
:1038900093F7C7FFB307F40003A747002326D6001A
:1038A00023A4C600136717001385090023A2E700AD
:1038B000EF004073130584008320C10203248102BA
:1038C00083244102032901028329C1011301010359
:1038D0006780000093F487FF63C2071863E0B418A1
:1038E000EF0000709307701F63F6973E93D7940024
:1038F000638E071613074000636CF73293D764009A
:103900009385970313888703139635001389818263
:103910003306C90003244600130686FF63088602A7
:103920001305F0006F0040018326C400635607288A
:10393000630ED600138406008327440093F7C7FF65
:1039400033879740E352E5FE9305080003240901FD
:1039500093088900630E1425832744009306F00022
:1039600093F7C7FF3387974063CCE636232A1901C4
:1039700023281901635007341307F01F032549005A
:103980006368F72413F787FF130787003307E900FD
:103990008326070013D6570093071000B397C7007C
:1039A0003365F500930787FF2326F4002324D40012
:1039B0002322A9002320870023A6860093D7254031
:1039C000130610003316F600636AC50AB377A60023
:1039D000639407021316160093F5C5FFB377A6008C
:1039E00093854500639A070013161600B377A60067
:1039F00093854500E38A07FE1308F0001393350012
:103A000033036900130503008327C500138E0500E7
:103A10006302F52403A747001384070083A7C700A8
:103A20001377C7FFB30697406342D824E3C206FE6C
:103A30003307E4008326470003268400138509002A
:103A400093E616002322D7002326F60023A4C700FE
:103A5000EF004059130584006FF01FE69307C00084
:103A600023A0F900130500006FF01FE513060020E6
:103A7000930500041308F0036FF05FE90324890045
:103A8000232861018327440013FBC7FF63689B0061
:103A900033079B409307F00063CAE70C2322910190
:103AA000232A510103A7C1F383AA41F5232C410125
:103AB000232671019307F0FF330A6401B38A54018E
:103AC0006306F73CB71700009387F700B38AFA0044
:103AD000B7F7FFFFB3FAFA0093850A0013850900D0
:103AE000EF10804D9307F0FF930B0500630AF54438
:103AF00023248101636E4523138C81F683250C00FA
:103B0000B385BA002320BC00138705006316AA2AD8
:103B1000931745016392072A832B8900B3075B0142
:103B200093E7170023A2FB0083A601F563F4B60018
:103B300023A8B1F483A6C1F463F4B60023A6B1F4BC
:103B4000032C810013840B0093F7C7FF3387974042
:103B500063EA97389307F00063D6E738032A8101B8
:103B6000832A4101832BC100832C410093E7140079
:103B70002322F400B3049400232499001367170050
:103B80001385090023A2E400EF00C0458320C10291
:103B90001305840003248102032B010183244102C5
:103BA000032901028329C101130101036780000079
:103BB000032549006FF09FE0032684006FF09FCD3E
:103BC00003A4C70093852500E38287D86FF09FCBBD
:103BD00013D797009306400063F2E6149306400162
:103BE00063E4E6321306C7059306B70513163600DD
:103BF0003306C90003270600130686FF6318E60094
:103C00006F004029032787006308E60083264700EA
:103C100093F6C6FFE3E8D7FE0326C7002326C400B9
:103C20002324E40023248600232687006FF01FD975
:103C3000130740016378F710130740056364F72EFC
:103C400093D7C4009385F7061388E70613963500CB
:103C50006FF0DFCB130E1E0093773E001305850037
:103C6000638007108327C5006FF09FDA0326840066
:103C700093E514002322B4002326F60023A4C700F2
:103C8000B3049400232A99002328990093E716008F
:103C900023A6140123A4140123A2F4003307E40093
:103CA000138509002320D700EF00C03313058400DB
:103CB0006FF09FC0B307F40003A747001385090006
:103CC0001367170023A2E700EF00C031130584003B
:103CD0006FF09FBE93D53400938784006FF05FB977
:103CE00093E614002322D400B3049400232A9900FD
:103CF000232899009366170023A6140123A4140116
:103D000023A2D400B307F4001385090023A0E70021
:103D1000EF00402D130584006FF01FBA13D7670022
:103D20001306970393068703131636006FF05FECB4
:103D3000630C240703248900032C8100832744009B
:103D40006FF09FE09385C7051388B705139635007C
:103D50006FF0DFBB832783009385F5FF639E6726A3
:103D600093F73500130383FFE39607FE032749000B
:103D70009347F6FFB3F7E7002322F9001316160066
:103D8000E3EEC7CEE30C06CE3377F600631A0700E6
:103D9000131616003377F600130E4E00E30A07FEE3
:103DA00093050E006FF09FC5138C81F603270C005E
:103DB0003387EA002320EC0083A6C1F39307F0FFCA
:103DC0006386F618B3874B41B387E7002320FC00D6
:103DD00093FC7B00638C0C0CB38B9B41B7170000EA
:103DE00093878700938B8B00B3859741B38A5B01E0
:103DF000B38555419395450113DA450193050A00B2
:103E000013850900EF10401B9307F0FF6300F518BE
:103E100033057541B30A450103270C0023247901BA
:103E200093E71A00B305EA002320BC0023A2FB009D
:103E3000E30C24CF9306F00063F0660B03274400E5
:103E400093074BFF93F787FF137717003367F7004C
:103E50002322E400130650003307F4002322C70096
:103E60002324C70063E6F60083A74B006FF0DFCB87
:103E70009305840013850900EF10D010832B89006F
:103E800083250C0083A74B006FF01FCA938A0A0199
:103E90006FF09FC493D6264093071000B397D700C6
:103EA0003365F5002322A9006FF05FD7B3855B016E
:103EB000B305B0409395450113DA450193050A0017
:103EC00013850900EF10400F9307F0FFE312F5F49C
:103ED000130A00006FF05FF4032C810093071000B9
:103EE00023A2FB0013850900EF00C00F130500009B
:103EF000032A8101832A4101032B0101832BC10085
:103F0000832C41006FF05F9B9306400563E4E60459
:103F100013D7C7001306F7069306E70613163600F5
:103F20006FF01FCD130740156364F70493D7F400B7
:103F30009385870713887707139635006FF01F9DC9
:103F400003248900832744006FF01FC023AE71F360
:103F50006FF01FE89306401563E4E60413D7F700FB
:103F60001306870793067707131636006FF05FC8AE
:103F7000130740556364F70493D724019385D7074B
:103F80001388C707139635006FF05F98938C8CFFEA
:103F9000B38A9A01B38A7A41130A00006FF0DFE70F
:103FA0009306405563E4E60213D727011306D707AB
:103FB0009306C707131636006FF09FC31306803FA2
:103FC0009305F0071308E0076FF05F941306803F36
:103FD0009306E0076FF0DFC1832749006FF01FDA17
:103FE0006780000067800000130500006780000004
:103FF000B7950080138601C3938545B6138501C428
:104000006F000041130101FF832545002324810037
:104010002322910023261100138401F99304050043
:1040200063848500EF40103483A5840093078406E1
:104030006386F50013850400EF40D03283A5C400E9
:104040001304040D638E8500032481008320C100C6
:104050001385040083244100130101016F40903057
:104060008320C10003248100832441001301010146
:10407000678000001305000067800000130101FE47
:10408000232C8100B7470080138401F9938707FF31
:10409000232E1100232A91002328210123263101F8
:1040A0002324410123ACF1F4130680009307400060
:1040B000930500001305C4052326F4002320040003
:1040C00023220400232404002322040623280400BE
:1040D000232A0400232C0400EF10C009B7070100B5
:1040E000375A0080B759008037590080B754008094
:1040F000130ACA8F938909961309899E938404A68B
:104100009387970013068000930500001305440C65
:10411000232044032322340323242403232694024C
:10412000232AF406232E84002324040623260406CF
:10413000232804062326040C232C0406232E04061D
:1041400023200408EF100003B707020013078406BA
:10415000938727011305C4121306800093050000FE
:10416000232444092326340923282409232A9408D4
:10417000232EF40C2322E4082328040C232A040C05
:10418000232C040C232A04122320040E2322040EC1
:104190002324040EEF00107E9307040D2328440F00
:1041A000232A340F232C240F232E940E8320C101A5
:1041B0002326F40E032481018324410103290101F4
:1041C0008329C100032A81001301010267800000D6
:1041D00083A781F5130101FE23263101232E11004F
:1041E000232C8100232A9100232821019309050013
:1041F0006386070E138901C39304F0FF83274900E8
:10420000032489009387F7FF63D807006F00000835
:1042100013048406638C97060317C4009387F7FF83
:10422000E31807FEB707FFFF938717002326F40064
:104230002322040623200400232404002322040054
:1042400023280400232A0400232C040013068000E2
:10425000930500001305C405EF00D0712328040264
:10426000232A040223220404232404048320C101FA
:104270001305040003248101832441010329010162
:104280008329C10013010102678000000324090093
:1042900063060400130904006FF05FF69305C01A6B
:1042A00013850900EFF0CFD813040500630C050255
:1042B0001305C50093074000232004002322F400C7
:1042C0002324A4001306001A93050000EF00906A4F
:1042D00023208900130904006FF05FF2EFF01FDA6A
:1042E0006FF05FF1232009009307C00023A0F900BD
:1042F0006FF0DFF7832745036384070067800000C2
:1043000003A781F5B747008093874700232AF5026A
:10431000E31607FE6FF09FD66780000067800000FD
:10432000B7450080138601C3938585FE1305000001
:104330006F00000EB7450080138601C393854507C3
:10434000130500006F00C00C130101FE232C810037
:10435000232E11001304050063060500832745037F
:10436000638C070013050400032481018320C1012D
:10437000130101026F0080372326C1002324B100FE
:10438000EFF05FF713050400032481010326C10049
:10439000832581008320C101130101026F000035D4
:1043A000130101FE232A910083A441F4232C8100F0
:1043B000232E1100130405001386050063860400F4
:1043C00083A744036380070293050400032481014B
:1043D0008320C101138504008324410113010102DC
:1043E0006F00C030138504002326B100EFF09FF06A
:1043F00093050400032481010326C1008320C10129
:104400001385040083244101130101026F00002E73
:10441000130101FD23202103232E3101232C41010F
:10442000232A510123286101232671012326110229
:104430002324810223229102130B0500938B050094
:10444000930A0600130A0000930910001309F0FFF5
:1044500083A44A0003A48A009384F4FF63C804027F
:104460008357C40063FEF9008317E400930504003A
:1044700013050B0063862701E7800B00336AAA004F
:104480009384F4FF13048406E39C24FD83AA0A00AA
:10449000E3900AFC8320C1020324810283244102A9
:1044A000032901028329C101832A4101032B010150
:1044B000832BC10013050A00032A810113010103A4
:1044C00067800000130101FB232021053389C60208
:1044D0009307C1012322F1029307100023248104D2
:1044E00023229104232E3103232EB100232611040D
:1044F0002324F1022320210323262103930906000C
:104500001384060093040500930507006306050065
:1045100083274503638607068397C5001397270102
:104520006342070203A74506B7E6FFFF9386F6FF3F
:1045300037260000B3E7C7003377D7002396F5008E
:1045400023A2E5061306410213850400EF4050251F
:10455000630805008327C1023309F9403354390346
:104560008320C1041305040003248104832441042F
:10457000032901048329C103130101056780000099
:104580002326E100EFF01FD78325C1006FF0DFF88D
:10459000130101FB23229104B384C502232E3103AE
:1045A00083A941F49307C1012322F102930710006C
:1045B000232481042320210523261104232EA10076
:1045C0002324F1022320910223269102138905005E
:1045D00013040600938506006386090083A7490338
:1045E000638607068397C500139727016342070276
:1045F00003A74506B7E6FFFF9386F6FF37260000C0
:10460000B3E7C7003377D7002396F50023A2E5066A
:104610001306410213850900EF4090186308050056
:104620008327C102B384F44033D424038320C1041C
:104630001305040003248104832441040329010495
:104640008329C10313010105678000001385090058
:104650002326D100EFF01FCA8325C1006FF09FF819
:10466000130101FC2324C1022326D1022328E102E5
:10467000232AF102232C0103232E110313860500A4
:104680008325850093068102232E11002326D10065
:10469000EF10803F8320C1011301010467800000F7
:1046A00003A341F4130101FC2324C1022326D102F8
:1046B0002322B1022328E102232AF102232C010341
:1046C000232E110383258300930641021306050060
:1046D00013050300232E11002326D100EF10C03A4A
:1046E0008320C1011301010467800000130101FE52
:1046F000232C8100232E11001304050063060500FE
:104700008327450363800706832786009387F7FF87
:104710002324F60063DC07000327860163CAE7024F
:1047200093F7F50F1307A0006384E70283270600C1
:1047300013F5F50F138717002320E6002380B70039
:104740008320C1010324810113010102678000005D
:1047500013050400032481018320C1011301010218
:104760006F0080302326C1002324B100EFF09FB8F2
:104770000326C100832581006FF01FF9130101FE9C
:10478000232A210103A941F4232C9100232E110097
:10479000930405006306090083274903638807061D
:1047A00083A785009387F7FF23A4F50063DC070048
:1047B00003A7850163CCE70293F7F40F1307A0006A
:1047C0006386E70283A7050013F5F40F138717002C
:1047D00023A0E500238097008320C1018324810169
:1047E0000329410113010102678000008320C101F8
:1047F0001386050013050900938504000329410170
:1048000083248101130101026F00002613050900B2
:104810002326B100EFF01FAE8325C1006FF05FF8D3
:10482000130101FC232C81021304050013850500EC
:10483000232A9102232E110293840500EF00903B5E
:10484000B7270180938787CE2324F10293071000B6
:104850002326F10203274403930701029306150060
:10486000232AF10093072000232091022322A10292
:10487000232ED100232CF10083258400630007063A
:104880008397C500139727016342070203A74506D4
:10489000B7E6FFFF9386F6FF37260000B3E7C700B1
:1048A0003377D7002396F50023A2E50613064101CE
:1048B00013050400EF40C06E8320C103032481036D
:1048C000133515003305A0401375B500832441034B
:1048D0001305F5FF130101046780000013050400B0
:1048E0002326B100EFF01FA18325C1006FF05FF90F
:1048F0009305050003A541F46FF09FF2130101FF3A
:1049000023248100138405008395E50023261100EC
:10491000EF00006463400502832704058320C10083
:10492000B387A7002328F4040324810013010101A5
:10493000678000008357C40037F7FFFF1307F7FFB6
:10494000B3F7E7008320C1002316F400032481009D
:10495000130101016780000013050000678000005B
:104960008397C500130101FE232C8100232A9100A7
:104970002328210123263101232E110013F70710CC
:1049800013840500930405001309060093890600AB
:104990006310070437F7FFFF1307F7FFB3F7E700CC
:1049A0008315E4002316F400032481018320C10150
:1049B00093860900130609008329C1000329010118
:1049C0001385040083244101130101026F008064F8
:1049D0008395E5009306200013060000EF00C05009
:1049E0008317C4006FF01FFB130101FF2324810014
:1049F000138405008395E50023261100EF00C04EC7
:104A00009307F0FF6308F5028357C40037170000CF
:104A10008320C100B3E7E7009397070193D70741CD
:104A20002328A4042316F4000324810013010101A8
:104A3000678000008357C40037F7FFFF1307F7FFB5
:104A4000B3F7E7009397070193D707418320C1008D
:104A50002316F40003248100130101016780000084
:104A60008395E5006F004036130101FE232C810081
:104A7000232A910023282101232E11001309050068
:104A8000938405001304060063060500832745038D
:104A900063800716832784010317C4002324F400CE
:104AA000937787006380070883270401638C0706D8
:104AB000232631019316270193F9F40F93F4F40F91
:104AC00063D806080327040083264401B307F74090
:104AD00063D8D70A83268400130617002320C40056
:104AE0009386F6FF2324D4002300370103274401D3
:104AF000938717006302F70C8357C40093F71700DE
:104B0000639A070C8329C1008320C101032481011A
:104B100003290101138504008324410113010102CB
:104B2000678000009305040013050900EF00000EE4
:104B3000631E05080317C4002326310183270401DF
:104B40009316270193F9F40F93F4F40FE3CC06F6D0
:104B50008326440637E6FFFFB72500003367B7001A
:104B60001306F6FFB3F6C6002316E400032704007D
:104B70002322D40683264401B307F740E3CCD7F4BD
:104B80009305040013050900EF40C033631E0502BE
:104B900003270400832684009307100013061700E0
:104BA0009386F6FF2320C4002324D400230037017A
:104BB00003274401E312F7F49305040013050900E9
:104BC000EF404030E30005F48329C1009304F0FF77
:104BD0006FF09FF39307A000E396F4F293050400AF
:104BE00013050900EF40002EE30E05F06FF0DFFD26
:104BF000EFF04FF06FF01FEA9307050003A541F4B3
:104C000013860500938507006FF01FE683A741F424
:104C1000130101FF23248100232291002326110088
:104C200093040500138405006386070003A7470368
:104C3000630C070E8317C40013F78700630A070687
:104C4000032704016306070893F61700638806022A
:104C5000832644012324040013050000B306D0403A
:104C6000232CD400630A07028320C100032481009F
:104C700083244100130101016780000093F627009F
:104C80001306000063940600032644012324C40095
:104C900013050000E31A07FC13F70708E30607FCF7
:104CA00093E707042316F4001305F0FF6FF0DFFB12
:104CB00013F707016300070813F74700631C070297
:104CC0000327040193E787002316F400E31E07F689
:104CD00093F6072813060020E388C6F69305040020
:104CE00013850400EF40C07C8317C4000327040130
:104CF0006FF09FF583250403638E050013070404FA
:104D00006388E50013850400EF00D0278317C400F3
:104D1000232804020327040193F7B7FD232204008C
:104D20002320E4006FF01FFA13850700EFF08FDCFB
:104D30006FF05FF01307900023A0E40093E70704EF
:104D40002316F4001305F0FF6FF01FF293073000F5
:104D500063FEC702B3E7A50093F737006394070229
:104D6000930630006F0040011306C6FF130545008F
:104D70009385450063FCC6000327050083A7050053
:104D8000E304F7FE9306F6FF6F00C0009306F6FFFC
:104D90006308060293861600B306D5006F008000F4
:104DA0006380A6028347050003C7050013051500AD
:104DB00093851500E386E7FE3385E74067800000B2
:104DC0001305000067800000130101FF2324810008
:104DD00023229100130405001385050023261100EA
:104DE00023AE01F4EFB0DF979307F0FF630CF500FB
:104DF0008320C100032481008324410013010101A9
:104E00006780000083A7C1F5E38407FE8320C1000B
:104E10002320F400032481008324410013010101B5
:104E20006780000083A741F4638EA70A83254504A9
:104E3000130101FE232A9100232E11009304050083
:104E4000638C05042328210123263101232C8100B2
:104E50001309000093090008B387250103A4070084
:104E6000630E04009305040003240400138504006A
:104E7000EF005011E31804FE83A544041309490010
:104E8000E31C39FD13850400EF00D00F03248101DA
:104E9000032901018329C10083A5840363860500DA
:104EA00013850400EF00100E83A5C404638605007B
:104EB00013850400EF00100D83A74403638C0700E3
:104EC0008320C101138504008324410113010102E1
:104ED000678007008320C10183244101130101027F
:104EE0006780000067800000130101FF1387050041
:104EF000232481002322910093050600130405005A
:104F000013860600130507002326110023AE01F4C3
:104F1000EFB01F939307F0FF630CF5008320C100EF
:104F200003248100832441001301010167800000F4
:104F300083A7C1F5E38407FE8320C1002320F4008A
:104F400003248100832441001301010167800000D4
:104F5000130101FF13870500232481002322910000
:104F600093050600130405001386060013050700C9
:104F70002326110023AE01F4EFB09F909307F0FFBA
:104F8000630CF5008320C1000324810083244100C9
:104F9000130101016780000083A7C1F5E38407FEC8
:104FA0008320C1002320F4000324810083244100D6
:104FB0001301010167800000130101FF2324810018
:104FC00023229100130405001385050023261100F8
:104FD00023AE01F4EFB0DF9A9307F0FF630CF50006
:104FE0008320C100032481008324410013010101B7
:104FF0006780000083A7C1F5E38407FE8320C1001A
:105000002320F400032481008324410013010101C3
:1050100067800000130101FF13870500232481002E
:105020002322910093050600130405001386060051
:10503000130507002326110023AE01F4EFB05F8BA8
:105040009307F0FF630CF5008320C1000324810067
:1050500083244100130101016780000083A7C1F58B
:10506000E38407FE8320C1002320F4000324810091
:10507000832441001301010167800000130101FF37
:1050800023248100B72701803724018023202101B8
:105090009387073C1307043C232611002322910029
:1050A0003389E7406382E702135929401304043C23
:1050B0009304000083270400938414001304440025
:1050C000E7800700E3E824FF37240180B727018049
:1050D0009387073C1307043C3389E7401359294061
:1050E0006380E7021304043C930400008327040058
:1050F0009384140013044400E7800700E3E824FFCE
:105100008320C1000324810083244100032901007E
:105110001301010167800000130101FF23248100B6
:10512000B7270180372401809387073C1304043C90
:105130003304F44023229100232611009354244089
:10514000638004021304C4FF3304F40083270400C3
:105150009384F4FF1304C4FFE7800700E39804FE80
:105160008320C10003248100832441001301010135
:10517000678000001303F00013070500637EC3027D
:105180009377F7006390070A63920508937606FF0A
:105190001376F600B386E6002320B7002322B7007B
:1051A0002324B7002326B70013070701E366D7FEC1
:1051B0006314060067800000B306C3409396260080
:1051C00097020000B38656006780C6002307B70029
:1051D000A306B7002306B700A305B7002305B70051
:1051E000A304B7002304B700A303B7002303B70049
:1051F000A302B7002302B700A301B7002301B70041
:10520000A300B7002300B7006780000093F5F50FF7
:1052100093968500B3E5D50093960501B3E5D500D7
:105220006FF0DFF69396270097020000B3865600D2
:1052300093820000E78006FA93800200938707FFBD
:105240003307F7403306F600E378C3F66FF0DFF379
:10525000B3C7A50093F73700B308C50063940706EA
:105260009307300063F0C7069377350013070500F6
:10527000639A070613F6C8FFB306E64093070002D9
:1052800063CED70893860500930707006378C702AB
:1052900003A80600938747009386460023AE07FFC6
:1052A000E3E8C7FE9307F6FFB387E74093F7C7FF2E
:1052B000938747003307F700B385F500636817014C
:1052C00067800000130705006378150583C7050094
:1052D0001307170093851500A30FF7FEE398E8FE68
:1052E0006780000083C60500130717009377370017
:1052F000A30FD7FE93851500E38E07F683C605003E
:105300001307170093773700A30FD7FE9385150077
:10531000E39A07FC6FF01FF667800000130101FF9E
:10532000232681001304000283A3050083A2450005
:1053300083AF850003AFC50083AE050103AE450111
:1053400003A3850103A8C50183A60502130747022D
:10535000B307E640232E77FC232057FE2322F7FFD6
:105360002324E7FF2326D7FF2328C7FF232A67FE2E
:10537000232C07FF232ED7FE93854502E346F4FA3C
:1053800093860500930707006378C70203A8060009
:10539000938747009386460023AE07FFE3E8C7FEE6
:1053A0009307F6FFB387E74093F7C7FF938747005C
:1053B0003307F700B385F500636817010324C100C4
:1053C000130101016780000083C705001307170060
:1053D00093851500A30FF7FEE382E8FE83C705005F
:1053E0001307170093851500A30FF7FEE39EE8FC53
:1053F0006FF0DFFC9377350013070500639C07040B
:10540000B7867F7F9386F6F79305F0FF03260700A4
:1054100013074700B377D600B387D700B3E7C700B9
:10542000B3E7D700E384B7FE8346C7FFB307A740BF
:10543000638406048346D7FF638C06020345E7FFB7
:105440003335A0003305F5001305E5FF6780000044
:10545000E38806FA8347070013071700937637009F
:10546000E39807FE3307A7401305F7FF67800000A6
:105470001385D7FF678000001385C7FF6780000092
:1054800083A701F6638C070403A747001308F00104
:105490006340E808131827006306050233830701F9
:1054A0002324C30883A88718130610003316E600C8
:1054B000B3E8C80023A417192324D31093062000AF
:1054C0006306D5021307170023A2E700B38707017D
:1054D00023A4B70013050000678000001388810C27
:1054E00023A001F79387810C6FF01FFA83A6C718DA
:1054F0001307170023A2E700B3E6C60023A6D718B8
:10550000B387070123A4B7001305000067800000DC
:105510001305F0FF67800000130101FD232C4101FA
:105520002320210303A901F6232611026308090A97
:10553000232E3101232A51012328610123267101E1
:10554000232481022322910223248101130B0500CD
:10555000938B05009309F0FF930A10008324490000
:105560001384F4FF634E040493942400B30499005D
:1055700063900B088327490083A644009387F7FFB5
:10558000638C870A23A20400638606028327891896
:1055900033978A00032C4900B377F7006396070618
:1055A000E78006000327490083A701F663108709F7
:1055B000639E27071304F4FF9384C4FFE31A34FBAC
:1055C00003248102832441028329C101832A4101EA
:1055D000032B0101832BC100032C81008320C10216
:1055E00003290102032A81011301010367800000DE
:1055F00083A74410E38077F91304F4FF9384C4FF76
:10560000E31834FF6FF0DFFB8327C91883A5440834
:105610003377F7006316070213050B00E7800600D7
:105620000327490083A701F6E30487F9E38A07F813
:10563000138907006FF09FF2232289006FF0DFF4D7
:1056400013850500E78006006FF0DFF5130101FE0A
:1056500023263101B7290180232C8100232A9100C0
:105660002328210123244101232E1100138A050040
:10567000130905009389893EEFE09F9603A78900EF
:10568000B71700009387F7FE832447003717000001
:1056900093F4C4FF3384F400330444411354C4002E
:1056A0001304F4FF1314C400634EE40093050000D8
:1056B00013050900EFF05F9083A78900B387970077
:1056C0006308F50213050900EFE0DF918320C101B3
:1056D0000324810183244101032901018329C1009D
:1056E000032A8100130500001301010267800000F6
:1056F000B305804013050900EFF01F8C9307F0FFFE
:105700006308F504938781F603A7070083A6890041
:10571000B384844093E414003307874013050900E1
:1057200023A2960023A0E700EFE0DF8B8320C101D6
:105730000324810183244101032901018329C1003C
:10574000032A810013051000130101026780000085
:105750009305000013050900EFF01F8603A78900D9
:105760009306F000B307E540E3DEF6F483A6C1F349
:1057700093E717002322F7003305D54023A4A1F6B1
:105780006FF05FF463820518130101FF2324810089
:1057900023229100138405009304050023261100A1
:1057A000EFE01F840325C4FF130784FFB7250180A2
:1057B0009377E5FF3306F7009385853E8326460001
:1057C00003A8850093F6C6FF6302C81A2322D600F9
:1057D000137515003308D6006310050A032384FFF0
:1057E0000328480037250180330767408328870056
:1057F0001305053FB3876700137818006382A81468
:105800000323C70023A66800232413016306081A94
:1058100093E617002322D7002320F6009306F01FFB
:1058200063ECF60693F687FF9386860003A5450092
:10583000B386D50003A6060013D8570093071000BF
:10584000B3970701B3E7A700138586FF2326A700B8
:105850002324C70023A2F50023A0E6002326E600A8
:10586000032481008320C1001385040083244100A8
:10587000130101016FE00FF70325480013751500B0
:105880006306050893E61700232ED4FE2320F600B6
:105890009306F01FE3F8F6F893D69700130640003E
:1058A0006360D61293D6670013859603138686032A
:1058B000131535003385A50083260500130585FFE4
:1058C0006318D5006F00401583A686006308D500D5
:1058D00003A646001376C6FFE3E8C7FE03A5C6008D
:1058E0002326A7002324D700032481002324E500D6
:1058F0008320C100138504008324410023A6E60011
:10590000130101016FE00FEE678000003725018071
:10591000B387D7001305053F83268600638CA60C4A
:105920000328C60013E517003306F70023A6060177
:105930002324D8002322A7002320F6006FF01FEEB7
:10594000631C0812832586000326C600B386F60072
:1059500093E7160023A6C5002324B6002322F700F0
:105960003307D7002320D7006FF09FEF1375150082
:10597000B386D70063100502032584FF3307A740D1
:105980008327C70003268700B386A6002326F600D8
:1059900023A4C70013E6160083A701F42322C7003F
:1059A00023A4E500E3EEF6EA83A541F513850400A0
:1059B000EFF0DFC96FF0DFEAB387D7006FF0DFF5F4
:1059C000130640016370D602130640056364D606D1
:1059D00093D6C7001385F6061386E6061315350021
:1059E0006FF05FED1385C6051386B60513153500F8
:1059F0006FF05FEC23AAE50023A8E50093E617000B
:105A00002326A7002324A7002322D7003307F7006B
:105A10002320F7006FF0DFE403A84500135626406B
:105A200093071000B397C700B3E7070123A2F5005F
:105A30006FF01FEB13064015636CD60093D6F7008A
:105A40001385860713867607131535006FF09FE6DA
:105A500013064055636CD60093D627011385D607ED
:105A60001386C607131535006FF0DFE41305803F7A
:105A70001306E0076FF01FE493E617002322D70018
:105A80002320F6006FF0DFDD130101ED2326111254
:105A900023229112232A511123267111938A050082
:105AA000930406002324D100930B0500EF30507EB1
:105AB00083270500138507002322F102EFF09F934F
:105AC0002320A10263880B0083A74B036394070084
:105AD0006F1040738397CA0013972701634607022C
:105AE00003A74A0637260000B7E6FFFFB3E7C70063
:105AF0009386F6FF9397070193D707413377D70033
:105B00002396FA0023A2EA0613F787006302072E02
:105B100003A70A01630E072C93F7A7011307A00040
:105B2000638AE72EB727018023286111232481117E
:105B3000130B010B938707D3372C01802324811289
:105B4000232C4111232EB10F23202113232E311199
:105B5000232291112320A111232E61072322010862
:105B600023200108232A0100232C0100232E0100F9
:105B700013040B0023240102232801022322010025
:105B80002326F100130A0001130C4CEA23207101B3
:105B9000938D040083C70D00638C071E93840D0052
:105BA000130750026386E72A83C714009384140006
:105BB000E39A07FE3389B441638CB41D032741087F
:105BC000832701082320B401330727019387170097
:105BD000232224012322E1082320F1081307700067
:105BE00013048400634EF7260327410083C7040093
:105BF000330727012322E100638C071893841400E4
:105C0000A30F01049309F0FF930B00001309000098
:105C10009306800503CD0400938D140093070DFEB9
:105C200063E6F6040327C10093972700B387E700D4
:105C300083A7070067800700930B000093070DFD03
:105C40001306900003CD0D0013972B00B30B7701C3
:105C5000939B1B00B38B770193070DFD938D1D0064
:105C6000E372F6FE93070DFEE3FEF6FA63020D12F1
:105C70002304A109A30F01041307100093041000CB
:105C8000930C8108130F09009309000023280100D9
:105C9000930F000093724F08032941086396020096
:105CA000B387EB40E342F0448347F105638A070280
:105CB000832701089306F1052320D4001309190056
:105CC00093061000938717002322D4002322210972
:105CD0002320F108930670001304840063C0F61AB1
:105CE000638A0F0283270108930601062320D4004C
:105CF0001309290093062000938717002322D4005C
:105D0000232221092320F108930670001304840044
:105D1000E3CEF64E93070008E38AF208B389994070
:105D2000E34E301993770F106394077483270108AB
:105D300033099900232094019387170023229400AC
:105D4000232221092320F1089306700063CCF6205A
:105D500013048400137F4F0063060F00B384EB40ED
:105D6000E342904E13830B0063D4EB001303070050
:105D700083274100B38767002322F100E31A092239
:105D800083C70D002320010813040B00E39807E0EC
:105D900083274108832B0100638407006F1040753F
:105DA00083D7CA00032481120329011293F7070441
:105DB0008329C111032A8111032B0111032C8110A6
:105DC000832C4110032D0110832DC10F6384070024
:105DD0006F10901D8320C1120325410083244112BE
:105DE000832A4111832BC110130101136780000026
:105DF00093850A0013850B00EFE05FE16304050063
:105E00006F10901A8397CA001307A00093F7A70199
:105E1000E39AE7D08397EA00E3C607D083268100A0
:105E20008320C1121386040093850A008324411243
:105E3000832A411113850B00832BC1101301011319
:105E40006F1010381369090193840D006FF09FDC07
:105E50003389B441E394B4D783C704006FF0DFD92A
:105E6000032501001306C10793850A00EF10505463
:105E7000E31805F213040B006FF01FD70325010090
:105E80001306C10793850A00232EE102232CE103A8
:105E9000232A51022326F103EF109051E31205F05B
:105EA000032941080327C103032F810383224103F0
:105EB000832FC10213040B006FF09FE283270108B8
:105EC000B72601809386C6D22320D4001309190077
:105ED00093061000938717002322D4002322210960
:105EE0002320F108930670001304840063D4F600A5
:105EF0006F108010630406006F10804583264101F7
:105F000093771F00B3E7D700E38607E483274102B6
:105F1000832601022320F40083270108B38526018C
:105F20002322D400938717002322B1082320F108ED
:105F30009306700063D4F6006F108064130484002D
:105F40008326410193871700232094013389B600EB
:105F50002322D400232221092320F1089306700074
:105F6000E3D8F6DE032501001306C10793850A0076
:105F70002326E1022328E101EF109043E31205E21A
:105F800003294108032F01010327C10213040B0059
:105F90006FF05FDC93778900E39C076083278100C3
:105FA0009387770093F787FF03A7070093878700FE
:105FB000232CE10003A7C7FF2324F100232EE100D7
:105FC000832CC10103A781EE8326810183A7C1EE43
:105FD00093941C0093D41400138506009385040049
:105FE0001306070093860700EF90D017630405009F
:105FF0006F1000048326810103A781EE83A7C1EE01
:106000001385060093850400130607009386070096
:10601000EF80D0066344A0006F1080010327810148
:1060200093850C001306000013050700930600007B
:10603000EF80D004635405006F1040438346F105A0
:106040009307700463D4A7016F108041B72C0180BF
:10605000938CCCCE23280100137FF9F7130730006F
:1060600093043000930900006384060013071700AF
:10607000937F2F00E3800FC213072700930F2000A8
:106080006FF05FC1832681009377090103A70600A3
:10609000938646002324D100639207129376090465
:1060A00093070700E390064E634E07108346F10501
:1060B00063C40904137FF9F7631E07021307100076
:1060C000639E0920E314073C93741900930C0B00A2
:1060D0006382040493070003A307F10A930CF10AF7
:1060E0001387040063CC340323280100E39006F8EF
:1060F0006FF01FF813090F0013079000E364F76CAB
:1061000093870703A307F10A130F090093041000F4
:10611000930CF10A13870400E3D834FD13870900B8
:10612000232801006FF09FFC8327810083AB0700C9
:10613000938747002324F100E3D80BD0B30B7041C1
:106140001369490093840D006FF0DFAC03CD0D009F
:106150009307A002938D1D006314FD006F10807DD6
:1061600093070DFD930590001307000013069000A0
:1061700093090000E3E4F5AA03CD0D00931927006D
:10618000B389E900939919003387F90093070DFD4E
:10619000938D1D00E372F6FE93090700E35007A8F4
:1061A0009309F0FF6FF09FA783278100136909010E
:1061B00003A70700938747002324F10093070700F4
:1061C000E35607EEB307E0409306D0021307100032
:1061D0006F00000A1369090893840D006FF09FA3F4
:1061E0001369090493840D006FF0DFA20327810077
:1061F000A30F01049304100083270700130747002F
:106200002324E1002304F10813071000930C8108F4
:106210006FF05FA79307B002A30FF10493840D0002
:106220006FF05F9F1369190093840D006FF09F9EBC
:106230008347F105E39A07C093070002A30FF10417
:1062400093840D006FF01F9D1369890093840D00E6
:106250006FF05F9C03278100136909018327070002
:10626000130747002324E1001307100093060000E2
:10627000A30FD10463C80900137FF9F7E38207E491
:1062800013090F0013061000E308C7E613062000E9
:106290006306C706930C0B0013F777001307070379
:1062A000A38FECFE93D7370013860C00938CFCFF72
:1062B000E39407FE937719006384070693070003AE
:1062C0006300F7061306E6FFA38FFCFEB304CB4082
:1062D000130F0900930C06006FF0DFE39307100023
:1062E0006314F7006F10C03F9307200013090F00DD
:1062F0006304F7006F10002193070000032681025A
:10630000930C0B0013F7F7003307E6000347070071
:1063100093D74700938CFCFF2380EC00E39407FEA7
:10632000B3049B41130F09006FF0DFDE03278100E8
:106330001369090183270700130747002324E1009D
:10634000130700006FF09FF2832681001377090185
:1063500083A70600938646002324D100E31607F0A6
:1063600013770904E30207F09397070193D7070116
:10637000130710006FF09FEF83278100A30F010424
:1063800083AC070013884700E3800C32232401010B
:1063900063D409006F1040071386090093050000BD
:1063A00013850C00EF308051032881006314050031
:1063B0006F10803AB30495418346F10513C7F4FF8B
:1063C0001357F741232401012328010033F7E40088
:1063D000130F090093090000E39A06C86FF05FC924
:1063E0008326810037870000130707832310E10607
:1063F000138746002324E10037270180130707D1C4
:106400002324E10283A70600136929001307200053
:10641000130D80076FF09FE5832681001377090134
:1064200083A70600938646002324D100E31A07F0D1
:1064300013770904E30607F09397070193D7070141
:10644000130700006FF09FE293770901E3840714BC
:10645000832781000327410083A7070023A0E700CB
:1064600083278100938747002324F1006FF08FF288
:106470009307500663DAA735832681018327C1017C
:10648000130600001385060093850700930600009D
:10649000232AE1022326E103EF808025032FC10296
:1064A000032741036316056683270108B726018089
:1064B0009386C6D22320D400130919009306100036
:1064C000938717002322D400232221092320F108D7
:1064D0009306700013048400E3C0F64C8327410642
:1064E00083264101E3D8D70883274102832601028E
:1064F00013048400232CF4FE832701083309D900F8
:10650000232ED4FE93871700232221092320F1088C
:1065100093067000E3CCF60E832741019384F7FFC6
:10652000E35A9082930600018327010863C4960012
:106530006F10003DB7260180938646EA2326E102CC
:10654000032D0100130704009309000113840400C4
:10655000930C70002328E101938406006F00C000B3
:10656000130404FFE3D6894A13090901938717002E
:106570002320970023223701232221092320F10819
:1065800013078700E3DEFCFC1306C10793850A00AE
:1065900013050D00EF10C061E314058003294108C5
:1065A0008327010813070B006FF09FFBB387EB40B5
:1065B0006356F0F6930600010326010863C4F60053
:1065C0006F10C01DB7260180938646EA232A9102E8
:1065D000930509009308000113090700930F700049
:1065E000130704002326E1031384070093840600A5
:1065F0006F00C000130404FF63DA8804938505016B
:106600001306160023209700232217012322B10826
:106610002320C10813078700E3DECFFC0325010018
:106620001306C10793850A00EF108058631A05F618
:1066300093080001130404FF832541080326010881
:1066400013070B00930F7000E3CA88FA93860400C7
:10665000032FC1028324410393070400130407009E
:1066600013070900138905003309F9001306160002
:106670002322F4002320D400232221092320C1084F
:10668000930770001304840063DAC7E80325010050
:106690001306C10793850A00232AE1022326E1039A
:1066A000EF100051631E05EE032941080327410343
:1066B000032FC10213040B006FF04FE6B7260180D1
:1066C00083270108938646EA635A3A09930609002C
:1066D00093087000130907002326E1031307040041
:1066E0001384090093090C006F00C000130404FF19
:1066F00063588A0493860601938717002320870135
:10670000232247012322D1082320F1081307870001
:10671000E3DEF8FC032501001306C10793850A0098
:10672000EF100049631E05E6130404FF83264108A9
:106730008327010813070B0093087000E34C8AFAC3
:10674000032FC102138609009309040013040700F4
:10675000130709001389060093060600330939015F
:10676000938717002320D4002322340123222109F8
:106770002320F108930670001304840063D4F6DA32
:10678000032501001306C10793850A00232AE102AD
:106790002326E103EF10C041631405E003294108FB
:1067A00003274103032FC10213040B006FF08FD79F
:1067B000032501001306C10793850A00EF10403F2F
:1067C000630005DC6FF0CFDD8324010883264101DF
:1067D00093071000232094011309190093841400D7
:1067E0009309840063DAD74A930710002322F40048
:1067F00023222109232091089307700063CC97740A
:106800008327010283264102938414003309F9008F
:1068100023A2F90023A0D9002322210923209108D3
:10682000930770009389890063C297768327C1011B
:106830008326810113060000938507008327410109
:1068400013850600930600002326E1022328E101B8
:106850001384F7FFEF70D069032F01010327C102F2
:1068600063040548938C1C00938414003309890049
:1068700023A0990123A28900232221092320910822
:106880009307700093898900E3C29714832601035C
:106890009307C106938414003389260123A0F900CD
:1068A00023A2D900232221092320910893077000F5
:1068B0001384890063D097CA032501001306C1071A
:1068C00093850A002326E1022328E101EF10402EE0
:1068D000631805CC032941080327C102032F0101D6
:1068E00013040B006FF00FC7930600010326010885
:1068F000E3D6F668B7260180938646E9232E9102F7
:106900009305090093080001130907009303700021
:10691000130704002326F103232A5102232CE10349
:1069200013840700938406006F00C000130404FF63
:1069300063DA880493850501130616002320970067
:10694000232217012322B1082320C108130787003F
:10695000E3DEC3FC032501001306C10793850A008B
:10696000EF100025631E05C293080001130404FF05
:10697000832541080326010813070B0093037000C9
:10698000E3CA88FA93860400832FC102832241035D
:10699000032F81038324C10393070400130407001A
:1069A00013070900138905003309F90013061600BF
:1069B0002322F4002320D400232221092320C1080C
:1069C000930770001304840063D0C7AE0325010051
:1069D0001306C10793850A00232EE102232CE1034D
:1069E000232A51022326F103EF10801C631A05BAF3
:1069F000032941080327C103032F81038322410395
:106A0000832FC10213040B006FF00FAA03250100AE
:106A10001306C10793850A00232CE102232AE10310
:106A200023265102EF10C018631C05B60329410844
:106A300003278103032F41038322C10213040B00A8
:106A40006FF04FAD9306000183270108E3D29654FF
:106A5000B7260180938646E9138D0400930900014F
:106A6000930C70002328E100938406006F00C0009F
:106A7000130D0DFF63D6A9051309090193871700AC
:106A80002320940023223401232221092320F1080A
:106A900013048400E3DEFCFC032501001306C10798
:106AA00093850A00EF10C010631C05AE130D0DFF97
:106AB000032941088327010813040B00E3CEA9FB37
:106AC000032701019386040093040D003309990004
:106AD000938717002320D400232294002322210926
:106AE0002320F1089306700063DEF6A6032501005B
:106AF0001306C10793850A002328E100EF10400B1D
:106B0000631005AA03294108032701016FF08FA52F
:106B1000032641066354C0BA83274101832601013D
:106B20009389070063C8F62C635630038327010856
:106B3000330939012320940193871700232234015C
:106B4000232221092320F1089306700013048400F6
:106B5000E3CEF61A93C7F9FF93D7F741B3F9F900DB
:106B600083270101B38937416340303783264106CB
:106B70008327410163D6F6288327410203260102B9
:106B800013048400232CF4FE832701083309C90071
:106B9000232EC4FE93871700232221092320F10806
:106BA00013067000E342F6308327410103260101FA
:106BB000B386D740B389C74063D4360193890600B2
:106BC000635A300383270101032601083309390181
:106BD000B38CFC00130616002320940123223401F9
:106BE000232221092320C108930770001304840085
:106BF000E3C0C73213C6F9FF1356F641B3F7C90015
:106C0000B384F640635890949306000183270108EB
:106C1000E3D8964EB7260180938646EA2326E10202
:106C2000032D0100130704009309000113840400DD
:106C3000930C70002328E101938406006F00C000CC
:106C4000130404FF63D6895C1309090193871700B5
:106C50002320970023223701232221092320F10832
:106C600013078700E3DEFCFC1306C10793850A00C7
:106C700013050D00EF00D07363140592032941083A
:106C80008327010813070B006FF09FFB930400009C
:106C9000930C0B006FF00FC893761F00E39606B4B9
:106CA0002322F40023222109232091089307700056
:106CB000E3DE97BC032501001306C10793850A0094
:106CC0002326E1022328E101EF00906E631A058C70
:106CD00003294108832401080327C102032F01016E
:106CE00093090B006FF09FBA8326410193071000B0
:106CF000E3DED7B893071001E3DED73EB726018065
:106D0000938646EA93870900930C000193090700D4
:106D1000130D7000130709002328E10113890600F1
:106D20006F00C000130404FF63DA8C7013070701BF
:106D30009384140023A0270123A297012322E108B2
:106D40002320910893878700E35E9DFC03250100C3
:106D50001306C10793850A00EF00906563040500E0
:106D60006FF00F84032741088324010893070B0069
:106D70006FF05FFB93771F00639407006FE09FFD48
:106D80006FF08FF61317070113570741930707009A
:106D90006FF00FC3937F0904638C0FEA8327810090
:106DA0000327410083A707002390E7006FF04FEB14
:106DB000032781001305010483270700930447007C
:106DC00003A707002320E10403A747002322E104CF
:106DD00003A787002324E10483A7C7002326F10427
:106DE000EF80905D232CA100232EB100232491007D
:106DF0006FF00F9D93890600E34A30D36FF09FD563
:106E000093771F00E38207DA6FF01FD70325010095
:106E10001306C10793850A002326E1022328E10116
:106E2000EF001059630405006FE09FF70329410844
:106E30000327C102032F010113040B006FF0CFEDF4
:106E4000B72701809387C7CF2324F10283268100CF
:106E50001377090183A70600938646002324D100F7
:106E6000631A070013770904630607009397070165
:106E700093D707019376190013072000638806BE95
:106E8000638607BE930600032300D106A300A10773
:106E9000136929006FF08FBDB7270180938707D151
:106EA0002324F1026FF09FFA930760009384090096
:106EB00063E83769B72C018013870400232401019C
:106EC000938C4CD26FE01FDC9306000183270108EE
:106ED000E3DC3625B726018093050700938646EA52
:106EE000130704001306090013840900130D0001A1
:106EF000930470002326E10313890600938905009B
:106F00006F00C000130404FF635A8D561306060178
:106F100093871700232027012322A7012322C108DA
:106F20002320F10813078700E3DEF4FC03250100AA
:106F30001306C10793850A00EF009047630405001C
:106F40006FE01FE6032641088327010813070B00A3
:106F50006FF05FFB032501001306C10793850A004C
:106F60002326E1022328E101EF0090446304050099
:106F70006FE01FE303294108832401080327C102AE
:106F8000032F010193090B006FF09F870325010078
:106F90001306C10793850A002326E1022328E10195
:106FA000EF001041630405006FE09FDF03294108F3
:106FB000832401080327C102032F010193090B0059
:106FC0006FF0DF86930C0B001306A00013059000F2
:106FD00033F7C702938CFCFF938507001307070361
:106FE0002380EC00B3D7C702E364B5FEB3049B4132
:106FF000130F09006FF00F92032501001306C1075C
:1070000093850A002326E1022328E101EF00503A8C
:10701000630405006FE0DFD8032641060329410819
:107020000327C102032F010113040B006FE09FEC43
:10703000032881018327C1011306080013050800F6
:107040009386070093850700EF80D011E3120502B5
:107050001377FDFD9307F0FF2326E102136F09105C
:107060006388F96E930770046302F7688327C10190
:10707000930200009384070063C0074E93076006E5
:1070800013870900930630006310FD4E032681012B
:1070900013088106930741061305060093050500B2
:1070A000032501009308410713860400232A510297
:1070B000232AE1012328E100EF2090710327010139
:1070C00093076006032F410183224103930C0500BF
:1070D0003308E500631CFD0083C60C009307000322
:1070E0006380F656832741063308F8008327810121
:1070F0009385040013060000138507009306000023
:10710000232A5102232A01012328E101EF70405E66
:10711000032F010103284101832241036306054235
:107120008327410763FE07019306000313871700B7
:10713000232AE1062380D70083274107E3E807FFDE
:10714000032741062328E100B3879741232AF10052
:107150008327C102130770046384E7149307600652
:107160006312FD180327010193771900B3E7370174
:107170006356E07E639C077283240101130D600651
:1071800013870400638802509307D002A30FF10411
:10719000930900006FE09FED032501001306C1076E
:1071A00093850A002326E1022328E101EF00502005
:1071B000630405006FE0DFBE032941080327C10215
:1071C000032F010113040B006FF04FB103250100E1
:1071D0001306C10793850A002326E1022328E10153
:1071E000EF00101D630405006FE09FBB03294108F9
:1071F00083240108032F01010327C10293090B0017
:107200006FF0CFE813850B00EFD0CF8E6FE09F8C2F
:1072100093860400032F0101930404001304070064
:107220000327C10233099900938717002320D40054
:107230006FE0DFB063CC07688324C10193020000D4
:107240009309100003278101930741069308410722
:1072500013050700930505000325010013088106A7
:10726000138709009306200013860400232A510087
:107270002328E101EF20D05593771900032F010156
:1072800083224101930C0500639007508327410638
:107290002328F10083274107B387A740232AF10061
:1072A000032701019307D0FF634CF70263CAE90289
:1072B0008327410103270101634CF750937F190095
:1072C0008327010163960F5C13C7F7FF1357F7413C
:1072D00033F7E70093840700130D70066FF09FEA01
:1072E000130DEDFF032701012306A1079307B00249
:1072F0009308F7FF2322110763CC0832A306F10697
:107300009307900063C0172D9387080313070003AA
:10731000A307F106930740002307E1062328F102A3
:10732000032741018326010393071000B304D7000C
:1073300063D2E7488327010223280100B384F400C5
:1073400013C7F4FF1357F74133F7E4006FF09FE3DF
:10735000832741028326010213048400232CF4FEB8
:1073600083270108B3852601232ED4FE93871700B7
:107370002322B1082320F1089306700063C2F6208F
:10738000634406006FE0DFBB930600FFB304C04018
:107390006356D660B7260180938646EA2328E1002B
:1073A000930900011307040013097000130D0F0067
:1073B000138406006F00C000938404FF63D49944D3
:1073C0009385050193871700232087002322370127
:1073D0002322B1082320F10813078700E35EF9FC9C
:1073E000032501001306C10793850A00EF00407CC6
:1073F000630405006FE0DF9A8325410883270108B5
:1074000013070B006FF05FFB13850C00EFD09FFE9E
:107410008346F1051347F5FF1357F7412328010071
:10742000930405003377E500130F0900930900006A
:10743000638406006FE09FC36FE09FC3032F0101C9
:1074400093060900130907001387090093890700B1
:10745000330989009384140023A0D9006FF08FC1F1
:10746000B72C0180938C0CCF6FE0DFBE9307D00266
:10747000A30FF1049306D0026FE09FBC032FC1025B
:107480009385090093060900930904001309060077
:107490001304070013870500330939019387170088
:1074A0002320D40023223401232221092320F108A0
:1074B000930670001304840063DAF6EA03250100E2
:1074C0001306C10793850A00232AE1022326E1035C
:1074D000EF00006E630405006FE09F8C03294108F4
:1074E00003274103032FC10213040B006FF00FE8C1
:1074F0001306C10793850A0013850B00EF00406B4C
:107500006FE01F8A930700006FE0DFD803250100BA
:107510001306C10793850A00232AE1022326E1030B
:10752000EF000069630405006FE09F8703294108AD
:1075300003274103032FC10213040B006FF08FE1F7
:10754000930460006FF01F97832741062328F10002
:10755000930708006FF05FBFB7040080B3C4F40066
:107560009302D0026FF09FB10327C102930750042A
:10757000E31AF7CC13871900930620006FF01FB1B0
:10758000032501001306C10793850A002326E102A3
:107590002328E101EF00C061630405006FE05F8014
:1075A0000326410683254108832701080327C102DA
:1075B000032F010113040B00634406006FE05F9882
:1075C0006FF09FDC1305B107930605001306A000BA
:1075D0001308300633E7C802938706009385080036
:1075E0009386F6FF13070703A38FE7FEB3C8C8020D
:1075F000E342B8FE938808031387E7FFA38F16FFC3
:107600006378A7389306E1060346070013071700BF
:1076100093861600A38FC6FEE318A7FE1307010F7B
:10762000B307F7409387F7F82328F1026FF05FCF95
:1076300093071000B388E7409307D0026FF01FCC88
:10764000832681019385040013060000138506003C
:1076500093060000232C5102232A0103232AE10070
:107660002328E101EF70C008032F01010327410126
:1076700003284103832281036314052683274106DF
:107680003308F8002328F100B3079841232AF100BA
:107690006FF05FAD8346F105930900006384060037
:1076A0006FE0DF9C6FE0DF9C032501001306C1073C
:1076B00093850A00232AE1022326E103EF00404FCD
:1076C000630405006FE0CFED8326410603294108DE
:1076D00003274103032FC10213040B006FF0CFCC2B
:1076E00013090F00930700006FE09FA18327C101DA
:1076F000E38209B49384070093020000E3D407B443
:10770000B7040080B3C4F4009302D0026FF09FB3BB
:10771000032501001306C10793850A002326E10211
:107720002328E101EF00C048630405006FE04FE744
:107730008326410683274101032941080327C1020B
:10774000032F010113040B00B386D7406FF08FCADB
:10775000930960006FF09F918346F1052328010093
:107760001387090093840900130F0900930900008F
:10777000638406006FE09F8F6FE09F8FB7260180C4
:10778000938646E96FF04FA2330835016FF01F96DC
:10779000B7260180938646E96FF04FB3B726018084
:1077A000938646EA6FE05FEC9307F0FF2322F10037
:1077B0006FE04FE2937719002328F100E39C07B6AE
:1077C00013C7F4FF1357F74133F7E4006FF09F9BA3
:1077D0008327410103270102B384E70083270101C6
:1077E0006348F000832701013388F44093041800B4
:1077F00013C7F4FF1357F74133F7E400130D700676
:107800006FF05F989306040013040700032701013B
:10781000130F0D00B3859500938717002320D40024
:10782000232294002322B1082320F108930670003C
:1078300063C4F6006FE08FF0032501001306C10753
:1078400093850A002326E1022328E101EF00403658
:10785000630405006FE0CFD4832541088327010826
:107860000327C102032F010113040B006FE04FED4A
:107870008327C10163C2070A8346F1059307700499
:1078800063C6A709B72C0180938C4CCF6FE08FFCA7
:1078900003270102130D7006B384E70013C7F4FF3A
:1078A0001357F74133F7E4006FF0DF8D83270102B0
:1078B0003388E900130D6006B304F80013C7F4FF22
:1078C0001357F74133F7E4006FF0DF8BB704008004
:1078D000B3C4F4009302D002930910006FF09F9696
:1078E00093071000B387E7402322F1063308F8001E
:1078F0006FF0CFFFB7260180938646EA6FF05FB541
:10790000B7260180938646EA6FF0DF91B72C01809D
:10791000938C8CCF6FE00FF49307D002A30FF10488
:107920009306D0026FF09FF5B7260180938646EA52
:107930006FF09FB68327810083A9070093874700D4
:1079400063C809002324F10093840D006FE08FAC1D
:107950009309F0FF2324F1006FF01FFF639A0700E3
:1079600013071000130D6006930410006FF09F8141
:1079700083270102130D600613881700B304380132
:1079800013C7F4FF1357F74133F7E4006FF08FFF8D
:10799000930720002328F1026FF09F98B7260180FB
:1079A000938646EA6FF01FE79307050003A541F4AD
:1079B0009306060013860500938507006FE0CF8CC1
:1079C000130101B88397C50003D7E500232C814636
:1079D00013840500B70501009385D5FF032E4406E7
:1079E0000323C4018328440213170701B3F7B70028
:1079F000B3E7E70013080040232AF1009305810054
:107A000093070107232A914623282147232E114655
:107A1000130905002326C10723226102232611032F
:107A20002324F100232CF10023280101232E01013E
:107A300023200102EFE04F8593040500635C0502FB
:107A40008357410193F70704638807008357C400F5
:107A500093E707042316F4008320C14703248147DA
:107A6000032901471385040083244147130101487A
:107A7000678000009305810013050900EF10804422
:107A8000E30005FC9304F0FF6FF09FFB83A745061E
:107A9000130101FD232861012326110213972701F9
:107AA000130B06006358070E83278600232021034B
:107AB000232E3101232A5101232671011389050048
:107AC000832B060093090500930AF0FF6388070AD9
:107AD0002324810223229102232C410123248101AA
:107AE00003AC4B0003A40B00135A2C0063060A06D8
:107AF000930400006F00C00013044400630C9A0458
:107B0000832504001306090013850900EF10905027
:107B100093841400E31255FF03248102832441025D
:107B2000032901028329C101032A8101832A41011A
:107B3000832BC100032C81001305F0FF8320C102B9
:107B400023240B0023220B00032B0101130101034B
:107B50006780000083278B00137CCCFFB3878741AD
:107B60002324FB00938B8B00E39C07F60324810204
:107B700083244102032A8101032C8100032901028D
:107B80008329C101832A4101832BC1001305000011
:107B90006FF0DFFAEF10C0408320C10223240B00F6
:107BA00023220B00032B0101130101036780000056
:107BB00003278600630407006FF05FED23220600B1
:107BC0001305000067800000130101F22326310D28
:107BD000232C810B2326B10B232E110C2320A10073
:107BE00093890500930D0600138C060063060500BB
:107BF00083274503E38E07588397C900139727010E
:107C00006346070203A7490637260000B7E6FFFFD1
:107C1000B3E7C7009386F6FF9397070193D7074111
:107C20003377D7002396F90023A2E90613F78700DC
:107C30006308071203A709016304071293F7A7015A
:107C40001307A000638EE712B72701802328210DB8
:107C5000232E710B13090106938747EBB72B018085
:107C6000232C810C232A910C2324410D2322510D16
:107C70002320610D232A910B2328A10B2326210306
:107C8000232A0102232801021307090023260100E9
:107C9000232201002328F10013040001938B8B029F
:107CA00083C70D006386071093840D00930650026E
:107CB0006386D72E83C7140093841400E39A07FECB
:107CC000338AB4416386B40F8326410383270103BB
:107CD0002320B701B306DA00938717002322470158
:107CE000232AD1022328F10213067000130787000C
:107CF0006350F602E382062E032501001306C1023B
:107D000093850900EFF09FD86318050A130709004F
:107D10008326410083C70400B38646012322D10095
:107D20006388070893871400A30301029306F0FFFA
:107D300093040000930C00001305800503C60700A0
:107D4000938D1700930706FE6368F50E83250101E6
:107D500093972700B387B70083A7070067800700C2
:107D60000325010093850900EFC05FEAE31E054C7F
:107D70008397C9001307A00093F7A701E396E7ECE8
:107D80008397E900E3C207EC032501008320C10DBE
:107D900093060C0013860D00032C810B832DC10A62
:107DA000938509008329C10C1301010E6F00D04E89
:107DB00083274103E39C074283D7C9000324810D35
:107DC0008324410D93F707040329010D032A810C35
:107DD000832A410C032B010C832BC10B832C410BF9
:107DE000032D010BE39207468320C10D03254100BB
:107DF0008329C10C032C810B832DC10A1301010EB1
:107E00006780000093040000930706FD13089000AC
:107E100003C60D0093952400B38595009395150036
:107E2000B384B700930706FD938D1D00E372F8FE3F
:107E3000930706FEE37CF5F0E30C06F6230CC10283
:107E4000A3030102130A1000130B1000930A81030D
:107E500093060000130F00000326010393FF4C0854
:107E60008327410393051600138E050063960F00C8
:107E7000338D4441E340A00383457102638A0502C8
:107E800013067102938717002320C7001306100002
:107E90002322C700232AF1022328C10313067000FE
:107EA0006342C67913060E0013078700130E1E00E7
:107EB00063000F0613068102938727002320C70063
:107EC000130620002322C700232AF1022328C1031E
:107ED000130670006358C67BE38607100325010074
:107EE0001306C10293850900232AD1002324F1013E
:107EF000EFF0DFB9E31205EC03260103832741030A
:107F000083264101832F810013070900130E1600F9
:107F1000930500086382BF54338D66416348A063B4
:107F2000B307FB002320570123226701232AF10214
:107F30002328C1039306700063D4C65163880706E3
:107F4000032501001306C10293850900EFF01FB459
:107F5000E31405E6832741031307090013F34C00DC
:107F600063060300338B4441634E600563D44401D0
:107F700093040A0003274100330797002322E100FE
:107F8000639E076623280102130709006FF05FD183
:107F900093EC0C0193870D006FF05FDA338AB441E4
:107FA000E394B4D383C704006FF09FD72328010262
:107FB00013F34C006300037C338B4441635C607BB0
:107FC000130709009306000103260103E3D8662581
:107FD000372E0180130E8E01130D0001930A7000DD
:107FE0006F008001930526001307870013860600A3
:107FF000130B0BFF635C6D05938707019306160057
:108000002320C7012322A701232AF1022328D1021A
:10801000E3DADAFC638A0742032501001306C10292
:10802000938509002324C101EFF05FA6E31605D86C
:1080300003260103130B0BFF83274103032E81004B
:108040001307090093051600E3486DFBB38767012A
:108050002320C70123226701232AF1022328B1022A
:1080600013077000E354B7F063860770032501001F
:108070001306C10293850900EFF05FA1E31E05D24C
:10808000832741036FF09FEE93F70C0103260C004A
:10809000130C4C00639A071093F50C049307060029
:1080A000E3920500634006040345710263C80604B9
:1080B00093FCFCF763140604E39A0616130A000007
:1080C000130B0000930A090063040500130A1A0049
:1080D00013FF2C00E3020FD8130A2A00130F20000D
:1080E0006FF09FD79307D002A303F102B307C040FC
:1080F00063C4060093FCFCF71305D002130690003E
:108100006364F6749387070393F7F70FA30FF104E3
:10811000138A06006344D000130A1000130B1000EA
:10812000930AF105E31405FA6FF09FFA83240C001B
:10813000130C4C00E3D004E6B304904093EC4C00E5
:1081400093870D006FF09FBF03C60D009307A00239
:1081500093881D00E300F610930706FD9306900038
:108160009305000013089000E3E4F60A03C6080034
:1081700093962500B386B60093961600B385D70074
:10818000930706FD93881800E372F8FE93860500B6
:1081900063C00574938D08006FF0DFBA03260C00EE
:1081A00093EC0C01130C4C00930706006FF09FEF4B
:1081B00093EC0C0893870D006FF05FB89307B00243
:1081C000A303F10293870D006FF05FB793EC1C00DF
:1081D00093870D006FF09FB683477102E39C07DA27
:1081E00093070002A303F10293870D006FF01FB500
:1081F00083270C00A3030102130C4C00230CF10293
:10820000130A1000130B1000930A81036FF05FC470
:1082100083270C0013EB0C01130C4C00A303010289
:1082200013061000930C0B0013050000E3C806ECC6
:10823000937CFBF76392075663920674631E065E97
:10824000137B1B0063020B6493070003A30FF1046D
:10825000130A0B00930AF1056FF09FE783270C00C8
:1082600013EB0C01130C4C00A303010213060000D6
:10827000930C0B00E3DE06FA930A090013F677006D
:1082800013060603A38FCAFE93D7370093850A000F
:10829000938AFAFFE39407FE93F71C00638A07169C
:1082A000930700036306F6169385E5FFA38FFAFE96
:1082B000330BB940138A060063C66661938A0500D2
:1082C0006FF01FE113F60C0183270C00130C4C0018
:1082D000631A060013F60C04630606009397070161
:1082E00093D70701138B0C006FF01FF893F70C0165
:1082F0006390070213F30C04630C030083270C0044
:1083000083264100130C4C002390D7006FF05F9937
:1083100083270C0083264100130C4C0023A0D700B8
:108320006FF01F9893EC0C0493870D006FF01FA162
:1083300013F60C0183270C00130C4C00631A060083
:1083400013F60C04630606009397070193D7070101
:10835000138B0C006FF09FEC832A0C00A303010227
:10836000130C4C00638A0A6263CA06561386060021
:108370009305000013850A00232AE1002324D1007D
:10838000EF10C0538326810003274101138B0600A1
:1083900063040500330B554183477102134AFBFF09
:1083A000135AFA41337A4B0193060000130F000071
:1083B000E39E07D06FF05FAA37860000130606839E
:1083C0002314C10237260180130606D183270C002F
:1083D00093EC2C00130C4C002326C100A3030102D4
:1083E000138B0C0013062000E3D406E4930A090063
:1083F0008325C10013F6F700938AFAFF3386C50080
:108400000346060093D747002380CA00E39207FE85
:10841000330B5941138A0600E3DC66CB130A0B00C9
:108420006FF01FCB130710002328E10293070B0006
:108430002320510723226107232A61031307090020
:10844000130787006FF09FB193051000130600001B
:10845000130709006FF0DFB9338D4441E35EA0AB31
:108460009305000163D8A55DB7250180938585023A
:108470002324B100130E0001130F70006F00800160
:10848000130526001307870013860500130D0DFF43
:108490006352AE07032581009387070193051600F9
:1084A0002320A7002322C701232AF1022328B10297
:1084B000E358BFFC63800716032501001306C102C1
:1084C00093850900232AD100EFF04FDCE316058ED7
:1084D00003260103130E0001130D0DFF8327410333
:1084E000832641011307090013051600130F7000BE
:1084F000E342AEFB03268100B387A7012322A70135
:108500002320C700232AF1022328A10213067000AA
:108510006352A6386388074A032501001306C10287
:10852000938509002324D100EFF04FD6E316058888
:10853000832681000326010383274103338D66418F
:1085400013070900130E1600E35CA09D6354A447B3
:1085500023247101930E70006F008001130E26001A
:108560001307870013860500130D0DFF635AA4053A
:1085700093870701930516002320770123228700A4
:10858000232AF1022328B102E3DABEFC6380070646
:10859000032501001306C10293850900EFF00FCFF8
:1085A000E31C058003260103130D0DFF8327410300
:1085B00013070900130E1600930E7000E34AA4FB84
:1085C00083268100B387A7012322A7012320D70098
:1085D000232AF1022328C1039306700063C8C61D35
:1085E00013078700130E1E006FF09F93130E1000E9
:1085F00013060000130709006FF01FF703250100A1
:108600001306C10293850900EFF04FC8E30C0596ED
:108610006FF08FFA1305100013060000130709000E
:108620006FF0DFE663820704032501001306C10231
:1086300093850900232CD100232AF1012324E10191
:10864000EFF0CFC4631A05F6032601038327410325
:1086500083268101832F4101032F81001307090025
:10866000130E16006FF0DF8463060F249307810258
:108670002320F106930720002322F106130E100099
:108680001307090013060E0013078700130E1E00C0
:108690006FF01F88130500016354A537372E018042
:1086A000130E8E01930E0001930270006F00C00143
:1086B000130526001307870013860500130D0DFF11
:1086C00063DCAE0793051600938707012320C701DB
:1086D0002322D701232AF1022328B102E3DAB2FCD4
:1086E00063820708032501001306C1029385090070
:1086F000232EC101232CD100232AF1012324E101DF
:10870000EFF0CFB8631A05EA03260103930E0001C8
:10871000130D0DFF83274103032EC1018326810121
:10872000832F4101032F8100130709001305160051
:1087300093027000E3C8AEF9B387A7012320C701F5
:108740002322A701232AF1022328A1021306700085
:108750006342A60A13078700130E150013060500CF
:108760006FF08FF1130600001305100013070900C6
:108770006FF0DFF463D4440193040A0083274100BF
:10878000B38797002322F1006FF0CFFF13F3FCF7BC
:10879000936C23001306200093051000630EB62C83
:1087A00093052000E31AB6AC6FF05FC4E38C07C6F4
:1087B000032501001306C10293850900EFF00FADF8
:1087C000631C05DE032E0103832741031307090001
:1087D000130E1E006FF0CFF42328010213070900C7
:1087E0006FF00FD3130E10001306000013070900DB
:1087F0006FF00FF263820716032501001306C10212
:1088000093850900232CD100232AF1012324E101BF
:10881000EFF0CFA7631205DA032601038327410394
:1088200083268101832F4101032F81001307090053
:10883000130E16006FF04FE4130A0000130B000034
:10884000930A09006FF0DF88930A09009305A000DE
:10885000930E900033F6B702938AFAFF138E070047
:10886000130606032380CA00B3D7B702E3E4CEFFA2
:10887000330B5941138A0600E3D86685130A0B00AF
:10888000E31605846FF0DF84130A0000930A0900E1
:108890006FF01F8413078700130E150013060500E1
:1088A0006FF08FE713160601135606419307060073
:1088B0006FF04FFF13060000130E1000130709009E
:1088C0006FF00FE5130A0B00938A05006FF05F80CD
:1088D0009306F0FF938D08006FF0CFC613850A0052
:1088E0002324E100EFC01FB103278100130B050013
:1088F0006FF09FAAB72701809387C7CF2326F10087
:1089000093F50C0183270C00130C4C00639A0500AF
:1089100093F50C04638605009397070193D707012D
:1089200093F51C00E38C05AAE38A07AA93050003CC
:108930002304B102A304C102A3030102E3D806E4A5
:1089400093EC2C006FF09FAAB7270180938707D183
:108950002326F1006FF0DFFA034771026300070876
:10896000930771022320F106930710002322F106DA
:10897000130E1000130709006FF0CFD293051000FB
:10898000E310B6E213050000930700036FF00FF841
:10899000EFB05F966FF04FA693076000138B060051
:1089A00063EAD70237280180130A0B00930A48D2E2
:1089B0006FF00FCAB7260180938686022324D10068
:1089C0006FF01FC0130E10001306000013070900FC
:1089D0006FF08FD4130B60006FF0DFFC1306000004
:1089E000130E1000130709006FF08FCC0325010050
:1089F0001306C10293850900EFF04F896FF0CFBBDA
:108A0000372E018013850500130E8E016FF0DFD223
:108A1000938D0800930600006FF0CFB2372E0180CF
:108A200093051600130E8E016FF04FE293070003BB
:108A30006FF0CFED372601801306860213050E0076
:108A40002324C1006FF01FAB9307F0FF2322F10036
:108A50006FF08FB983260C00130C4C0063C806001E
:108A6000938D080093870D006FF04FAD9306F0FFD4
:108A7000938D08006FF01FFF130500006FF00FE8E3
:108A80009307050003A541F493060600138605002D
:108A9000938507006FF04F93130101B88397C500CA
:108AA00003D7E500232C814613840500B705010098
:108AB0009385D5FF032E44060323C4018328440273
:108AC00013170701B3F7B700B3E7E7001308004037
:108AD000232AF1009305810093070107232A914679
:108AE00023282147232E1146130905002326C107F9
:108AF00023226102232611032324F100232CF100F9
:108B000023280101232E010123200102EFF0CF8B46
:108B100093040500635C05028357410193F7070442
:108B2000638807008357C40093E707042316F40003
:108B30008320C1470324814703290147138504008B
:108B40008324414713010148678000009305810099
:108B500013050900EF000037E30005FC9304F0FF64
:108B60006FF09FFB130101FF232611002320210139
:108B700063880502232481002322910013840500C9
:108B8000930405006306050083274503638C070CE7
:108B90008317C400639207020324810083244100E9
:108BA0008320C100130900001305090003290100F7
:108BB0001301010167800000930504001385040080
:108BC000EF00800B8327C40213090500638A0700A6
:108BD0008325C40113850400E7800700634405066C
:108BE0008357C40093F70708639607068325040399
:108BF000638C0500930704046386F5001385040065
:108C0000EFC05FB82328040283254404638805006D
:108C100013850400EFC01FB723220404EFB0CFEF89
:108C200023160400EFB08FEF8320C10003248100DE
:108C300083244100130509000329010013010101E8
:108C4000678000008357C4001309F0FF93F70708FB
:108C5000E38E07F88325040113850400EFC09FB25B
:108C60006FF0DFF8EFB00FE96FF09FF293050500AA
:108C700003A541F46FF01FEF0397C500130101FE38
:108C8000232C810023263101232E110093778700A6
:108C9000138405009309050063900712B7170000BD
:108CA0009387078083A64500B367F7002396F500F6
:108CB0006352D018032884026304080E232A91000B
:108CC0009316370183A4090023A009008325C4015A
:108CD00063CE0616130600009306100013850900E4
:108CE000E70008009307F0FF130605006304F51A78
:108CF0008317C400032884028325C40193F7470027
:108D0000638E070003274400832704033306E640ED
:108D1000638607008327C4033306F64093060000EA
:108D200013850900E70008009307F0FF6314F512AC
:108D300083A609009307D0010317C40063EAD7167E
:108D4000B707402093871700B3D7D70093F71700D2
:108D50006380071603260401B7F7FFFF9387F77FA9
:108D6000B377F7002316F400232204002320C40065
:108D70009317370163D40700638206108325040329
:108D800023A0990063840510930704046386F5000B
:108D900013850900EFC01F9F83244101232804028B
:108DA000130500008320C101032481018329C10030
:108DB00013010102678000002328210103A9050196
:108DC00063020908232A910083A405001377370062
:108DD00023A02501B38424419307000063140700F6
:108DE00083A745012324F400634890006F004005E9
:108DF0003309A90063569004832744028325C401E4
:108E0000938604001306090013850900E780070014
:108E1000B384A440E34EA0FC0317C400032901015E
:108E200013670704832441012316E4001305F0FFB0
:108E30006FF05FF783A6C503E34ED0E66FF05FF6F1
:108E400083244101032901016FF09FF503260405E6
:108E50006FF0DFEA0317C40083260401B7F7FFFFB2
:108E60009387F77FB377F7002316F40023220400DB
:108E70002320D40093173701E3D207F0832504039E
:108E80002328A40423A09900E39005F08324410142
:108E90006FF01FF183A70900E38C07E41307D001EB
:108EA000638CE700130760016388E7000317C400C1
:108EB000136707046FF01FF723A099008324410173
:108EC0006FF01FEE130101FE232C8100232E1100F1
:108ED000130405006306050083274503638A070220
:108EE0008397C500639C07008320C101032481018F
:108EF0001305000013010102678000001305040040
:108F0000032481018320C101130101026FF0DFD628
:108F10002326B100EFB00FBE8325C1006FF05FFCC8
:108F2000630005069305050003A541F463060500EB
:108F300083274503638C07008397C500639607006A
:108F400013050000678000006FF01FD3130101FEBE
:108F50002326B1002324A100232E1100EFB08FB9E6
:108F60008325C100032581008397C5006394070210
:108F70008320C10113050000130101026780000076
:108F8000B7950080138601C3938545EC138501C412
:108F90006FB00FC88320C101130101026FF0DFCD54
:108FA000832786006384072C8396C500130101FD87
:108FB00023248102232C410123286101232611024D
:108FC00093F78600130B0600130A050013840500AF
:108FD000638E070883A70501638A0708232291028D
:108FE00023202103232E3101232A510193F7260048
:108FF00083240B006384070A832744028325C4016A
:10900000B70A00809309000013090000938A0AC080
:109010001386090013050A00630209049306090078
:1090200063F42A0193860A00E78007006350A04694
:1090300083278B00B389A9003309A940B387A740D0
:109040002324FB006386071A832744028325C40177
:109050001386090013050A00E31209FC83A9040022
:1090600003A94400938484006FF09FFA93050400E1
:1090700013050A00EFB09FB9631C051C8316C400DA
:109080002322910223202103232E3101232A51017F
:1090900093F7260083240B00E39007F62326710143
:1090A0002324810193F716006396071C832704008D
:1090B00003278400B70A008023229101930B00004C
:1090C00093090000938AFAFF13850700130C070029
:1090D0006382091013F6062063080628930C070024
:1090E00063E6E93213F70648630A070803264401DA
:1090F00083250401131716003307C7003389B740CF
:10910000135CF701330CEC0093071900135C1C404F
:10911000B387370113060C006376FC00138C07003D
:109120001386070093F60640638E0630930506000B
:1091300013050A00EFA0CFEF930C0500630C053474
:109140008325040113060900EFC08F908357C400E4
:1091500093F7F7B793E707082316F40033852C013C
:10916000B3072C4123289401232A84012320A4003F
:10917000138C09002324F400938C090013860C003F
:1091800093850B00EF00D01D032784008327040084
:109190001389090033078741B38797012324E4002B
:1091A0002320F4009309000083278B00B38B2B014D
:1091B000B38727412324FB0063860702832704002B
:1091C000032784008316C40013850700130C0700CF
:1091D000E39209F083AB040083A9440093848400E4
:1091E0006FF09FEE832BC100032C8100832C410084
:1091F0008320C10203248102832441020329010246
:109200008329C101832A4101032A8101032B010122
:10921000130500001301010367800000930504009B
:1092200013050A00EFF01FCA630E050A8317C40076
:10923000832BC100032C81008324410203290102F6
:109240008329C101832A410193E707042316F4000F
:109250008320C10203248102032A8101032B01011F
:109260001305F0FF130101036780000013050000E0
:1092700067800000930A000013050000130C000033
:109280009309000063820908630A050893870A00AE
:10929000938B090063F43701938B070003250400C7
:1092A00083270401032984008326440163F6A70071
:1092B0003309D9006344790963C0DB16832744026C
:1092C0008325C40113060C0013050A00E78007007C
:1092D00013090500E35CA0F4B38A2A4113051000CA
:1092E000E38E0AF283278B00330C2C01B3892941CA
:1092F000B38727412324FB00E39607F8832BC100A3
:10930000032C81006FF0DFEE83A9440093870400F3
:1093100093848400E38A09FE03AC070013860900E6
:109320009305A00013050C00EF004059630A0514D3
:1093300013051500B30A85416FF05FF593050C0026
:1093400013060900EF00D0018327040093050400F1
:1093500013050A00B38727012320F400EFF09FB61E
:10936000E30C05F66FF09FEC8326040163E2F6043C
:109370000326440163EEC9029387090063F43A01AE
:1093800093870A00B3E6C702032744028325C4017A
:1093900013860B0013050A00B386D740E7000700C9
:1093A00013090500635AA004B38929416FF0DFDF78
:1093B0001309070063F4E900138909001385070006
:1093C0001306090093850B00EF00807903278400C2
:1093D0008327040033072741B38727012324E400B0
:1093E0002320F400E31207FC9305040013050A0090
:1093F000EFF05FADE30A05FA8317C400832BC100C9
:10940000032C8100832C41006FF01FE3138C0900B3
:10941000938C09006FF09FD613860B0093050C0008
:10942000EF000074032784008327040013890B00D6
:1094300033077741B38777012324E4002320F40026
:109440006FF09FE913050A00EF300041930C05000F
:10945000E31605D08325040113050A00EFC08FB27F
:109460008317C4001307C000832BC100032C8100A5
:10947000832C41002320EA0093F7F7F76FF0DFDB3E
:1094800093871900938A07006FF09FE08317C40049
:109490006FF09FDA1307C0008317C400832BC1004D
:1094A000032C8100832C41002320EA006FF0DFD8D9
:1094B0008397C500130101F8232C8106232E110682
:1094C00013F727001384050063040702938735040C
:1094D00023A0F50023A8F5009307100023AAF500A8
:1094E0008320C1070324810713010108678000005E
:1094F0008395E500232A9106232821072326310797
:10950000232441079304050063C605081306810060
:10951000EF000059634E05068327C10037F90000AC
:10952000B71900003379F900B7E7FFFF3309F900F5
:1095300013391900130A00409389098093050A0022
:1095400013850400EFA0CFAE8317C400630805069F
:1095500093E707082320A4002328A4002316F4007F
:10956000232A44016310090AB3E737018320C107A6
:109570002316F400032481078324410703290107EC
:109580008329C106032A81061301010867800000B0
:109590008317C40093F7070813090000638E0704BC
:1095A000130A000493050A0013850400EFA04FA8D6
:1095B0008317C40093090000E31C05F813F7072084
:1095C000631E070493F7C7FF93E7270013073404CC
:1095D0002316F40093071000832441070329010791
:1095E0008329C106032A81062320E4002328E400FE
:1095F000232AF4006FF0DFEE130A00409309000005
:109600006FF0DFF38315E40013850400EF00804F53
:10961000631005028317C4006FF01FF58324410710
:10962000032901078329C106032A81066FF05FEB36
:109630008357C40093F7C7FF93E717009397070179
:1096400093D707416FF05FF2130101F923248106DC
:10965000138405008395E50023229106232021072A
:1096600023261106930406001389060063CA050425
:1096700013068100EF00C042634405040327C100C4
:10968000B7F700008320C106B3F7E70037E7FFFF15
:10969000B387E7000324810693B717002320F9005E
:1096A0001307004023A0E40037150000832441067F
:1096B00003290106130505801301010767800000D7
:1096C0008357C40093F70708638807028320C10605
:1096D00003248106930700002320F90013070004E8
:1096E00023A0E4000329010683244106130500009A
:1096F00013010107678000008320C106032481064F
:109700002320F9001307004023A0E40003290106E9
:109710008324410613050000130101076780000040
:10972000130101FE232C8100232A9100232821010B
:10973000232E11001309050093840500130406006D
:10974000EF00002C93071000631CF5009387F4FFD3
:109750001307E00F6366F700230691006F004002D5
:109760009306C405138604009305C1001305090080
:10977000EF3000699307F0FF6304F508630C0502FE
:10978000832784008345C1009387F7FF2324F400D7
:1097900063DA07000327840163CCE7029307A00084
:1097A0006388F50283270400138717002320E40051
:1097B0002380B7008320C101032481010329010113
:1097C0001385040083244101130101026780000016
:1097D0001306040013050900EFB00FA99307F0FF6B
:1097E000E31AF5FC1305F0FF8320C1010324810176
:1097F0008324410103290101130101026780000054
:109800008357C4001305F0FF93E707042316F40001
:109810006FF09FFD8317C60013972701634007026F
:1098200003274606B7260000B3E7D700B726000097
:109830003367D7002316F6002322E6066FF05FEEAB
:10984000130101FE232C810003A441F4232E1100F7
:10985000138605009305050063060400832744036F
:10986000638007048317C60013972701634007022C
:1098700003274606B7260000B3E7D700B726000047
:109880003367D7002316F6002322E60613050400EB
:10989000032481018320C101130101026FF05FE8FD
:1098A0002324A100130504002326C100EFA09FA4D8
:1098B0000326C100832581006FF0DFFA937735001E
:1098C00093F6F50F638A07029307F6FF630E06020D
:1098D0001306F0FF6F0080011305150013773500A4
:1098E000630E07009387F7FF6380C70203470500F5
:1098F000E314D7FE678000009307060013073000CB
:109900006368F70063900706130500006780000096
:1099100093F5F50F13978500B305B700139705016D
:10992000B708FFFE37888080B385E5009388F8EF9D
:1099300013080808130330006F0000019387C7FF66
:1099400013054500E370F3FC0327050033C7E5006A
:10995000330617011347F7FF3377E6003377070124
:10996000E30E07FCB307F5006F00C00013051500F8
:10997000E38CA7F803470500E31AD7FE67800000D1
:10998000130101FF2326110023229100630E06021A
:10999000B72501809385C5031305060023248100A4
:1099A00013040600EF00802CB72401806312050227
:1099B00003248100138584038320C1008324410094
:1099C0001301010167800000B72401806FF09FFE42
:1099D0009385840313050400EF004029E30A05FC86
:1099E000B70501809385853313050400EF00002837
:1099F000E30005FC03248100130500006FF0DFFB8A
:109A000003C581E867800000130101FF23261100D0
:109A100023229100638E0502232481001384050014
:109A2000B72501809385C50313050400EF000024CA
:109A3000B724018063120502032481001385840387
:109A40008320C100832441001301010167800000CD
:109A5000B72401806FF09FFE9385840313050400F3
:109A6000EF00C020E30A05FCB7050180938585332C
:109A700013050400EF00801FE30005FC03248100B0
:109A8000130500006FF0DFFB1305050F6780000072
:109A9000138501E567800000138501E567800000FC
:109AA000130101FF13870500232481002322910065
:109AB0001304050093050600130507002326110073
:109AC00023AE01F4EF60DFCE9307F0FF630CF500E7
:109AD0008320C1000324810083244100130101017C
:109AE0006780000083A7C1F5E38407FE8320C100DF
:109AF0002320F40003248100832441001301010189
:109B000067800000130101FF2324810023229100BC
:109B100013040500138505002326110023AE01F46C
:109B2000EF601FCF9307F0FF630CF5008320C100A7
:109B30000324810083244100130101016780000098
:109B400083A7C1F5E38407FE8320C1002320F4002E
:109B50000324810083244100130101016780000078
:109B600063F6A5023387C5006372E502B307C5003B
:109B7000630606048346F7FF9387F7FF1307F7FF93
:109B80002380D700E318F5FE678000009307F000FC
:109B900063E8C702930705009306F6FF6302060C0D
:109BA00093861600B386D70003C705009387170076
:109BB00093851500A38FE7FEE398D7FE678000002A
:109BC000B367B50093F7370063960708930806FF5D
:109BD00093F808FF93880801B30615011387050061
:109BE0009307050003280700130707019387070160
:109BF00023A807FF032847FF23AA07FF032887FF9F
:109C000023AC07FF0328C7FF23AE07FFE39CD7FC65
:109C10001378C600B38515011377F60063040804B2
:109C20001308C7FF1378C8FF13084800B38706015D
:109C30001387050083280700938646001307470013
:109C400023AE16FFE398F6FE13763600B3850501C2
:109C50006FF09FF49306F6FF930705006FF05FF433
:109C600067800000130607006FF01FF33367B5002D
:109C70009303F0FF1377370063100710B7877F7FD8
:109C80009387F7F70326050083A60500B372F60055
:109C90003363F600B382F200B3E2620063927210A3
:109CA0006316D6080326450083A64500B372F60066
:109CB0003363F600B382F200B3E26200639E720C7B
:109CC0006316D6060326850083A68500B372F600C8
:109CD0003363F600B382F200B3E262006398720C61
:109CE0006316D6040326C50083A6C500B372F6002A
:109CF0003363F600B382F200B3E262006392720C47
:109D00006316D6020326050183A60501B372F60089
:109D10003363F600B382F200B3E26200639C720A1E
:109D20001305450193854501E30ED6F4131706018B
:109D300093970601631EF7001357060193D7060198
:109D40003305F7409375F50F6390050267800000B7
:109D50001357070193D707013305F7409375F50FA4
:109D600063940500678000001377F70F93F7F70FF0
:109D70003305F740678000000346050083C60500F1
:109D800013051500938515006314D600E31606FE2F
:109D90003305D640678000001305450093854500D4
:109DA000E31CD6FC13050000678000001305850046
:109DB00093858500E312D6FC130500006780000040
:109DC0001305C5009385C500E318D6FA13050000F6
:109DD000678000001305050193850501E31ED6F891
:109DE0001305000067800000130101FE232A910083
:109DF0008327050183A40501232E110063C0971C4E
:109E00009384F4FF13932400232C810013844501D1
:109E10002326310123244101B3096400130A4501BB
:109E200083A7090033036A000327030023282101C5
:109E300023225101938717003359F702930A050033
:109E4000636AF70A370501009308040013080A0043
:109E5000930E0000930600001305F5FF03A708000A
:109E6000032E0800130848003376A7001357070194
:109E7000B377AE00135E0E019388480033062603C5
:109E8000330727033306D601B37EA600B387D74135
:109E900013560601B387D70093D60741B3F7A7003F
:109EA0003307C7003376A700B386C640B386C60122
:109EB00013960601B3E7C700232EF8FE935E070151
:109EC00093D60641E3FC19F9832703006394070244
:109ED0001303C3FF63686A006F0080019384F4FF7B
:109EE00063786A00832703001303C3FFE38807FE38
:109EF00023A89A0013850A00EF20401C634C050834
:109F00003705010093050A00130700001305F5FF4C
:109F100083A605000326040093854500B3F7A60039
:109F20003378A600B3870741B387E70013D707410B
:109F30001356060193D606013307C7403307D700EF
:109F400093160701B3F7A700B3E7D7001304440043
:109F500023AEF5FE13570741E3FC89FA93972400DB
:109F6000B307FA0003A70700631407029387C7FF2C
:109F70006368FA006F0080019384F4FF6378FA004D
:109F800003A707009387C7FFE30807FE23A89A00EB
:109F900013091900032481018320C1018329C10011
:109FA000032A8100832A410083244101130509000B
:109FB0000329010113010102678000008320C10110
:109FC0008324410113050000130101026780000092
:109FD00003238503130101F4232C810A232A910A08
:109FE0002328210B2322510B2326B109232E110AEA
:109FF0002326310B232EE100232AF100232811010F
:10A000002326B1022324C10013040500938D05000B
:10A0100093040600938A06001309080063020302F2
:10A020000327C5039307100093050300B397E700C8
:10A030002322E3002324F300EF10006C232C0402FE
:10A04000938904009306000063DC040093941400D9
:10A0500093D714002324F10093890700930610007E
:10A060003707F07F2320D900B3F6E9006388E66064
:10A070008324810013850D001306000093850400DE
:10A08000930600002320B10323229102EF40406693
:10A09000631A050403274101930710002320F700EA
:10A0A0000327010163080700B72701809387D7D2F0
:10A0B0002320F700B72901809389C9D28320C10BDF
:10A0C0000324810B8324410B0329010B832A410ABA
:10A0D000832DC108138509008329C10A1301010CCE
:10A0E0006780000013860400130781079306C107E9
:10A0F00093850D00130504002324410B2320610BDD
:10A10000232E7109232C8109232A91092328A109CF
:10A1100013D94901EF20403E930405006312095A08
:10A12000832B81070329C1079307000233892B0181
:10A1300013072943E3D0E73293070004B387E740CE
:10A1400013052941B397F90033D5AD0033E5A700D6
:10A15000EF50501AB70710FE9306100013070500C2
:10A16000B387B7001309F9FF2324D10403A601EF35
:10A1700083A641EF1305070093850700EF40106E9B
:10A1800003A681EF83A6C1EFEF40C07F03A601F0D5
:10A1900083A641F0EF308050130A05001305090033
:10A1A00093890500EF50900903A681F083A6C1F0C2
:10A1B000EF40407D130605009386050013050A0055
:10A1C00093850900EF30804D130B0500938905003E
:10A1D000EF50807E130A05009385090013050B00DC
:10A1E0001306000093060000EF404069635005022B
:10A1F00013050A00EF50900413060B009386090024
:10A20000EF40004F3335A000330AAA4033892B4179
:10A2100093076001130BF9FFE3E8471D372701801F
:10A2200093173A001307870EB387E70003A60700CA
:10A2300083A647000325010283254102EF40006405
:10A24000E35A051E130AFAFF232E0102232C0100F4
:10A25000634C0B4863540A4A83278101232441033A
:10A26000B3874741232CF100B3074041232CF1026F
:10A2700093079000130A000063EC574993075000BE
:10A28000E3D0571F938ACAFF9307300013090000D9
:10A29000E388FA62E3D0575F93074000E390FA52F5
:10A2A000930710002328F1020326C101E352C06086
:10A2B0002326C104130C0600930670011307100037
:10A2C0009307400063C4C6006F10802F9397170058
:10A2D000938647019305070013071700E378D6FE1E
:10A2E000232EB40213050400EF10C03593090500B6
:10A2F000631405006F10002B232CA4029307E000C9
:10A3000063E6874F6304094E83268102E35AD05ED9
:10A3100093F7F600372701801307870E93973700CE
:10A3200093DC4640B387E70093F60C0103A80700CF
:10A3300003A74700E3880652B727018003A6871FBB
:10A3400083A6C71F03250102832541022328E104B8
:10A3500023200105EF3010410328010403270105E4
:10A3600093FCFC0013030500138D05001309300056
:10A37000638C0C04B72B018023208104938B8B1DED
:10A3800013040900930507001309030093F71C0049
:10A39000638E070003A60B0083A64B00130508007D
:10A3A00013041400EF40005E1308050093DC1C400A
:10A3B000938B8B00E39C0CFC13030900130904002E
:10A3C0000324010413870500930607001306080001
:10A3D0001305030093050D00EF30D0381307050077
:10A3E000938705008326C1036388060203A601F153
:10A3F00083A641F113050700938507002328E10494
:10A400002320F104EF40804783270104032701053F
:10A41000635405006F100001130509002320F106A5
:10A420002320E104EF508061032701048327010604
:10A4300013060700938607002328E1042320F10474
:10A44000EF40405403A601F283A641F2EF3000250D
:10A45000B706C0FC8327010403270105930C050000
:10A46000B38BB600630E0C32832681022320810752
:10A470002324D10613050700938507002328E10450
:10A480002320F104EF504053832701063726018033
:10A49000130905009386F7FF939636009307860EFF
:10A4A000B386D70003A846002326F10683A706003B
:10A4B000232E010523229107232CF104EF5000588D
:10A4C0000327010583270104130605009386050071
:10A4D0001305070093850700EF4050380327010359
:10A4E000138D1900130309032320A105930C050004
:10A4F0001373F30FE304075A03A501F30326810541
:10A500008326C1052320B10483A541F323286104D8
:10A51000EF3050250326410693860B00EF401034A0
:10A52000832801040323010513860C009386080089
:10A530002380690013090500938B0500EF40002478
:10A54000832801046354A0006F00507883A701F1B1
:10A5500003A841F1232C41052328F104232A0105F6
:10A5600003A8C1F183A781F1232261072326810774
:10A570002320F10493070000032C01062322010588
:10A58000138B070023205107138A08006F0000096E
:10A59000130B1B0063448B016F00507803260104EA
:10A5A000832641041305090093850B00EF40803D8D
:10A5B000032601048326410413090500938B05003B
:10A5C00013850C0093050A00EF40C03B938C0500F7
:10A5D000930A0500EF50403E130A0500EF50004675
:10A5E000130605009386050013850A0093850C0069
:10A5F000EF40D02693070A031306090093860B0049
:10A600002300FD00130D1D00930C0500138A0500A7
:10A61000EF40C026635405006F00506B0325010511
:10A620008325410513860C0093060A00EF40102392
:10A630001306090093860B00EF404024E35A05F40B
:10A6400083278106930B0D00138C170013069003CC
:10A650006F008000E386796583C6FBFF138D0B00D6
:10A66000938BFBFFE388C6FE9386160093F6F60FE6
:10A670002380DB00930D0C006F00004D8326410109
:10A68000372700009397C9001307F77093D7C700C7
:10A6900023A0E600B3E7B7016380070A832701011F
:10A6A000B729018093890905E38A07A0B7270180AC
:10A6B00093873705032701012320F7006FF01FA0C0
:10A6C00083274102B706F03F832B81079397C7008A
:10A6D00093D7C70003270102B3E7D700130919C0B6
:10A6E000232401046FF09FA893071000B38727412C
:10A6F000232CF100130B0000E3400AB6232441038E
:10A70000232C010293079000330B4B01E3F857B75A
:10A710009307100013091000930A00002328F10288
:10A72000130CF0FF232E0100232E040223268105A3
:10A73000930500006FF01FBB83270101B72901803B
:10A7400093894904E38C0796B72701809387C70450
:10A750006FF05FF6130509002320F1062320E104C2
:10A76000EF50C02D032701048327010613060700BD
:10A77000938607002328E1042320F104EF40802082
:10A7800003A601F283A641F2EF2050718327010452
:10A7900003270105B706C0FC930C0500B38BB60078
:10A7A00003A681F283A6C1F2130507009385070073
:10A7B000EF40D00A13860C0093860B00130D0500A2
:10A7C00013890500EF30907BE342A04EB70700806D
:10A7D000B3C7770113860C0013050D00938607009D
:10A7E00093050900EF408009634805068327C107E8
:10A7F00063CE0718832681021307E0006348D71849
:10A8000083278102372701801307870E939737002C
:10A81000B387E70003AA070083AA47008327C10183
:10A8200063D807046346800563180C0203A681F20F
:10A8300083A6C1F213050A0093850A00EF40801435
:10A8400013060500938605000325010283254102B6
:10A85000EF40C002E34CA044138D09002320010205
:10A86000130900008327C10193CDF7FF6F004069F2
:10A87000938719002320F104032B010203294102CD
:10A8800013060A0093860A0013050B0093050900BE
:10A89000EF30406DEF504012130D0500EF50001ADD
:10A8A00013060A0093860A00EF40C00D1306050048
:10A8B0009386050013050B0093050900EF40007A0D
:10A8C00093070D032380F90013061000832B010466
:10A8D0001307050093860500E30CCC0C83A781F1D8
:10A8E00003A8C1F1930D10002324F10023260101D8
:10A8F0006F00000613060A0093860A0013050B007A
:10A9000093050900EF300066EF50000B130D0500B2
:10A91000EF50C01213060A0093860A00EF4080062B
:10A9200093860500130605009305090013050B0027
:10A93000EF40C072938B1B0093070D03938D1D0096
:10A94000A38FFBFE1307050093860500E302BC07F7
:10A9500003268100938506008326C10013050700A6
:10A96000EF4040021306000093060000130B0500A1
:10A9700013890500EF30D057E31E05F683278102C7
:10A98000138D0B00938D17006F00001C032701032C
:10A9900063160726832B8103832C81012328010260
:10A9A0001309000063820C026350600393870C005C
:10A9B00063449B6703278101B38CFC40330BFB404E
:10A9C0003307F740232CE1008327810363820702CA
:10A9D0008327010363840700E39C0B06032681039E
:10A9E0009385040013050400EF10403F9304050015
:10A9F0009305100013050400EF1000102320A1029E
:10AA0000631C0A509307100063DC5755B387670136
:10AA100093F7F7016380071E130700023307F7401F
:10AA20009306400063D4E6581307C001B307F7400C
:10AA300003278101B38CFC00330BFB003307F700C5
:10AA4000232CE100832781016340F014635C6001E3
:10AA50008325010213060B0013050400EF10004DBF
:10AA60002320A1028327C103639C071263548045FE
:10AA7000832701036390072683278102938D1700A4
:10AA8000832A0102130A10006F000002938504005C
:10AA9000930600001306A00013050400EF00104801
:10AAA00093040500130A1A0093850A001385040015
:10AAB000EFF08FB3930B0503B3874901A38F77FFA3
:10AAC000E3468AFD130A100063448055338A490126
:10AAD000930A000093850400130610001305040078
:10AAE000EF10C0448325010293040500EF10005DC0
:10AAF000635EA04E930690036F008000638A495FF7
:10AB00008347FAFF130D0A00130AFAFFE388D7FE02
:10AB1000938717002300FA00832501021305040020
:10AB2000EF00903D63020902638A0A0063882A01EC
:10AB300093850A0013050400EF00103C93050900FB
:10AB400013050400EF00503B938504001305040037
:10AB5000EF00903A8327410123000D0023A0B701A5
:10AB6000832701016384070023A0A701032A810A28
:10AB7000032B010A832BC109032C8109832C410972
:10AB8000032D01096FF08FD393850400138607000E
:10AB900013050400EF108039930405006FF01FEBDC
:10ABA0008325010213850400EF104051E35005ECAA
:10ABB0008327810293850400930600001306A000FA
:10ABC00013050400138BF7FFEF00503583270103B3
:10ABD00093040500639E070C032CC104E35A8015FF
:10ABE000832D81026FF0DFE993071000232EF1021D
:10ABF0006FF0CFE59307C0016FF09FE313071000DC
:10AC00006354574D83278103930BFCFF63CA77413D
:10AC1000B38B774183278101B38C8741E3500C0EBE
:10AC20009305100013050400EF00106D13090500D3
:10AC30006FF05FD7232E0102232C0100E34020ADEB
:10AC400093071000B3872741232CF100130B00005A
:10AC50006FF0DFAAB387E7403395FD006FF04FCF69
:10AC60009307300013091000638CFA4463C657E35E
:10AC700093072000E38CFA14232E040293050000AE
:10AC800013050400EF00101C93090500E30C0510E8
:10AC9000930710002328F1029307F0FF232CA4024E
:10ACA0002326F104130CF0FF232E01006FF01FB4D4
:10ACB00093050900930600001306A0001305040085
:10ACC000EF00D025032CC10413090500E3568009C9
:10ACD00023246103635C90019305090013860C0033
:10ACE00013050400EF10802413090500130B09005D
:10ACF000631E0A508327C102138DF9FF938C09004C
:10AD0000232C31018329010293F71700330D8D01A4
:10AD10002324F100232EB10193850900138504003B
:10AD2000EFF08F8C130C05009305090013850400C8
:10AD3000EF10C038130A050013060B0093850900B5
:10AD400013050400EF10003D0327C500930B0C030F
:10AD5000930D0500631C0708930505001385040087
:10AD6000EF10C0351307050093850D00130504008F
:10AD7000930D0700EF005018B3E65D01639A060ECD
:10AD800083278100638A077463420A7623807C01EB
:10AD9000138A1C0063049D679385040093060000DA
:10ADA0001306A00013050400EF00501793040500DC
:10ADB000930600001306A000930509001305040084
:10ADC000630E6909EF00901593050B001309050048
:10ADD000930600001306A00013050400EF001014F2
:10ADE000130B0500930C0A006FF01FF39305050089
:10ADF0001305040083298101832DC101EF00D00FC9
:10AE0000634A0A0013F71D00336A5A01336747018A
:10AE1000631E070693850400130610001305040043
:10AE2000EF10C0108325010293040500EF100029E4
:10AE30006358A02413079003638CEB24930B1C032B
:10AE400083278102930A0900138D1C0023807C0153
:10AE5000938D170013090B006FF01FCCEF00100C3F
:10AE600013090500130B0500930C0A006FF0DFEACD
:10AE700063440A7283278100336A5A0133EA470127
:10AE8000630C0A70E354B0F1832981011307900326
:10AE90006380EB200327810293871B00930A09003C
:10AEA000138D1C00930D17002380FC0013090B0069
:10AEB0006FF09FC693072000E3DC57BB138D09009A
:10AEC000E3120C9A8325010293060000130650003A
:10AED00013050400EF009004930505002320A10250
:10AEE00013850400EF10801DE35EA0969307100306
:10AEF0002380F90083278102138D1900938D170099
:10AF00008325010213050400938D1D00EF00C07E10
:10AF1000E31609C26FF05FC39305050013060A002C
:10AF200013050400EF00906B930710002320A1028B
:10AF300063DE5711130A000003270102832707016C
:10AF40009387370093972700B307F70003A54700BF
:10AF5000EF00102593070002B387A7406FF01FABE7
:10AF60008327C10263900704832781009397C7005A
:10AF7000639A0702832681009307000013D74601D6
:10AF80001377F77F630C070083278101130B1B00E6
:10AF900093871700232CF10093071000631C0A54B9
:10AFA000138A0700930710006FF05FA6E30CD7A881
:10AFB0001307C003B307F7406FF09FA79307100074
:10AFC000930A50002328F1028327C101032781023D
:10AFD000B387E700138C17002326F10413060C0037
:10AFE000634C80AD130610006FF00FAD63160500C3
:10AFF00093F71B00E39007B0930600038347FAFF23
:10B00000130D0A00130AFAFFE38AD7FE6FF0DFB0D0
:10B01000130A0C006FF09FAB93070B006FF09F9922
:10B020008327810303278101232C7103B387FB400E
:10B03000330AFA00B3078701930C0700330B8B0127
:10B04000232CF100930B00006FF09FBD8327C102FA
:10B05000E39207EE832781009397C700E39C07ECF8
:10B060006FF05FF103230102032D41021309200059
:10B070006FF00FB0930A2000232801026FF0CFA2D7
:10B08000E31005DC13F71B00E31607DA6FF05FDB54
:10B09000930790032380FC0083278102930A090011
:10B0A000138A1C00938D170013090B006FF09FA4E7
:10B0B00093071000130C1000232EF1006FF0CFE661
:10B0C000232801026FF05FF0032781046304073037
:10B0D0000327810193873743330BFB00B307F70046
:10B0E000832B8103930C0700232CF1006FF05FB3D7
:10B0F000930710032380F900938D1D006FF0DFA1EB
:10B100008327810263880730B30BF04093F7FB007D
:10B11000372701801307870E93973700B387E7001F
:10B1200003A6070083A647000325010283254102E9
:10B1300093DB4B40EF301005138D050063880B4205
:10B1400013092000B72C018023208104938C8C1DCF
:10B150001304090013070500130600001309050076
:10B1600093F61B006380060203A60C0083A64C0026
:10B170001305070013041400EF30D0001307050077
:10B180001306100093DB1B40938C8C00E39A0BFC9E
:10B190001305090093870500130904000324010423
:10B1A000631206A41307050093070D006FF08FA329
:10B1B000938506001306070013050700EF20004ED5
:10B1C0008327810213060A0093860A00938D1700D5
:10B1D000130B050013890500138C0D00EF30005A86
:10B1E0006346A0C613050B009305090013060A0069
:10B1F00093860A00EF30C04F63160500137D1D00D3
:10B2000063160DC4138D0B006FF01F948325490046
:10B2100013050400EF000043130A05006300053620
:10B22000032609019305C9001305C500130626006E
:10B2300013162600EFA0CF811306100093050A0015
:10B2400013050400EF00904E130B05006FF09FAA4A
:10B250009305090013860B0013050400EF00103856
:10B260001386040093050500130905001305040067
:10B27000EF00901393070500938504001305040065
:10B2800093840700EF00404783278103B38777410A
:10B29000232CF102638E07F46FF04FF4032681052F
:10B2A0008326C105032541062328B10493850B009D
:10B2B00023286102EF30006D032301038327010679
:10B2C00093061000238069002324A104832801052C
:10B2D00013890500B38BF900638CD72683A781F10E
:10B2E00003A8C1F1232891042328F102232A010392
:10B2F0002320810613850C00938508000326010393
:10B3000083264103130D1D00EF30C0671384050031
:10B3100093040500EF40406A930C0500EF40007273
:10B3200013060500938605001385040093050400A9
:10B33000938C0C03EF309052A30F9DFFE390ABFD75
:10B340008324010503240106930C0500938805005E
:10B3500003A601F383A641F30325810493050900A5
:10B3600023281103EF2080338328010313860C0068
:10B3700093860800EF308050634C05180326810443
:10B3800003A501F383A541F393060900EF30104DA7
:10B390008328010313860C0093860800EF30003EDB
:10B3A000634CA0108327C10763C607DE0327810211
:10B3B0009307E00063C0E7DE832781020327C1060D
:10B3C00093973700B307F70003AA070083AA470043
:10B3D0006FF08FCA032781078326810193076003DB
:10B3E000B387E740330BFB00B387F600832B810361
:10B3F000938C0600232CF1006FF09F82832781023B
:10B40000930A090083298101938D170013090B000A
:10B410006FF04FEC0327010283274102130920003C
:10B420006FE05FFC63080CB2032DC1046350A0BD44
:10B43000938507008327810283A6C1F103A681F1CA
:10B440009387F7FF130507002324F106EF3080539D
:10B4500013070500130519002328E1042320B10474
:10B46000EF40C05D03270105832701041306070091
:10B4700093860700EF30005103A601F283A641F244
:10B48000EF20C021B706C0FC832701040327010574
:10B49000930C0500B38BB6002320A1076FE09FFD3E
:10B4A00093061003130C1C006FF08F9C23200102E5
:10B4B000130900006FF09FA31306000383C7FBFF6F
:10B4C000138D0B00938BFBFFE38AC7FE8327810656
:10B4D000938D17006FF04FE71307900383298101C5
:10B4E000E388EBBAE34C40956FF09F958329810187
:10B4F0006FF01F95138A07006FF01FA4938C07004D
:10B50000B3878701330B8B01232CF1006FF04FF1D0
:10B5100083278106138C17006FF04F93032A810550
:10B52000032B4106032CC106832A01066FF00FACE2
:10B530009307200063C85701832D8102032CC104A7
:10B540006FF00FD4032CC104232461036FF01F9705
:10B55000832B01046FF0DFDF93072000E3C457FF64
:10B56000032CC104232461036FF0CFF613070500F9
:10B5700093870500130920006FE0DFE6B7260180FE
:10B580003725018093864605130600009305F02EAB
:10B5900013058506EF10D01683298101E34CB0878F
:10B5A0006FF01F8AB72601803725018093864605F4
:10B5B000130600009305F01A13058506EF105014CA
:10B5C000232E0402930500006FE0DFD1232801023F
:10B5D0006FE09FCD83A741E4678007006380050289
:10B5E00063020604638806048347060023A0F5006F
:10B5F000034506003335A00067800000130101FFFA
:10B600009305C10063040602638A060283470600AD
:10B6100023A0F500034506003335A0001301010106
:10B62000678000001305000067800000130500001C
:10B630006FF0DFFE1305E0FF678000001305E0FFF9
:10B640006FF0DFFD83274504130101FF23248100F0
:10B650002322910023261100130405009384050082
:10B66000638C070213972400B387E70003A5070044
:10B67000630405040327050023A0E7002328050031
:10B68000232605008320C100032481008324410078
:10B6900013010101678000001306100293054000AA
:10B6A000EF10900C2322A40493070500E31C05FA75
:10B6B000130500006FF01FFD232021011309100066
:10B6C000331999001306590013162600930510002C
:10B6D00013050400EF105009630A05002324250117
:10B6E00023229500032901006FF05FF9032901006F
:10B6F000130500006FF01FF96380050203A74500E2
:10B700008327450413172700B387E70003A7070023
:10B7100023A0E50023A0B70067800000130101FE0D
:10B72000232A910083A4050137030100232C810003
:10B730002328210123263101232E1100138905001E
:10B74000930905001384060013884501930800003F
:10B750001303F3FF83270800130848009388180099
:10B7600033F767003307C70293D60701B386C602D3
:10B77000B307870013D70701B3F76700B386E60066
:10B7800013970601B307F700232EF8FE13D4060122
:10B79000E3C298FC630204028327890063DEF4029B
:10B7A0009387440093972700B307F90023A28700EB
:10B7B00093841400232899008320C101032481016C
:10B7C000832441018329C1001305090003290101D4
:10B7D00013010102678000008325490013850900D9
:10B7E0002324410193851500EFF0DFE5130A0500DE
:10B7F000630E0504032609019305C9001305C5005E
:10B800001306260013162600EF909FA40327490075
:10B8100083A7490413172700B387E70003A707008E
:10B820002320E90023A027019387440013090A007D
:10B8300093972700B307F900032A8100938414002B
:10B8400023A28700232899006FF01FF7B7260180F5
:10B850003725018093864605130600009305A00B4B
:10B860001305050AEF10C069130101FE232C8100A6
:10B87000232A910023282101232631012324410179
:10B88000938906009307900093868600232E11006B
:10B89000B3C6F6021309050013840500130A060057
:10B8A0009304070063DA370D930710009305000037
:10B8B0009397170093851500E3CCD7FE1305090075
:10B8C000EFF05FD893050500630C050A930710009D
:10B8D0002328F500232A95009307900063D8470991
:10B8E00023225101930A940093840A0033044401F3
:10B8F00083C604001306A00013050900938606FD05
:10B90000EFF0DFE19384140093050500E39284FED9
:10B9100013048AFF33848A00832A410063563A0362
:10B92000B3894941B3093401834604001306A000DA
:10B9300013050900938606FDEFF05FDE1304140083
:10B9400093050500E31234FF8320C1010324810124
:10B9500083244101032901018329C100032A8100B5
:10B960001385050013010102678000001304A40081
:10B97000130A90006FF09FFA930500006FF01FF418
:10B98000B7260180372501809386460513060000FF
:10B990009305300D1305050A23225101EF1040567F
:10B9A00093070500370701001305000063F6E70061
:10B9B00093970701130500013707000163F6E700BD
:10B9C00013058500939787003707001063F6E7009B
:10B9D00013054500939747003707004063EAE700E7
:10B9E00093C7F7FF93D7F7013305F5006780000091
:10B9F0009397270063CA070013971700634A07004D
:10BA00001305000267800000130525006780000011
:10BA10001305350067800000832705001307050024
:10BA200093F677006384060293F61700130500006F
:10BA3000639E060493F627006388060A93D71700CF
:10BA40002320F7001305100067800000939607017C
:10BA500093D6060113050000638E060693F6F70FD2
:10BA60006380060693F6F7006382060493F63700B8
:10BA70006384060293F61700639C060093D71700B1
:10BA80001305150063960700130500026780000088
:10BA90002320F7006780000093D7270093F6170054
:10BAA00013052500E39606FE6FF05FFD93D7470070
:10BAB00093F6370013054500E39E06FA6FF0DFFDAD
:10BAC00093D7870093F6F70013058500E39006FAF5
:10BAD0006FF0DFFD93D7070193F6F70F1305000111
:10BAE000E39206F86FF0DFFD93D727002320F700DD
:10BAF000130520006780000083274504130101FF20
:10BB00002324810023229100232611001304050021
:10BB100093840500638C070203A5470063020506B2
:10BB20000327050023A2E7008320C100032481002E
:10BB300093071000232A9500232605002328F500EB
:10BB400083244100130101016780000013061002E5
:10BB500093054000EF1040412322A4049307050001
:10BB6000E31C05FAB7260180372501809386460538
:10BB700013060000930550141305050AEF10403812
:10BB80001306C0019305100013050400EF10C03D1B
:10BB9000E30A05FC930710002322F5009307200019
:10BBA0002324F5006FF05FF8130101FE2328210123
:10BBB0002326310103A9050183290601232A9100C7
:10BBC00023244101232E1100232C8100138A050018
:10BBD00093040600634C3901138709009384050020
:10BBE00093090900130A06001309070083A78400BC
:10BBF00083A5440033842901B3A78700B385F500EA
:10BC0000EFF05FA4630E051A130345019318240097
:10BC1000B3081301930703006378130123A00700FF
:10BC200093874700E3EC17FF13084A01131E29000E
:10BC3000938E440193952900330EC801B385BE004D
:10BC40006376C81393875401130F400063F0F51611
:10BC5000B70601009386F6FF6F00800193DF0F01A6
:10BC600063980F0813084800130343006370C8115A
:10BC7000832F0800B3F3DF00E38203FE9302030087
:10BC8000938F0E009304000083A70F0003A6020009
:10BC90009382420033F7D7003307770293D7070127
:10BCA0003379D60013560601938F4F00B38777027E
:10BCB0003307270133079700935407013377D700E1
:10BCC000B387C700B3879700139607013367E60071
:10BCD00023AEE2FE93D40701E3E8BFFAB307E30122
:10BCE00023A09700832F080093DF0F01E38C0FF64A
:10BCF000032703009302030013860E00930407003A
:10BD0000930300008327060093D904013377D700FB
:10BD1000B3F7D700B387F70383A4420093824200AE
:10BD20001306460033F9D400B3877700B387370191
:10BD30009393070133E7E30023AEE2FE0357E6FFE8
:10BD400093D707013307F703330727013307F700BA
:10BD500093530701E368B6FAB307E30123A0E700B2
:10BD60001308480013034300E364C8F163488000EC
:10BD70006F0080011304F4FF6308040083A7C8FF69
:10BD80009388C8FFE38807FE8320C101232885002C
:10BD90000324810183244101032901018329C10076
:10BDA000032A81001301010267800000B3879540D8
:10BDB0009387B7FE93F7C7FF138F47006FF05FE9D4
:10BDC000B7260180372501809386460513060000BB
:10BDD000930520161305050AEF108012130101FECA
:10BDE000232C81002328210123263101232E110039
:10BDF00093773600130406009309050013890500A4
:10BE0000639C070A13542440630A0406232A910002
:10BE100083A409046386040C9377140063900702DB
:10BE200013541440630A040403A5040063060506C2
:10BE30009304050093771400E38407FE138604003F
:10BE40009305090013850900EFF01FD6630009026E
:10BE50000327490083A7490413172700B387E70086
:10BE600003A707002320E90023A02701135414404F
:10BE700013090500E31A04FA832441018320C10158
:10BE8000032481018329C10013050900032901014D
:10BE900013010102678000001386040093850400EB
:10BEA00013850900EFF05FD023A0A4002320050034
:10BEB000930405006FF01FF89387F7FF3727018081
:10BEC0001307870D93972700B307F70003A6070012
:10BED00093060000EFF09F84130905006FF09FF2B6
:10BEE0009305100013850900EFF0CFF593040500CA
:10BEF0006300050293071027232AF500930710001B
:10BF00002328F50023A0A904232005006FF0DFF00B
:10BF1000B726018037250180938646051306000069
:10BF2000930550141305050AEF00907D130101FEDF
:10BF30002322510183AA050183A78500232631010D
:10BF400093595640B38A5901232C8100232A91002A
:10BF50002328210123244101232E110013891A00D3
:10BF6000938405001304060083A54500130A050009
:10BF700063D827019397170093851500E3CC27FF1B
:10BF800013050A00EFF00FEC630C051013084501D0
:10BF9000635430039389590093992900330735017D
:10BFA000930708009387470023AE07FEE39CE7FE54
:10BFB0009389C9FE3308380183A80401938744019B
:10BFC0001376F40193982800B38817016304060AD6
:10BFD00093050002B385C5401303080093060000D3
:10BFE00003A7070013034300938747003317C700D5
:10BFF0003367D700232EE3FE83A6C7FFB3D6B60070
:10C00000E3E017FF938754011307400063EAF80049
:10C01000B38798409387B7FE93F7C7FF138747000E
:10C020003308E8002320D8006394060013890A002F
:10C0300003A7440083274A048320C1011317270064
:10C04000B387E70003A70700232825010324810104
:10C0500023A0E40023A097000329010183244101C8
:10C060008329C100032A8100832A410013010102B0
:10C070006780000003A70700938747001308480064
:10C08000232EE8FEE3F417FB03A70700938747007E
:10C0900013084800232EE8FEE3EE17FD6FF01FF9AA
:10C0A000B7260180372501809386460513060000D8
:10C0B0009305E01D1305050AEF00906403270501B1
:10C0C00083A70501130805003305F7406312F70441
:10C0D0009397270013084801938545013307F8001B
:10C0E000B387F5006F0080006374E8020326C7FF82
:10C0F00083A6C7FF1307C7FF9387C7FFE306D6FED4
:10C10000130510006376D6001305F0FF678000006A
:10C110006780000003A7050183270601130101FFC3
:10C1200023248100232291002326110023202101B2
:10C130001384050093040600B306F740631EF71846
:10C14000939627001386450113874401B307D60051
:10C150003307D7006F008000637CF61883A5C7FF04
:10C160008326C7FF9387C7FF1307C7FFE386D5FE64
:10C170001309100063EAD500938704001309000037
:10C18000930404001384070083A54400EFF08FCBD1
:10C190006306051A83A8040183220401938F4401D6
:10C1A000139328001308440193922200930545013C
:10C1B000370E01002326250133836F00B302580098
:10C1C000138F0500938E0F0093060000130EFEFFE1
:10C1D00003A70E0003260800130F4F00B377C70113
:10C1E000B373C601B3877740B387D70013570701EE
:10C1F0001356060193D607413307C7403307D700CC
:10C2000093160701B3F7C701B3E7D7001308480037
:10C21000232EFFFE938E4E0093560741E36A58FA91
:10C2200013075401338482401304B4FEB3B2E20016
:10C2300013CF120013542400130740006384020A32
:10C24000B38FEF003388E500B70E0100130E08002E
:10C2500013860F00938EFEFF63F46F0C8327060096
:10C26000130E4E001306460033F7D7013307D700ED
:10C2700093D50701135707413307B700B387D7009A
:10C28000B3F7D70193160701B3E7D700232EFEFEBD
:10C2900093560741E36466FC1303F3FF3303F34152
:10C2A0001373C3FF33076800639A07008327C7FF30
:10C2B0009388F8FF1307C7FFE38A07FE8320C100B6
:10C2C0000324810023281501832441000329010050
:10C2D000130101016780000013091000E3DE06E886
:10C2E0006FF09FEA13071400131727006FF05FF534
:10C2F00093050000EFF00FB5630005068320C10031
:10C3000003248100930710002328F500232A050049
:10C31000832441000329010013010101678000000B
:10C320001307000063160F003387E5006FF0DFF797
:10C33000131724003387E5006FF01FF7B72601803D
:10C340003725018093864605130600009305502487
:10C350001305050AEF00D03AB72601803725018082
:10C360009386460513060000930570231305050AFE
:10C37000EF001039B707F07FB3F5B700B707C0FC7F
:10C38000B385F500930700006356B00013850700DE
:10C3900067800000B305B04093D545419307300155
:10C3A00063CCB700B7070800B3D5B74093070000C8
:10C3B00013850700678000009385C5FE1307E00121
:10C3C000930710006346B700B7070080B3D7B700E4
:10C3D000930500001385070067800000130101FE2C
:10C3E000232A910083240501232C81001304450195
:10C3F00093942400B30494002328210103A9C4FFCB
:10C4000023263101232441011305090093890500E6
:10C41000232E1100EFF0CFD813070002B307A74077
:10C4200023A0F9009307A000138AC4FF63DCA708C8
:10C43000130655FF6370440583A784FF630C06044D
:10C44000B306C74033D7D7003319C9003369E900B1
:10C45000938584FF3707F03F3367E900B397C70040
:10C46000637EB40203A644FFB356D600B3E7D700F9
:10C470006F00C0029307B000630CF5003319C900C8
:10C480003707F03F3367E900930700006F000001B2
:10C49000930700003707F03F3367E9008320C101AD
:10C4A0000324810183244101032901018329C1005F
:10C4B000032A810013850700930507001301010279
:10C4C000678000009306B000B386A640B707F03F30
:10C4D0003357D9003367F7009307000063764401B0
:10C4E00083A784FFB3D7D700130555013319A900DB
:10C4F000B367F9006FF09FFA130101FD232A510180
:10C50000938A05009305100023229102232E310106
:10C51000232C4101232611022324810223202103FD
:10C5200093040600138A060093090700EFF08F9129
:10C53000630205103707100013D944019307F7FF72
:10C540001379F97F13040500B3F79700630409001A
:10C55000B3E7E7002326F10063920A061305C10042
:10C56000EFF08FCB0327C100930410002328940021
:10C57000232AE40093070502630809081309D9BCBC
:10C580003309F9009304500323202A013385F44032
:10C5900023A0A9008320C102130504000324810203
:10C5A00083244102032901028329C101032A810155
:10C5B000832A4101130101036780000013058100F4
:10C5C00023245101EFF04FC50327C1009307050055
:10C5D000630E05040326810093060002B386A6407D
:10C5E000B316D7003357A700B3E6C6002326E100F1
:10C5F000B334E00093841400232AD400232CE400F5
:10C6000023289400E31C09F6139724003307E40061
:10C61000032507019387E7BC2320FA00EFF04FB80A
:10C62000939454003385A4406FF09FF683268100D5
:10C630006FF01FFCB72601803725018093864605E1
:10C64000130600009305F0301305050AEF00500BA8
:10C65000130101FD232021031389050093058100A7
:10C66000232611022324810223229102232E310149
:10C6700093090500EFF09FD693040500138405008D
:10C68000130509009305C100EFF05FD503270901E9
:10C6900083A709018326C100B387E74003278100F0
:10C6A000939757003307D740B387E7001307050078
:10C6B000635EF002939747013384870093860500F9
:10C6C000138504009305040013060700EF1090097A
:10C6D0008320C10203248102832441020329010231
:10C6E0008329C1011301010367800000939747016B
:10C6F000B385F5406FF09FFC130101FF232021015A
:10C7000023261100930770011309050063DAA704BB
:10C7100083A701F183A541F1232481002322910005
:10C7200003A481F183A4C1F113850700130604005B
:10C7300093860400EF2000251309F9FF93070500F5
:10C74000E31409FE032481008320C10083244100F7
:10C750000329010013850700130101016780000010
:10C7600037270180131935001307870D3307270179
:10C77000832707018320C100832547010329010086
:10C78000138507001301010167800000832606015D
:10C790009385F5FF93D55540938515009307460182
:10C7A0009396260093952500B386D700B305B50070
:10C7B00063F8D7021307050003A807009387470013
:10C7C00013074700232E07FFE3E8D7FEB387C640D1
:10C7D0009387B7FE93F7C7FF938747003305F500AC
:10C7E0006378B50013054500232E05FEE36CB5FE06
:10C7F000678000000327050113D6554093064501C5
:10C800006352C70213172700B387E60063F2F604EA
:10C8100003A7C7FF9387C7FFE30A07FE13051000AE
:10C820006780000093172600B387F600E350E6FE0A
:10C8300093F5F501E38C05FC03A607001305100032
:10C840003357B6003317B700E302E6FC67800000F9
:10C850001305000067800000130101FD23229102EF
:10C8600023261102930406006388051E23248102F7
:10C870002320210313840500232E3101232A510193
:10C88000232C410113090500EF708FF50327C4FF26
:10C890009387B40093066001930A84FF9379C7FFDE
:10C8A00063F2F61013FA87FF63C2071063609A10F1
:10C8B00063D24913B727018023248101138C873E5B
:10C8C00003268C00B3863A0183A746006308D61C72
:10C8D00013F6E7FF3386C6000326460013761600DC
:10C8E000631A061493F7C7FF3386F9006358460DA1
:10C8F00013771700631C070223267101832B84FF23
:10C9000023286101B38B7A4103A74B001377C7FF3C
:10C91000B387E700338B3701635C4B33338BE9001C
:10C9200063584B29032B0101832BC100938504001D
:10C9300013050900EF60DFEF93040500630805406D
:10C940008327C4FF130785FF93F7E7FFB387FA0038
:10C950006386E7241386C9FF9307400263E4C72E6A
:10C9600013073001636AC72093070500130704000B
:10C970008326070023A0D7008326470023A2D700E1
:10C980000327870023A4E70093050400130509008B
:10C99000EF805FDF13050900EF70CFE4032C810007
:10C9A0006F00C006130A0001E3749AF09307C000F9
:10C9B0002320F900930400006F00400583A7C60000
:10C9C00003A78600032C8100930906002326F700A5
:10C9D00023A4E70083A74A00B38649411306F00069
:10C9E00093F7170033873A016362D608B3E737013C
:10C9F00023A2FA008327470093E717002322F700BA
:10CA000013050900EF700FDE930404000324810274
:10CA10008320C102032901028329C101032A810164
:10CA2000832A410113850400832441021301010379
:10CA30006780000013771700E31A07EE23267101C1
:10CA4000832B84FF23286101B38B7A4103A74B001A
:10CA50001377C7FF6FF09FEC8320C102832441024C
:10CA600093050600130101036F609FDCB3E74701E4
:10CA700023A2FA00B3854A0193E6160023A2D5004B
:10CA800083274700938585001305090093E7170066
:10CA90002322F700EF801FCF6FF09FF693F7C7FFB9
:10CAA000B386370113060A0163D0C6261377170031
:10CAB000E31E07E623267101832B84FF23286101EF
:10CAC000B38B7A4103A74B001377C7FFB387E70007
:10CAD000338B3701E344CBE483A7CB0003A78B0060
:10CAE0001386C9FF930640022326F70023A4E7001C
:10CAF00093848B0063E4C6281307300193870400F6
:10CB00006372C702032704009307B00123A4EB005C
:10CB10000327440023A6EB0063EAC726130484001E
:10CB200093870B010327040023A0E7000327440099
:10CB300023A2E7000327840023A4E70033874B01E7
:10CB4000330B4B412324EC0093671B002322F70097
:10CB500083A74B001305090093F71700B3E74701BC
:10CB600023A2FB00EF700FC8032B0101832BC10030
:10CB7000032C81006FF09FE9832604001307B001A6
:10CB80002320D500832644002322D500636EC714DA
:10CB900013078400930785006FF09FDD8327C5FF8F
:10CBA000032C810093F7C7FFB389F9006FF09FE270
:10CBB00083A7CB0003A78B001386C9FF930640020F
:10CBC0002326F70023A4E70093848B0063E6C610B6
:10CBD0001307300193870400637CC7020327040016
:10CBE0009307B00123A4EB000327440023A6EB0026
:10CBF00063F8C7148327840023A8FB008327C4009D
:10CC000023AAFB00630CD60A1304040193878B014B
:10CC10000327040023A0E7000327440023A2E70022
:10CC20000327840023A4E70093090B00938A0B00D9
:10CC3000032B0101832BC100032C8100138404000A
:10CC40006FF05FD993050400EFC09FF16FF0DFD361
:10CC500083A7C60003A786001386C9FF9306400278
:10CC60002326F70023A4E70003A78B0083A7CB00AC
:10CC700093848B002326F70023A4E70063EEC60409
:10CC80001307300193870400E374C7F803270400F7
:10CC90009307B00123A4EB000327440023A6EB0075
:10CCA00063F0C70A032784009307400223A8EB0020
:10CCB0000327C40023AAEB00E318F6F403270401BA
:10CCC00093870B021304840123ACEB000327C4FFFA
:10CCD00023AEEB006FF0DFF393050400138504002F
:10CCE000EFC01FE86FF05FF4032784002324E50002
:10CCF0000327C4002326E5006304F6061307040196
:10CD0000930705016FF0DFC6B38A4A01B386464137
:10CD100023245C0193E7160023A2FA008327C4FFB3
:10CD2000130509009304040093F71700B3E74701C4
:10CD3000232EF4FEEF700FAB032C81006FF01FCD9C
:10CD40001304840093870B016FF09FEC1305090017
:10CD5000EF704FA993040000032C81006FF01FCBEC
:10CD60008326040113078401930785012328D50036
:10CD700083264401232AD5006FF09FBF930504004A
:10CD800013850400EFC0DFDD6FF05FDB83278400D5
:10CD900023A8FB008327C40023AAFB006308D60056
:10CDA0001304040193878B016FF0DFD7032704017D
:10CDB00093870B021304840123ACEB000327C4FF09
:10CDC00023AEEB006FF01FD683A701E46780070056
:10CDD000638405029307F00F63E8C7002380C50052
:10CDE00013051000678000009307A0082320F500BA
:10CDF0001305F0FF67800000130500006780000046
:10CE0000130101FE232C8100232A9100232E1100FF
:10CE100083A701E4130405009384060063820502DE
:10CE2000E78007009307F0FF6306F5028320C10146
:10CE30000324810183244101130101026780000062
:10CE40001306000093054100E78007009307F0FFF9
:10CE5000E31EF5FC23A004009307A0088320C10172
:10CE60002320F400032481018324410113010102E2
:10CE700067800000130101FE232C8100232A91000A
:10CE8000232E110083A441F483A701E413040600B8
:10CE9000630A050213860500930604009305050046
:10CEA00013850400E78007009307F0FF630AF5028B
:10CEB0008320C10103248101832441011301010264
:10CEC00067800000930606009305410013060000EA
:10CED00013850400E78007009307F0FFE31AF5FCD1
:10CEE000232004008320C101032481019307A008AB
:10CEF00023A0F40083244101130101026780000094
:10CF000003A741F4130101FF9387060013080600ED
:10CF1000232611008328C700930605001387050008
:10CF20001386070063000802B72701809387473004
:10CF3000B72501809385453113850800EF00C014A3
:10CF4000EF00C0193708018093078833130888332E
:10CF50006FF01FFE130101FF930606001306000089
:10CF600023261100EFF0DFF9B3B7C502130101FF6B
:10CF70002326110023248100B385C5026390070A8C
:10CF8000EF601F8B130405006300050A0326C5FF2D
:10CF9000130740021376C6FF1306C6FF6368C70473
:10CFA000930630019307050063F2C60223200500B3
:10CFB000232205009307B00163F8C704232405006A
:10CFC0002326050093070501630CE60623A007004E
:10CFD00023A2070023A407008320C1001305040037
:10CFE0000324810013010101678000009305000004
:10CFF000EF804F988320C1001305040003248100B3
:10D0000013010101678000009307850023A007003A
:10D0100023A2070023A407006FF01FFCEF00800B82
:10D020009307C0002320F500130400008320C100F3
:10D03000130504000324810013010101678000002F
:10D040002328050093078501232A05006FF01FF8A8
:10D05000130101FC1303C1022326D102930603002E
:10D06000232E11002328E102232AF102232C01039D
:10D07000232E110323266100EFA01FB58320C101D9
:10D080001301010467800000130E0500130101FC69
:10D0900003A541F4130381022324C1022326D102F4
:10D0A000138605009306030093050E00232E11003E
:10D0B0002328E102232AF102232C0103232E11034A
:10D0C00023266100EFA05FB08320C101130101049A
:10D0D0006780000003A541F467800000130101FF91
:10D0E0001305600023261100EF00802A13051000AD
:10D0F000EF300FE9832785116386070013050000D1
:10D1000067800000130101FF9305000823248100BC
:10D110002326110013040500EF608FF1232CA410C7
:10D120006304050293070508232005001305450045
:10D13000E31CF5FE130500008320C10003248100D9
:10D1400013010101678000001305F0FF6FF0DFFE9F
:10D15000130101FE232A9100232E11009307F001F1
:10D160009304050063ECB70283278511232C81000B
:10D1700013840500638C070213142400B38787000F
:10D180000324810103A5070023A0C7008320C10158
:10D1900083244101130101026780000093076001AD
:10D1A0002320F5001305F0FF6FF05FFE93050008E4
:10D1B0002326C100EF60CFE723ACA4100326C100F3
:10D1C000930705001307050093060508630A050089
:10D1D0002320070013074700E31CD7FE6FF0DFF999
:10D1E000032481011305F0FF6FF05FFA130101FFC3
:10D1F00023229100232611009307F00193040500D8
:10D2000063E0B70A83278511232481001384050076
:10D210006384070413972500B387E70003A707007B
:10D22000630C070293061000630CD7009306F0FF0F
:10D230006308D70423A0070013850500E700070053
:10D2400003248100130500008320C10083244100D2
:10D25000130101016780000013850400EF00C04343
:10D2600013060400032481008320C10093050500F8
:10D270001385040083244100130101016F00803BEA
:10D28000032481008320C100930760012320F5005F
:10D290008324410013051000130101016780000081
:10D2A000930760012320F5001305F0FF6FF0DFF90D
:10D2B0009307F00163EAB70C83278511130101FF7F
:10D2C00023248100232291002326110013840500CA
:10D2D000930405006380070813172400B387E70051
:10D2E00003A70700630C07029306F0FF6300D7064D
:10D2F000930610006300D7041305040023A0070061
:10D30000E7000700130500008320C100032481000B
:10D310008324410013010101678000008320C100C4
:10D32000032481008324410013051000130101012F
:10D33000678000008320C100032481008324410012
:10D340001305300013010101678000001305200060
:10D350006FF09FFB93050008EF608FCD23ACA41006
:10D3600093070500630E05001307050093060508E3
:10D370002320070013074700E31CD7FE6FF0DFF5FB
:10D380001305F0FF6FF05FF81305F0FF67800000F2
:10D39000130101FF23229100232611009307F001BE
:10D3A00083A441F463EEA70883A78411232481009A
:10D3B000130405006382070413172500B387E700F1
:10D3C00003A70700630A070293061000630AD70049
:10D3D0009306F0FF6306D70423A00700E7000700C9
:10D3E00003248100130500008320C1008324410031
:10D3F000130101016780000013850400EF00C029BC
:10D4000013060400032481008320C1009305050056
:10D410001385040083244100130101016F00802162
:10D42000032481008320C1009307600123A0F4003E
:10D4300013051000832441001301010167800000DF
:10D440009307600123A0F4001305F0FF6FF0DFF9EC
:10D45000130101FF23202101232611009307F0016E
:10D4600003A941F463E2A704232481001304050007
:10D47000032589112322910093840500630E050280
:10D4800013142400B307850003A5070003248100BB
:10D4900023A09700832441008320C10003290100B9
:10D4A0001301010167800000930760012320F90048
:10D4B0001305F0FF6FF05FFE9305000813050900E8
:10D4C000EF600FB7232CA910930705001307050879
:10D4D000630A050023A0070093874700E31CF7FEBB
:10D4E0006FF01FFA03248100832441001305F0FF2D
:10D4F0006FF09FFA130101FF2324810003A441F47C
:10D500002326110083278411638C07001305000074
:10D510008320C10003248100130101016780000002
:10D520009305000813050400EF608FB0232CA410AE
:10D53000630C05009307050823200500130545002B
:10D54000E31CF5FE6FF09FFC1305F0FF6FF05FFC2E
:10D55000130101FF23229100232611009307F001FC
:10D5600083A441F463E4A70C83A7841123248100DE
:10D57000130405006382070813172400B387E7002C
:10D5800003A70700630C07029306F0FF6300D706AA
:10D59000930610006300D7041305040023A00700BE
:10D5A000E700070003248100130500008320C10069
:10D5B00083244100130101016780000003248100DE
:10D5C0008320C100832441001305100013010101D1
:10D5D00067800000032481008320C1008324410070
:10D5E000130530001301010167800000032481004E
:10D5F000130520006FF09FFB9305000813850400BE
:10D60000EF600FA323ACA41093070500630E050081
:10D61000130705009306050823200700130747009A
:10D62000E39CE6FE6FF05FF5032481001305F0FF35
:10D630006FF0DFF7130101FF13870500232481003A
:10D64000232291001304050093050600130507002B
:10D650002326110023AE01F4EF308F9C9307F0FFD7
:10D66000630CF5008320C100032481008324410062
:10D67000130101016780000083A7C1F5E38407FE61
:10D680008320C1002320F40003248100832441006F
:10D6900013010101678000006F308F95B7071000FC
:10D6A000130101FE938EF7FF33F8BE00B3F7DE00DF
:10D6B00013D346012328210113D94501939737003D
:10D6C000232C81001318380013D4F5011357D5010A
:10D6D0009358D6011379F97F1373F37F232E11002A
:10D6E000232A91002326310193D6F601B3E8F800EE
:10D6F0003367070193153500131F3600B3076940E0
:10D700006304D41E6352F016630603289306F07F69
:10D710006306D942930680031306100063CEF60217
:10D72000B7068000B3E8D8009306F00163CEF65246
:10D7300093060002B386F6403396D8003355FF00B7
:10D74000B316DF003366A600B336D000B3D8F800B6
:10D750003366D600330717413386C540B3B5C500DD
:10D7600093040600B309B7409397890063DA073240
:10D77000B70780009387F7FFB3F9F9006388092C96
:10D7800013850900EF201001930785FF930600021F
:10D790003387F64033D7E400B399F9003367370194
:10D7A000B394F40063C8274BB387274193871700CE
:10D7B000B386F6403396D400B3D9F4003336C000B4
:10D7C00033663601B316D700B3E4C600B359F70089
:10D7D0001309000093F774006380070293F7F400C5
:10D7E00013074000638AE7009387440033B697002D
:10D7F000B389C900938407009397890063DA076EA1
:10D80000930719001307F07F130E04006386E72ABD
:10D81000370780FF1307F7FF33F7E90093F7F77F28
:10D820001318D70113D63400131797003368C800B4
:10D830001357C7008320C101032481019397470137
:10D84000B3E7E7001317FE01B3E7E70083244101C4
:10D85000032901018329C1001305080093850700EE
:10D860001301010267800000638C0714B307234192
:10D870006312093C3365B7006304054C1385F7FF59
:10D88000630205601308F07F6386075793078003E0
:10D890001306100063CCA702930705001306F001DE
:10D8A000634CF656130500023305F5403316A70006
:10D8B00033D8F5003395A500336606013335A00053
:10D8C0003357F7003366A600B388E8403306CF40ED
:10D8D0003337CF0093040600B389E84013090300EF
:10D8E000138406006FF05FE86350F01E63100314AA
:10D8F000B3E6E801638C06269386F7FF638006484B
:10D900001306F07F638CC7229307800393091000EE
:10D9100063CCD702938706009306F00163C0F64AF2
:10D9200093060002B386F640B399D8003356FF0041
:10D93000B316DF00B3E9C900B336D000B3D8F8009E
:10D94000B3E9D90033071701B385B900B3B935017D
:10D9500093840500B389E9009397890063D2071483
:10D96000130919009307F07F630CF936B70780FF9E
:10D970009387F7FF13F61400B3F7F90013D71400D9
:10D980003367C7001396F701B364E60093D9170015
:10D990006FF05FE4B3E6E801638A061C9386F7FF45
:10D9A000638006401306F07F638AC71893078003DD
:10D9B00013061000E3C2D7DA938706006FF0DFD6B4
:10D9C000130819001378E87F631C08223363B7003B
:10D9D00033E8E80163100938630E03466306084024
:10D9E000B389E54133B53501330617413306A64007
:10D9F00013158600635E0550B305BF403387E840CA
:10DA0000333FBF003307E7411316870093840500B7
:10DA1000635E0652B70780FF9387F7FF3377F700FF
:10DA2000138E0600930710006FF09FDF9306F07FC0
:10DA30006306D9109306800393091000E3C6F6F03D
:10DA4000B7068000B3E8D8006FF01FED138504001F
:10DA5000EF204054930785019306F001E3D8F6D2F6
:10DA6000130785FF3397E40063C6272333892741D3
:10DA70009307190063D6F648130919FE93060002AE
:10DA8000B3542701638CD70093060004B387F64094
:10DA90003317F7003337E000B3E4E4001309000064
:10DAA00093F77400E39C07D29307090013D6340060
:10DAB000138709006F00000C9307F07F1307000025
:10DAC000130800006FF01FD7638A070CB3072341C8
:10DAD0006302091E9306F07F6308D3329306800326
:10DAE0009309100063CEF602B70680003367D700B3
:10DAF0009306F00163C8F63C93060002B386F64035
:10DB0000B319D70033D6F500B396D500B3E9C900F1
:10DB1000B336D0003357F700B3E9D900B388E80033
:10DB20003387E901B339370193040700B389190139
:10DB3000130903006FF05FE263100802131635004B
:10DB4000135636001318D7013368C800135737002F
:10DB50003367070163060718130E00009307F07F71
:10DB600037070800130800006FF0DFCC13163500EC
:10DB7000135636001318D7019306F07F3368C80098
:10DB800013573700E386D7FC1317C7001357C70096
:10DB900093F7F77F130E04006FF0DFC993061900A7
:10DBA00013F8E67F63180814B366B700631C0928EE
:10DBB00063820630B3E6E80163880622B387E50195
:10DBC000B3B5B700330717013307B70013D83700D1
:10DBD00093178700130E040063DE0734B70780FF36
:10DBE0009387F7FF3377F7009317D7011357370061
:10DBF00033E807013377D701930710006FF09FC315
:10DC00003388E541B3B70501B3091741B389F9403A
:10DC1000939789009304080063C60710336838019E
:10DC2000E31E08B4130E0000930700001307000062
:10DC30006FF05FC01305F07F630EA31A1305800316
:10DC400013061000E344F5C8370680003367C700A9
:10DC50006FF0DFC4B70980FF9389F9FF3309F940FA
:10DC6000B37937016FF01FB7938607FE13060002E2
:10DC7000B3D6D800638AC70013060004B307F64082
:10DC8000B397F800336FFF003336E0013366D600F8
:10DC90006FF09FACB70680FF9386F6FFB307F9409D
:10DCA0003377D7001318D70133683801135737007B
:10DCB0006FF09FEDB366B7006386061E9386F7FF8D
:10DCC000638E060A1305F07F6380A7149307800311
:10DCD00093091000E3C6D7E4938706006FF05FE175
:10DCE000130E04009307F07F1307000013080000D1
:10DCF0006FF05FB49307F07FE384F6FE338FE501A6
:10DD0000B335BF00B3071701B387B7001396F70108
:10DD1000135F1F00B364E60193D91700138906004F
:10DD20006FF05FAB3306BF40B387E8403337CF00B7
:10DD300093040600B389E740138406006FF01FA424
:10DD40001316360013563600138406001387080096
:10DD50006FF05FE2E31203DE6306081C13D738009E
:10DD6000131636009398D8013367170113563600FF
:10DD70003367C700138406006FF0DFDD338FE501E2
:10DD8000B3081701B335BF00B389B8009397890072
:10DD900093040F0063D4070E130920006FF01FBD1A
:10DDA000338FE541B3081741B3B5E50193040F0084
:10DDB000B389B840130910006FF01F9B938607FECC
:10DDC00013060002B3D6D800638AC7001306000406
:10DDD000B307F640B397F800336FFF00B339E001A3
:10DDE000B3E9D9006FF05FB61316350093593600CA
:10DDF0006FF05FEB131636001356360013840600DF
:10DE0000138708006FF01FD4131636001356360020
:10DE1000138708006FF01FD3138507FE1306000257
:10DE20003355A700638AC70013060004B307F64002
:10DE3000B317F700B3E5F5003336B0003366A6003C
:10DE40006FF0DFA8E38206FC33EFE801E3160FD0A2
:10DE50006FF0DFCEE30808DC131836009397D80183
:10DE60001358380013D738003368F8003377D701D8
:10DE7000138E0600930700006FF0DF9B93071000DE
:10DE80006FF0DFC2B305BF40B388E8403337BF004F
:10DE900093840500B389E840138406001309100039
:10DEA0006FF09F8C13163600135636001387080048
:10DEB0006FF05FCC131636009359360013870800B5
:10DEC0006FF05FDE938607FE13060002B356D7009D
:10DED000638AC70013060004B307F640B317F700C0
:10DEE000B3E5F500B339B000B3E9D9006FF05FC313
:10DEF00013D6340093070900138709006FF09FC7FA
:10DF000093060002B386F640130600006FF05F8BA5
:10DF100033E8C900E30808D093D939001307060095
:10DF20006FF05FD8130E00009307F07F37070800EB
:10DF30006FF05F909317D7011357370033E807014D
:10DF40003377D701930700006FF0DF8E1318D701E6
:10DF500093D535003368B800135737001384060093
:10DF60006FF09FC2130101FD232E310193D94501AA
:10DF7000232481022322910223202103232C410107
:10DF8000232671019394C50023261102232A5101EF
:10DF9000232861012324810193F9F97F13040500EB
:10DFA000930B06001389060093D4C40013DAF5011D
:10DFB000638A09189307F07F6388F9089394340003
:10DFC0009357D501B3E7970037078000B3EAE7001E
:10DFD000131B3500938919C093040000130C000033
:10DFE000935749011314C90093F7F77F1354C400E2
:10DFF0001359F901638207081307F07F638AE71852
:10E000001314340013D7DB0133678700938717C0DD
:10E01000370480003364870093983B00B389F9404C
:10E02000130600001307F000B3462A016364972427
:10E03000B72701809394240093874734B384F40076
:10E0400003A7040067000700B3EAA400639E0A1C4C
:10E05000935749011314C90093F7F77F130B00007E
:10E06000930480009309F07F130C20001354C40024
:10E070001359F901E39207F8B36874016382081C2D
:10E08000630A044A13050400EF10D07093070500DB
:10E09000930655FF1307D001938887FF3307D740B6
:10E0A0003314140133D7EB0033648700B3981B019A
:10E0B000B38737019389373F130600006FF09FF64F
:10E0C0003307F74013068003635AE64E93070000B8
:10E0D00013060000130700008320C10203248102FD
:10E0E00093974701B3E7C7009396F601B3E7D700CC
:10E0F00083244102032901028329C101032A8101EA
:10E10000832A4101032B0101832BC100032C8100D1
:10E1100013050700938507001301010367800000C2
:10E120009307F07F13060000130700006FF0DFFA7B
:10E13000930600009307F07F3706080013070000DE
:10E140006FF09FF9B3EAA400638C0A10638804405F
:10E1500013850400EF10106413070500930655FFA4
:10E160009307D001130B87FFB387D740B3946401A3
:10E17000B357F400B3EA9700331B64019309D0C08E
:10E18000B389E94093040000130C00006FF05FE5D1
:10E19000B368740193891980639C080A93E424008E
:10E1A00013040000130620006FF0DFE713090A00D4
:10E1B00013840A0093080B00930720006308FC4EA9
:10E1C00093073000E306FCF693071000930609005E
:10E1D000E30EFCEE9387F93F6356F02A13F77800BD
:10E1E0006316074A13177400635A0700B70700FF46
:10E1F0009387F7FF3374F400938709401307E07F98
:10E20000E340F7F293D838001317D40113169400A3
:10E21000336717011356C60093F7F77F6FF0DFEBF4
:10E22000130C06006FF05FF9938A0400130B0500CE
:10E230009304C0009309F07F130C30006FF05FDA95
:10E2400093E4140013040000130610006FF09FDD28
:10E2500093E4340093880B00130630006FF09FDCCA
:10E26000130B00009304400093090000130C1000EE
:10E270006FF01FD76364542B63808A2A13030B004B
:10E280009389F9FF93870A00130B0000131784008A
:10E290001355070133D4A70213D688013366E6006D
:10E2A00013180601135808019395880013570301AA
:10E2B000B3F7A702B308880293970701B367F70083
:10E2C00063FA1701B307F6001307F4FF63F0C72ED4
:10E2D00013040700B3871741B3D8A702131703012C
:10E2E00013570701B3F7A702B30F1803939707015A
:10E2F0003367F700637AF7013307E6009387F8FF87
:10E30000637EC7289388070013140401B702010035
:10E31000336414011383F2FFB3786400935E040145
:10E3200013DE050133F36500330F13033307F741A1
:10E33000B3081E0393570F01B38F6E02B388F80121
:10E34000B3871701B38ECE0363F4F701B38E5E007B
:10E35000B70F0100938FFFFF93D80701B3F7F701C1
:10E3600093970701337FFF01B388D801B387E70193
:10E37000636E1717630A1717B307FB40330717417C
:10E38000333BFB00330767416300E62EB358A70217
:10E3900093DE07013377A702330F18031317070122
:10E3A00033E7EE00637EE7013307E600938EF8FF64
:10E3B000636AC72E6378E72F9388E8FF3307C700A7
:10E3C0003307E741B35EA7029397070193D707018D
:10E3D0003377A7023308D80313170701B3E7E70021
:10E3E00063FE0701B307F6001387FEFF63E8C72A41
:10E3F00063F6072B938EEEFFB387C700939808014F
:10E40000B3E8D8011395080113DF0801135505017E
:10E41000B30E6502B38707413305AE0213D70E0171
:10E4200033036F02330565003307A700330EEE0395
:10E430006376670037050100330EAE003708010030
:10E440001308F8FF13550701337707011317070166
:10E45000B3FE0E013305C5013307D70163F2A712DE
:10E46000B307F6001383F8FF1388070063E4C71CA3
:10E4700063E8A7246386A7269308030093E818009F
:10E480006FF05FD513071000E39C07C29389E94141
:10E49000B3973801B337F000B3193401B3E737014C
:10E4A000B3D8E800B3E8F80093F778003354E400F9
:10E4B0006380070293F7F80013074000638AE700C0
:10E4C00093874800B3B817013304140193880700F9
:10E4D0009315840093071000130600001307000033
:10E4E000E3CC05BE6F004013E378FBE8B30EBB003E
:10E4F00033BF6E01B30FCF003307F701138B0E004C
:10E50000930FF4FF6374E60863621715638EE812D5
:10E5100013840F006FF05FE6E3621BD713571B00F5
:10E520001393FA0193D71A003363E300131BFB0123
:10E530006FF0DFD513850B00EF10D0259306550142
:10E540001307C00193070502E356D7B4130585FFEF
:10E55000930800003394AB006FF09FB5EF10902349
:10E56000930655019307C00113070502E3DAD7BEEE
:10E57000930785FFB31AF400130B00006FF01FC060
:10E58000E39EA7EEE30807C46FF09FEDE312E6F801
:10E59000E30C0FF613840F006FF01FDEE374F7D760
:10E5A0009388E8FF3307C7006FF01FD6E3F217D355
:10E5B0001304E4FFB387C7006FF0DFD11306F00147
:10E5C000E356E6EC130610FEB307F640130600020E
:10E5D000B357F4006308C7009389E943B3193401C2
:10E5E000B3E83801B3381001B3E8F80013F7780046
:10E5F000130600006308070293F7F80013074000B2
:10E6000013040000638AE70093874800B3B817013A
:10E610003334100193880700131694001317D401A4
:10E620001356C60093D8380033E7E800930700007C
:10E630006FF09FAA93080300E312A8E4E30CB7B8B5
:10E6400093E818006FF01FB9E3F4FEECB38ED50128
:10E6500033BFBE00330FCF001304E4FF138B0E0053
:10E660003307E7016FF05FD1130720C09387F93FAD
:10E670009308F0FFE3C8E9E013874800B3381701B7
:10E6800033041401930807006FF0DFB513F7F800A7
:10E6900013064000E308C7B46FF01FFE930E070097
:10E6A0006FF0DFD593880E006FF09FD193060900BD
:10E6B0009307F07F13060000130700006FF0DFA13F
:10E6C000139315003338B3003308C80033880701AB
:10E6D0009388E8FF93050300E302A8F66FF01FDAC2
:10E6E000E3E0E5FE93080300E31CB7F46FF09FAE90
:10E6F00013D74501B70710009387F7FF13D84601DA
:10E700001377F77F1303F07F33FEB70093080500FC
:10E71000B3F7D70093D5F5011378F87F93D6F601B8
:10E7200013051000630C6700630868006314070199
:10E730006306FE026780000067800000E31CE8FEBD
:10E74000B367FE00B3E7C700B3E71701E39407FE22
:10E75000B385D5403335B00067800000E39CC8FC2A
:10E76000638AD500E31807FC336E1E013335C00100
:10E7700067800000130500006780000093D8450102
:10E78000B70710009387F7FF13D7460193F8F87F78
:10E79000130EF07F33F3B70013080500930E050046
:10E7A000B3F7D70093D5F501130F06001375F77F64
:10E7B00093D6F6016388C8056304C503639A080607
:10E7C000336803016310050633E6C700630C0608CF
:10E7D0006312080A130510006382060867800000B0
:10E7E00033E6C70063140608639608003363030129
:10E7F000E30203FE6380D50663920506130510004D
:10E80000678000003363030163120306E31615FFFC
:10E81000B3E7C700639C0704E390D5FE130500002F
:10E8200067800000E30808FAE398D5FC6F008002D7
:10E83000E30405FCE392D5FCE34015FD63CCA8009E
:10E84000E3EC67FA6318F300E368DFFB13050000ED
:10E85000E3F6EEF913051000E39205F81305F0FF57
:10E8600067800000E31A08F8678000001305E0FFE6
:10E8700067800000E386D5FC6FF01FF893D8450150
:10E88000B70710009387F7FF13D7460193F8F87F77
:10E890001303F07F33FEB70013080500930E050045
:10E8A000B3F7D70093D5F501130F06001375F77F63
:10E8B00093D6F601638A68046304650263980806C8
:10E8C00033680E01631E050833E6C7006304060AB9
:10E8D0006316080A130510006380060867800000AD
:10E8E00033E6C70013052000E31A06FE639608000E
:10E8F000336E0E01E3000EFE638CD504639E0504A7
:10E900001305100067800000336E0E0163100E06C1
:10E91000E31615FFB3E7C70013052000E39007FCDB
:10E92000E39ED5FC1305000067800000E30805FCAA
:10E93000E396D5FCE34415FD63CCA800E3E0C7FDF6
:10E940006318FE00E36CDFFB13050000E3F8EEF94B
:10E9500013051000E39405F81305F0FF678000002D
:10E96000E30A08F6E39CD5F86FF09FFE130520003C
:10E9700067800000E31408F867800000E380D5FC9E
:10E980006FF0DFF7130101FD93D7450123248102C6
:10E990002322910223202103232E3101232A510116
:10E9A0009394C50023261102232C410123286101E1
:10E9B000232671012324810193F7F77F13040500B7
:10E9C000930A06009389060093D4C40013D9F50175
:10E9D000638407421307F07F6386E70A9396340047
:10E9E0001357D5013367D700B7068000B364D7004B
:10E9F000131A3500138C17C0130B0000930B000083
:10EA000093D749011397C90093F7F77F138F0A0033
:10EA10001354C70093D9F9016380070A1307F07FE5
:10EA2000638EE7141317340093D5DA01B3E5E500DC
:10EA3000938717C03707800033E4E500139F3A003F
:10EA4000B3888701130300001307A0001385180083
:10EA5000634C670BB3453901930720001388050009
:10EA600063C66715130BFBFF13071000636067177E
:10EA7000630AF33C93040400130A0F00930B030092
:10EA80006F00C00933EAA40063180A3C93D7490118
:10EA90001397C90093F7F77F93040000130B8000CE
:10EAA000130CF07F930B2000138F0A001354C70040
:10EAB00093D9F901E39407F6B36754016382073CE5
:10EAC0006300044A13050400EF10C04C93080500CE
:10EAD000130755FF9307D001138F88FFB387E740D3
:10EAE000B3D7FA003317E40133E4E700339FEA01B8
:10EAF000B3081C419388D8C01307A000130300007B
:10EB000013851800E35867F5930509009307200063
:10EB1000638AFB3293073000638CFB489307100035
:10EB200013880500639AFB469307000093060000D4
:10EB3000130700008320C102032481029397470139
:10EB4000B3E7D7009316F801B3E7D7008324410257
:10EB5000032901028329C101032A8101832A41017A
:10EB6000032B0101832BC100032C81001305070037
:10EB70009385070013010103678000003367540188
:10EB80009308FC7F630A07303717000033483901C8
:10EB900013070780136B3B009306A0009305080042
:10EBA0003305EC0063C06639130330001306100010
:10EBB0003316660113770653E31A07F49377062496
:10EBC0006394073C137686086312062EB70F010084
:10EBD000938EFFFFB377DA0193560A01B37EDF010C
:10EBE000135E0F013387D7033383D6039355070191
:10EBF0003306FE0233066600B385C500338FC603B5
:10EC000063F46500330FFF01B70301001386F3FFC0
:10EC100033F3C500935F04013377C7003374C40036
:10EC200013130301B38287023303E30093D5050175
:10EC30003387860213D60201B387FF02B387E7004A
:10EC40003306F600B387F6036374E600B3877700F4
:10EC5000370901009309F9FF3377360193D3040193
:10EC6000B3F63401B3F2320113170701B384DE02A5
:10EC700033075700135606013306F600B385E50047
:10EC8000B302DE0293D70401B38ED303B382D20161
:10EC9000B3875700330E7E0263F4D701330E2E0183
:10ECA000B7090100938EF9FFB3F2D70193D707019B
:10ECB000B387C701B3FED401939202013309D40292
:10ECC000B382D20133848302135E0901B386DF026B
:10ECD000B3868600330EDE00B38E7F0263748E002F
:10ECE000B38E3E01B70F0100938FFFFFB376FE0195
:10ECF000939606013379F901B385E501B3862601C0
:10ED00003386C60033B7E5003307E600338F55007E
:10ED1000B307F700B335BF00B385B700B336D600ED
:10ED20003336C700B3E6C60033B7E700135E0E0103
:10ED3000B3B7F500B386C6013367F70093179F009A
:10ED40003307D700B3E767003307D701B337F000C5
:10ED500013567F011317970093D67501B3E7C700C9
:10ED60009395950033EAB70093177700B364D70003
:10ED700063D0070213571A0093771A009396F40191
:10ED8000B367F70033EAD70093D414009308050063
:10ED90001386F83F6356C01293777A0063800702A8
:10EDA0009377FA0013074000638AE70013074A00CD
:10EDB000B3374701B384F400130A07009397740034
:10EDC00063DA0700B70700FF9387F7FFB3F4F40097
:10EDD000138608409307E07F63C4C71C93573A002B
:10EDE0001397D401939694003367F70093D6C60027
:10EDF0009377F67F6FF01FD433EAA40063080A0606
:10EE0000638E041213850400EF10C018130605006A
:10EE1000930655FF1307D001930786FF3307D740AA
:10EE20003357E400B396F400B364D700331AF40008
:10EE30009307D0C0338CC740130B0000930B000026
:10EE40006FF01FBC138805009307F07F9306000046
:10EE5000130700006FF01FCE130A0500130BC0004C
:10EE6000130CF07F930B30006FF09FB993040000F8
:10EE7000130B4000130C0000930B10006FF05FB8F1
:10EE8000136B1B0093080C0013040000130F000009
:10EE9000130310006FF05FBB136B2B001304000013
:10EEA000130F0000130320006FF01FBA9304040037
:10EEB000130A0F00930B0300938509006FF01FC521
:10EEC00013071000631006109388E84133161A01E7
:10EED0003336C000B3981401B357EA003366160105
:10EEE0003366F60093777600B3D5E40063800702BB
:10EEF0009377F60013074000638AE7009307460004
:10EF000033B6C700B385C500138607001395850087
:10EF1000930710009306000013070000E34C05C0A0
:10EF20006F00C0101307F0006310EB12130800000D
:10EF3000B7060800130700006FF0DFBFEF10800571
:10EF4000930655019307C00113060502E3D4D7ECDD
:10EF5000130585FF130A0000B314A4006FF05FEDE2
:10EF600013850A00EF100003130755019307C00132
:10EF700093080502E3D0E7B6130585FF130F0000E1
:10EF80003394AA006FF0DFB6130800009307F07FF8
:10EF9000B70608006FF01FBA930805006FF05FDF37
:10EFA0009307F07F93060000130700006FF09FB8EF
:10EFB000130800009307F07FB7060800130700004E
:10EFC0006FF05FB73307C74093078003E3CEE7B422
:10EFD0009307F001E3DAE7EE930710FEB387C7402B
:10EFE00093060002B3D7F4006308D7009388E84380
:10EFF000B3981401336A1A01333640013366F600C0
:10F000001377760093060000630807029377F600F3
:10F010001307400093050000638AE700930746004A
:10F0200033B6C700B335C00013860700939695002A
:10F030001397D50193D6C600135636003367E60002
:10F04000930700006FF01FAF93040400138A0A00B7
:10F05000930B3000938509006FF05FABB70710008A
:10F060009387F7FF130101FEB3F8B70033F8D70019
:10F0700093D7460193983800232C81002326310131
:10F0800013D4F50193D945011357D501131838004E
:10F090009355D601232E1100232A91002328210104
:10F0A00013FFF77F1303F07F3367170193F9F97F9D
:10F0B000130E04009318350093D6F601B3E505014D
:10F0C000931E3600630C6F2093C61600B387E94188
:10F0D0006302D416E35AF000630A0F246384693C88
:10F0E000930680031305100063CEF602B706800076
:10F0F000B3E5D5009306F00163C4F64E9306000213
:10F10000B386F6403395D50033D6FE00B396DE00C5
:10F110003365C500B336D000B3D7F5003365D500ED
:10F120003307F7403385A84033B6A80093040500A1
:10F130003309C7409317890063D80734B7078000A5
:10F140009387F7FF3379F9006306092E1305090049
:10F15000EF005064930785FF930600023387F64063
:10F1600033D7E4003319F90033672701B394F4006F
:10F1700063C4373FB387374193871700B386F640A0
:10F180003396D40033D9F4003336C0003366C90057
:10F19000B316D700B3E4C6003359F7009309000053
:10F1A00093F774006380070293F7F400130740009D
:10F1B000638AE7009387440033B597003309A900B9
:10F1C000938407009317890063D0076C9387190015
:10F1D0001307F07F6386E724370780FF1307F7FFE5
:10F1E0003377E90093F7F77F1318D70113D534006D
:10F1F000131797003368A8001357C700137E140035
:10F200008320C1010324810193974701B3E7E700FD
:10F210001317FE01B3E7E70083244101032901012D
:10F220008329C1001305080093850700130101021B
:10F23000678000006352F07063160F1CB3E6D501BF
:10F24000638E06269386F7FF63880646638C6724E1
:10F25000930780031309100063CCD702938706003D
:10F260009306F00163CAF64893060002B386F6409F
:10F270003399D50033D6FE00B396DE003369C9005A
:10F28000B336D000B3D7F5003369D9003307F700A0
:10F290003306190133392601930406003309E900C6
:10F2A0009317890063D2071E938919009307F07F93
:10F2B0006388F916B70780FF9387F7FF13F51400EB
:10F2C000B377F90013D714003367A7001395F7013C
:10F2D000B364E50013D917006FF09FEC33E8D50154
:10F2E0001383198063080806630AD4066304030EB7
:10F2F000638E092613153600135535001384060056
:10F30000138705001318D7013368A8001357370077
:10F310003367070163060710130E00009307F07FA1
:10F3200037070800130800006FF09FEDB3E6D50122
:10F33000638606189386F7FF6382063A638467162E
:10F340009307800313051000E3CED7DC93870600F4
:10F350006FF05FDA93C61600E31AD4F86308031857
:10F360006390092C9307F07FB36617016388064802
:10F370009386F7FF638206341305F07F6382A72A22
:10F38000930780031309100063CAD7029307F001A3
:10F3900063C6D74C93070002B387D7403319F700F1
:10F3A00033D6D800B397F8003369C900B337F000FB
:10F3B000B356D7003369F900B385D5003307D901B7
:10F3C00033392701930407003309B90093090F006B
:10F3D0006FF01FED9387190093F7E77F639407148D
:10F3E00033E8D501B36717016394092A638E0738A0
:10F3F0006310083C131535001359350093070000BE
:10F400006F0040116380690A93068003130910009E
:10F41000E3C0F6E8B7068000B3E5D5006FF05FE41F
:10F42000137E14009307F07F1307000013080000F9
:10F430006FF01FDD13850400EF00D03593078501C1
:10F440009306F001E3DAF6D0130785FF3397E40063
:10F4500063CE371BB38937419387190063DEF642C9
:10F46000938919FE93060002B3543701638CD700C9
:10F4700093060004B387F6403317F7003337E000F4
:10F48000B3E4E4009309000093F77400E39E07D00F
:10F490009387090013D53400130709006F00800219
:10F4A000E31C08E6131535001318D7011355350072
:10F4B0003368A800135737006FF09FE51315350028
:10F4C000135535001318D7019306F07F3368A80051
:10F4D00013573700E38ED7E21317C7001357C7003F
:10F4E00093F7F77F137E14006FF09FD19386190076
:10F4F00093F7E67F639E0712B3671701639A0924A7
:10F5000063860730B3E7D501639A073013153500DA
:10F51000135935001318D7013368280113573700E2
:10F520006FF09FFB3388D841B3B708013309B74068
:10F530003309F940931789009304080063C2071246
:10F5400033682801E31208C0130E0000930700007F
:10F55000130700006FF0DFCA370980FF1309F9FFB6
:10F56000B389F940337927016FF09FC39307F07F88
:10F5700033651701630405101388F7FF6302081E43
:10F580001305F07FE388A7D6930780031384060052
:10F590001305100063CA07039307F00163C407193A
:10F5A00093070002B38707413315F700B3D608016C
:10F5B000B397F8003365D500B337F000335807012F
:10F5C0003365F500B38505413385AE4033B7AE00F2
:10F5D000930405003389E54093090F006FF09FB550
:10F5E000938607FE13060002B3D6D500638AC700D0
:10F5F00013060004B307F640B397F500B3EEFE0020
:10F600003335D0013365D5006FF0DFB1B70680FF29
:10F610009386F6FFB387F9403377D7006FF09FEFFB
:10F620001315360013553500138705006FF09FCD75
:10F630009307F07FE386F6DEB38ED80133B61E0162
:10F64000B307B700B387C7001395F70193DE1E0019
:10F65000B364D50113D91700938906006FF05FB426
:10F6600033861E41B387E54033B7CE0093040600CE
:10F670003389E740138406006FF01FAD1316360080
:10F680001355360013840600138705006FF09FE3BF
:10F69000E39807E06306082213D7350013163600F7
:10F6A0009395D5013367B700135636003367C7000B
:10F6B000138406006FF01FC6B38ED801B305B700E0
:10F6C00033B61E013389C5009317890093840E0059
:10F6D00063D8070A930920006FF0DFBDB38ED841CD
:10F6E000B305B74033B6D80193840E003389C540C3
:10F6F000930910006FF01FA4938607FE1306000203
:10F70000B3D6D500638AC70013060004B307F640DA
:10F71000B397F500B3EEFE003339D0013369D90059
:10F720006FF01FB7930708FE93060002B357F70068
:10F73000630AD80093060004B38606413317D70046
:10F74000B3E8E800333510013365F5006FF0DFE70B
:10F75000E38807ECB3EED501E3900EBC6FF09FD4C5
:10F7600033861E41B385E54033B7CE0093040600CF
:10F770003389E54013840600930910006FF09F9BC6
:10F78000930710006FF01FD1E30008DC131636005A
:10F79000935736001398D501139795003368F800F6
:10F7A0001357C700138E0600930700006FF05FA584
:10F7B0003389D841B3B728013306B7403306F64042
:10F7C0009317860063D2070E33861E413387E540C8
:10F7D000B3BECE003307D7419317870093040600CA
:10F7E00063DE0712B70780FF9387F7FF3377F700D1
:10F7F00013840600930710006FF01F9F1316360046
:10F8000013553600138705006FF0DFCB1316360053
:10F8100013593600138705006FF0DFCFB386D80188
:10F82000B307B70033B61601B387C7001397870035
:10F8300013D83600635E0708370780FF1307F7FF0A
:10F84000B3F7E7001397D701939797003368070141
:10F8500013D7C700930710006FF09F9A938706FE97
:10F8600013060002B357F700638AC60013060004AC
:10F87000B306D6403317D700B3E8E8003339100198
:10F880003369F9006FF09FB313D5340093870900F3
:10F89000130709006FF01FC393060002B386F640FA
:10F8A000130600006FF09F8E3368C900E30E08C88E
:10F8B0001359390093070000130706006FF09FC526
:10F8C000130E00009307F07F370708006FF05F9377
:10F8D0001397D701939797003368070113D7C70091
:10F8E000930700006FF0DF91E38607AE33083F41D6
:10F8F00093070800E38E09C69307800363CA0701D4
:10F90000B70780003367F700138406006FF0DFC885
:10F9100013840600130510006FF01FCB1318D701D6
:10F92000135636003368C80013573700930700009A
:10F93000138406006FF05FBAE38A07BAB3063F414B
:10F9400063960900938706006FF01FA29307800358
:10F9500013091000E3C4D7A6B70780003367F70088
:10F960006FF0DFA213D74501B70710009387F7FFA9
:10F970001347F7FF13D84601B3F5B700B3F7D70025
:10F98000931657011378F87F638006021307F07F00
:10F99000130500006304E80067800000B3E7C700B8
:10F9A0003335F00067800000B3E5A50013051000B3
:10F9B000E38E05FC6780000093D74501B706100071
:10F9C0001387F6FF93F7F77F1306E03F3377B7000F
:10F9D00093D5F501635EF6001306D041635EF60031
:10F9E000370500801305F5FF3385A500678000000B
:10F9F0001305000067800000130630433306F6400D
:10FA00001308F0013367D7006350C80293063041F2
:10FA1000B387F6403357F7003305E040E39C05FC1D
:10FA200013050700678000009387D7BE3317F700E0
:10FA30003355C5003367A7006FF01FFE130101FFA8
:10FA4000232611002324810023229100630A050448
:10FA50001357F541B344A700B384E440930705006E
:10FA60001385040013D4F701EF00C0529307E0415F
:10FA7000B387A7401307A00093F7F77F6340A7065B
:10FA80001307B0003307A74033D7E400130555012F
:10FA90001317C700B394A4001357C7006F004001A9
:10FAA00013040000930700001307000093040000F4
:10FAB000939747011314F401B3E7E7008320C100D3
:10FAC000B3E78700032481001385040093850700B2
:10FAD000832441001301010167800000130555FFD5
:10FAE0003397A4001317C7001357C70093040000EF
:10FAF0006FF01FFC130101FF232481002326110056
:10FB000013040500630C0504EF00C0489307E041AF
:10FB1000B387A7401307A00093F7F77F6344A706B6
:10FB20001307B0003307A740130555013357E4000E
:10FB30003314A4008320C100130504001317C70069
:10FB4000032481001357C70093974701B3E7E700E9
:10FB50009385070013010101678000008320C10025
:10FB6000130504009307000003248100130700001D
:10FB700093974701B3E7E70093850700130101015D
:10FB800067800000130555FF3317A400130400001D
:10FB90008320C100130504001317C700032481004C
:10FBA0001357C70093974701B3E7E7009385070012
:10FBB00013010101678000008325C50083278500AC
:10FBC000032805008326450013960501130101FE55
:10FBD00013971500135606012324F1002326B100C4
:10FBE000232CF100232001012322D100232801012D
:10FBF000232AD100232EC1001357170193D5F501F5
:10FC0000930801019307C1011315360003A6C7FF2E
:10FC10009387C7FF9356D601B3E6A60023A2D70069
:10FC2000E394F8FE93061700131838001396160194
:10FC3000232801011356260163020604B7C6FFFFFD
:10FC4000938606403307D7009306E07F63D4E6101F
:10FC50009307F07F13060000930600009397470177
:10FC60009395F501B3E7C700B3E7B7001385060026
:10FC700093850700130101026780000003264101FC
:10FC8000832881010325C101B3661601B3E6A600EE
:10FC9000B3E606016314070463820614930650005A
:10FCA0001306000093D736009316D601B3E6F6008C
:10FCB000131696009377F77F1356C6009397470164
:10FCC0009395F501B3E7C700B3E7B70013850600C6
:10FCD0009385070013010102678000006384061208
:10FCE00093D7C80113154500B3E7A700B7068000F6
:10FCF000B3F6D7006382061C370780FF9356C60110
:10FD0000939848001307F7FF33F6E700B3E61601B0
:10FD1000B70740003366F60093F686FF93070000AE
:10FD200013D736009316D601131696001356C60045
:10FD3000939747019395F501B3E7C700B3E6E60053
:10FD4000B3E7B7001385060093850700130101028E
:10FD500067800000635CE00C83274101032581017B
:10FD60000326C10193964700B3E6060193D7C70166
:10FD700013184500131646001355C501B336D000BD
:10FD8000B3E707013366A600B3E6F60093F7760003
:10FD90006380070293F7F60013054000638AA7000B
:10FDA00093874600B3B6D7003306D6009386070084
:10FDB000B7078000B377F600E38607EE1307170056
:10FDC0009307F07FE306F7E8B70780FF9387F7FF15
:10FDD0003376F6009377F77F6FF09FF49307000078
:10FDE00013060000939747019395F501B3E7C70009
:10FDF000B3E7B700138506009385070013010102DE
:10FE0000678000009307F07F130600009397470177
:10FE10009395F501B3E7C700B3E7B7001385060074
:10FE20009385070013010102678000009306C0FC60
:10FE3000634CD7089306D003B386E6400327C1017D
:10FE400013DE5640B70E0800B3EEEE0013152E0079
:10FE5000232ED10193F6F6013388A80013860800FB
:10FE600013070000032306001306460033676700EC
:10FE7000E31AC8FE130630003306C641639A06042F
:10FE800003280800938616009387470023AE07FFD8
:10FE9000634ED6003388A700032808009386160017
:10FEA0009387470023AE07FFE356D6FE9307400033
:10FEB000B387C7416F004008930500009307F07FA8
:10FEC000370608006FF09FD9130700006FF01FDDA1
:10FED0001308050233082800032808FF130F000247
:10FEE000330FDF403318E80133670701630E06085C
:10FEF00013182600B30FF8003386A8000325060068
:10FF000003234600938747003355D5003313E3019D
:10FF10003365650023AEA7FE13064600E390FFFE9F
:10FF200093074000B387C741130608023306260033
:10FF3000B3DEDE002328D6FF93064000B386F640EA
:10FF4000939626009397270013068000B388F80045
:10FF500063EAC60023A0080023A20800938686FF58
:10FF6000938888009307400063E4F60023A008000C
:10FF7000832701013337E00003264101B366F70010
:10FF8000130700006FF09FE09307100013080000B4
:10FF90006FF09FF9B7070100637AF5021337051078
:10FFA0001337170013173700B72701803355E500C3
:10FFB000938787BEB387A70003C507009306000297
:10FFC000B386E6403385A64067800000B70700018E
:10FFD0006374F50213070001B72701803355E5006C
:10FFE000938787BEB387A70003C507009306000168
:10FFF0003385A6406780000013078001B727018082
:02000004800179
:100000003355E500938787BEB387A70003C5070074
:0C001000930680003385A6406780000046
:10002000696C6C6567616C20696E7374727563745A
:10003000696F6E20657863657074696F6E206861A2
:100040006E646C657220656E74657265640A006525
:1000500063616C6C20657863657074696F6E20688D
:10006000616E646C657220656E74657265640A0009
:1000700065627265616B20657863657074696F6E27
:100080002068616E646C657220656E74657265646B
:100090000A00756E6B6E6F776E206578636570749D
:1000A000696F6E2068616E646C657220656E746540
:1000B0007265640A006E6F20657863657074696F9D
:1000C0006E2068616E646C657220696E7374616C19
:1000D0006C65640A00000000556E696D706C656D9A
:1000E000656E7465642073797374656D2063616CEB
:1000F0006C2063616C6C6564210A00009809FFFF45
:100100009809FFFF1409FFFF1409FFFF1409FFFFFF
:100110001409FFFF1409FFFF1409FFFF9809FFFFEF
:100120008809FFFF1409FFFF1409FFFF1409FFFFEF
:100130001409FFFF8809FFFF8809FFFF600AFFFF1E
:100140001409FFFF1409FFFF1409FFFF1409FFFF43
:100150001409FFFF1409FFFF1409FFFF1409FFFF33
:100160001409FFFF1409FFFF1409FFFF1409FFFF23
:100170001409FFFF1409FFFF9809FFFF100AFFFF92
:100180001409FFFF1409FFFF1409FFFF1409FFFF03
:100190001409FFFF1409FFFF1409FFFF1409FFFFF3
:1001A0001409FFFF1409FFFF1409FFFF1409FFFFE3
:1001B000440AFFFF1409FFFF1409FFFF1409FFFFA2
:1001C0001409FFFF1409FFFF1409FFFF1409FFFFC3
:1001D0001409FFFF1409FFFF1409FFFF1409FFFFB3
:1001E0001409FFFF1409FFFF1409FFFF1409FFFFA3
:1001F0001409FFFF1409FFFF1409FFFF1409FFFF93
:100200001409FFFF1409FFFF1409FFFF1409FFFF82
:100210001409FFFF1409FFFF1409FFFF1409FFFF72
:100220001409FFFF1409FFFF1409FFFF1409FFFF62
:100230001409FFFF1409FFFF1409FFFF1409FFFF52
:10024000540AFFFF4008FFFFE408FFFFF008FFFF2C
:10025000CC07FFFFCC07FFFFCC07FFFFCC07FFFF5A
:10026000CC07FFFFCC07FFFF5008FFFFCC07FFFFC5
:10027000CC07FFFFCC07FFFFCC07FFFFC808FFFF3D
:100280005008FFFF46465420616C6C6F6320666126
:10029000696C6564000000004646542072756E6EFD
:1002A000696E672E2E2E00004646542066696E69E0
:1002B00073686564000000006B6973735F66667441
:1002C00020746F6F6B20257520696E73747275636F
:1002D00074696F6E7320616E642025752063796385
:1002E0006C65730A000000004641494C203A2066C4
:1002F000667420726573756C742076616C756573B5
:1003000020696E636F72726563740A596F7572202B
:100310006F75742076616C7565733A0A5265616C0D
:1003200009496D6167000000256C6409256C64094A
:10033000256C6409256C640A000000005355434392
:10034000455353203A2066667420726573756C7449
:100350002076616C75657320636F727265637400DB
:100360000000FF7FA22AC6791B4F946564689346FC
:100370001B73DF20206E31FFCF5AC9DFAC3CEEC7C4
:100380005B18C6B9ECF277B6F4D243BD77B96BCC43
:1003900028A933E102A404FACFAA1C133BBD4729C4
:1003A00079D9023A4CF80143B8195E435838253BD5
:1003B000B6504A2BAC6070159166EEFCAE6190E3CE
:1003C0005B5234CE053AD4BF1D1B8EB950FFE6BB3D
:1003D00034E537C600D10DD7BCC36CECF4BD810445
:1003E000B9BF211CA2C80B31E8D7EC4011ECAB49D6
:1003F000EB02C04AED185D44BC29FE362935ED23D9
:100400004D3A8B0CFD38B3F36431E5DB4B2450C718
:10041000031272B884FFF9B0BBECACB176DD2DBA33
:100420005CD344C989CE48DDC8CEF6F2E8D365086E
:10043000B3DDC61B07EC222B39FD4D35830FF43994
:1004400051205939472DE3335936652AA23ADD1D2B
:10045000B139CB0F6C33F7005B2869F29E1914E5B4
:10046000310884D975F653D0F3E5ABCA26D884C8D1
:100470000000FF7FA22AC6791B4F946564689346EB
:100480001B73DF20206E31FFCF5AC9DFAC3CEEC7B3
:100490005B18C6B9ECF277B6F4D243BD77B96BCC32
:1004A00028A933E102A404FACFAA1C133BBD4729B3
:1004B00079D9023A4CF80143B8195E435838253BC4
:1004C000B6504A2BAC6070159166EEFCAE6190E3BD
:1004D0005B5234CE053AD4BF1D1B8EB950FFE6BB2C
:1004E00034E537C600D10DD7BCC36CECF4BD810434
:1004F000B9BF211CA2C80B31E8D7EC4011ECAB49C5
:10050000EB02C04AED185D44BC29FE362935ED23C7
:100510004D3A8B0CFD38B3F36431E5DB4B2450C707
:10052000031272B884FFF9B0BBECACB176DD2DBA22
:100530005CD344C989CE48DDC8CEF6F2E8D365085D
:10054000B3DDC61B07EC222B39FD4D35830FF43983
:1005500051205939472DE3335936652AA23ADD1D1A
:10056000B139CB0F6C33F7005B2869F29E1914E5A3
:10057000310884D975F653D0F3E5ABCA26D884C8C0
:100580000000FF7FA22AC6791B4F946564689346DA
:100590001B73DF20206E31FFCF5AC9DFAC3CEEC7A2
:1005A0005B18C6B9ECF277B6F4D243BD77B96BCC21
:1005B00028A933E102A404FACFAA1C133BBD4729A2
:1005C00079D9023A4CF80143B8195E435838253BB3
:1005D000B6504A2BAC6070159166EEFCAE6190E3AC
:1005E0005B5234CE053AD4BF1D1B8EB950FFE6BB1B
:1005F00034E537C600D10DD7BCC36CECF4BD810423
:10060000B9BF211CA2C80B31E8D7EC4011ECAB49B3
:10061000EB02C04AED185D44BC29FE362935ED23B6
:100620004D3A8B0CFD38B3F36431E5DB4B2450C7F6
:10063000031272B884FFF9B0BBECACB176DD2DBA11
:100640005CD344C989CE48DDC8CEF6F2E8D365084C
:10065000B3DDC61B07EC222B39FD4D35830FF43972
:1006600051205939472DE3335936652AA23ADD1D09
:10067000B139CB0F6C33F7005B2869F29E1914E592
:10068000310884D975F653D0F3E5ABCA26D884C8AF
:100690000000FF7FA22AC6791B4F946564689346C9
:1006A0001B73DF20206E31FFCF5AC9DFAC3CEEC791
:1006B0005B18C6B9ECF277B6F4D243BD77B96BCC10
:1006C00028A933E102A404FACFAA1C133BBD472991
:1006D00079D9023A4CF80143B8195E435838253BA2
:1006E000B6504A2BAC6070159166EEFCAE6190E39B
:1006F0005B5234CE053AD4BF1D1B8EB950FFE6BB0A
:1007000034E537C600D10DD7BCC36CECF4BD810411
:10071000B9BF211CA2C80B31E8D7EC4011ECAB49A2
:10072000EB02C04AED185D44BC29FE362935ED23A5
:100730004D3A8B0CFD38B3F36431E5DB4B2450C7E5
:10074000031272B884FFF9B0BBECACB176DD2DBA00
:100750005CD344C989CE48DDC8CEF6F2E8D365083B
:10076000B3DDC61B07EC222B39FD4D35830FF43961
:1007700051205939472DE3335936652AA23ADD1DF8
:10078000B139CB0F6C33F7005B2869F29E1914E581
:10079000310884D975F653D0F3E5ABCA26D884C89E
:1007A0000000FF7FA22AC6791B4F946564689346B8
:1007B0001B73DF20206E31FFCF5AC9DFAC3CEEC780
:1007C0005B18C6B9ECF277B6F4D243BD77B96BCCFF
:1007D00028A933E102A404FACFAA1C133BBD472980
:1007E00079D9023A4CF80143B8195E435838253B91
:1007F000B6504A2BAC6070159166EEFCAE6190E38A
:100800005B5234CE053AD4BF1D1B8EB950FFE6BBF8
:1008100034E537C600D10DD7BCC36CECF4BD810400
:10082000B9BF211CA2C80B31E8D7EC4011ECAB4991
:10083000EB02C04AED185D44BC29FE362935ED2394
:100840004D3A8B0CFD38B3F36431E5DB4B2450C7D4
:10085000031272B884FFF9B0BBECACB176DD2DBAEF
:100860005CD344C989CE48DDC8CEF6F2E8D365082A
:10087000B3DDC61B07EC222B39FD4D35830FF43950
:1008800051205939472DE3335936652AA23ADD1DE7
:10089000B139CB0F6C33F7005B2869F29E1914E570
:1008A000310884D975F653D0F3E5ABCA26D884C88D
:1008B0000000FF7FA22AC6791B4F946564689346A7
:1008C0001B73DF20206E31FFCF5AC9DFAC3CEEC76F
:1008D0005B18C6B9ECF277B6F4D243BD77B96BCCEE
:1008E00028A933E102A404FACFAA1C133BBD47296F
:1008F00079D9023A4CF80143B8195E435838253B80
:10090000B6504A2BAC6070159166EEFCAE6190E378
:100910005B5234CE053AD4BF1D1B8EB950FFE6BBE7
:1009200034E537C600D10DD7BCC36CECF4BD8104EF
:10093000B9BF211CA2C80B31E8D7EC4011ECAB4980
:10094000EB02C04AED185D44BC29FE362935ED2383
:100950004D3A8B0CFD38B3F36431E5DB4B2450C7C3
:10096000031272B884FFF9B0BBECACB176DD2DBADE
:100970005CD344C989CE48DDC8CEF6F2E8D3650819
:10098000B3DDC61B07EC222B39FD4D35830FF4393F
:1009900051205939472DE3335936652AA23ADD1DD6
:1009A000B139CB0F6C33F7005B2869F29E1914E55F
:1009B000310884D975F653D0F3E5ABCA26D884C87C
:1009C0000000FF7FA22AC6791B4F94656468934696
:1009D0001B73DF20206E31FFCF5AC9DFAC3CEEC75E
:1009E0005B18C6B9ECF277B6F4D243BD77B96BCCDD
:1009F00028A933E102A404FACFAA1C133BBD47295E
:100A000079D9023A4CF80143B8195E435838253B6E
:100A1000B6504A2BAC6070159166EEFCAE6190E367
:100A20005B5234CE053AD4BF1D1B8EB950FFE6BBD6
:100A300034E537C600D10DD7BCC36CECF4BD8104DE
:100A4000B9BF211CA2C80B31E8D7EC4011ECAB496F
:100A5000EB02C04AED185D44BC29FE362935ED2372
:100A60004D3A8B0CFD38B3F36431E5DB4B2450C7B2
:100A7000031272B884FFF9B0BBECACB176DD2DBACD
:100A80005CD344C989CE48DDC8CEF6F2E8D3650808
:100A9000B3DDC61B07EC222B39FD4D35830FF4392E
:100AA00051205939472DE3335936652AA23ADD1DC5
:100AB000B139CB0F6C33F7005B2869F29E1914E54E
:100AC000310884D975F653D0F3E5ABCA26D884C86B
:100AD0000000FF7FA22AC6791B4F94656468934685
:100AE0001B73DF20206E31FFCF5AC9DFAC3CEEC74D
:100AF0005B18C6B9ECF277B6F4D243BD77B96BCCCC
:100B000028A933E102A404FACFAA1C133BBD47294C
:100B100079D9023A4CF80143B8195E435838253B5D
:100B2000B6504A2BAC6070159166EEFCAE6190E356
:100B30005B5234CE053AD4BF1D1B8EB950FFE6BBC5
:100B400034E537C600D10DD7BCC36CECF4BD8104CD
:100B5000B9BF211CA2C80B31E8D7EC4011ECAB495E
:100B6000A00AA002FDFF440004002F000C001100A9
:100B70001C00E6FF3900A2FF7E000AFFCA0142FC0A
:100B800082FD340509FFF4014FFF4F016DFF07019E
:100B90007FFFD70093FFB200D0FF83009509FCFDD3
:100BA00067FE9B0094FE620073FE2B001FFED6FFC3
:100BB00079FD45FFF2FBEFFD1DF5DCF7830FC90F53
:100BC000830409069E029204CE013A044B01670495
:100BD000D2003F0501000E0864F3B83C4303E8F976
:100BE00051021AFE1C0279FF2A0241007B02F50025
:100BF0006103FC015E07690557F44EF65BFDB5FD28
:100C0000A7FEEBFE20FF7CFF56FFE0FF5AFF4A00E5
:100C10000BFF0501D2F96A0887011FFEE40039FFC6
:100C2000C7009CFFD300DBFFFA00160068016800D4
:100C30001D0354011EF98BFC8CFE45FF3BFFAFFFEB
:100C40007AFFEAFF97FF1C009BFF5D0076FFE7003D
:100C500071FD7C05DA0036FE75003BFF65008AFFFA
:100C60006B00B7FF8100D8FFBA00FBFF8A0142008A
:100C70006AFBB8FE34FFC5FF9AFFF0FFC2FF0D000C
:100C8000D5FF2F00DEFF6100DCFFD20078FF1604E5
:100C900047002EFE2D0037FF2D0082FF3500A6FFF6
:100CA0004600BCFF6400CCFFCD00DAFFA3FCF3FFDD
:100CB00091FFF6FFD3FF0300EDFF1000FDFF2600BC
:100CC0000A0049002000990081009E02C8FF71FEC1
:100CD000F6FF59FF080094FF1200B1FF2100C0FF8A
:100CE0003400C7FF7000C1FF16FDDD00C2FF0E001B
:100CF000EDFF0C00FFFF15000E0025001F003E0059
:100D000041007C00EC00DC0162FF95FECDFF72FF2C
:100D1000E9FFA4FFF7FFBCFF0200C8FF0E00D0FFF1
:100D20002600CCFFD5FD6501EDFF0800020005009F
:100D30000F000C001C0016002D002800510055006B
:100D400003012C0121FFD8FEB9FF92FFD9FFBAFFA2
:100D5000E9FFCCFFF3FFD7FFFAFFE0FF0100E7FF59
:100D6000A1FE97010C00EFFF1300F6FF1B00FCFF34
:100D700027000300390010006000280017019700C9
:100D8000CDFE37FFA3FFB8FFCCFFD4FFDEFFE0FFAF
:100D9000E9FFE9FFEFFFF4FFF1FF040039FFB601BF
:100DA0001400D2FF1700E5FF1A00EEFF2600F5FF42
:100DB0003500FBFF5A000700F4003100AAFE96FF41
:100DC000A0FFDCFFCBFFE9FFDDFFF1FFE9FFFBFF49
:100DD000F0FF0300F3FF1C00CBFFB7010D00B4FFD1
:100DE0000E00D5FF1400E1FF1D00E6FF2C00E8FF18
:100DF0004B00ECFFC200EBFF9DFE0400A6FFFCFFD2
:100E0000D0FFFEFFE2FF0200EEFF0600F6FF120039
:100E1000020030003F009101F3FF99FF0200C9FF7B
:100E20000C00D7FF1100DDFF1F00DDFF3700DBFFE7
:100E30008D00C6FFAEFE5D00B7FF1000DDFF0700AE
:100E4000ECFF0800F9FF0C0003001700160031004A
:100E50009B003E01CFFF8BFFF0FFC6FFFCFFD3FFDF
:100E60000500D9FF1100DAFF2300D2FF5D00B1FFBA
:100E7000C7FEC500C9FF1E00E8FF1000F6FF0D0009
:100E800001000F001000170029002F00D800EE000D
:100E9000A2FF8DFFDAFFC8FFECFFD7FFF9FFDCFFF1
:100EA0000200DCFF0F00D5FF2F00B8FF0AFF06018C
:100EB000DDFF2000F4FF1000FFFF0C0009000C0014
:100EC0001700120035002400EB009E0078FF9BFF06
:100ED000CAFFD1FFDFFFDBFFEDFFE0FFF3FFE0FF25
:100EE000FDFFDCFF0B00C8FF6EFF3701F2FF1600AD
:100EF000FEFF0900090005001000050021000800A0
:100F000042001100F80052004BFFB6FFBDFFDEFFAC
:100F1000D8FFE7FFE4FFE9FFECFFEAFFF2FFE8FF9D
:100F2000FAFFDCFFBBFF4101FCFF07000300FCFFF1
:100F30000B00FAFF1200F8FF2100F8FF4100F7FF55
:100F4000DE00F3FF2FFFFAFFB6FFF7FFD4FFF7FF36
:100F5000E2FFF7FFEAFFF6FFF1FFF5FFF7FFF5FF0E
:100F600020004601FFFFF4FF0200F3FF0A00F1FF3B
:100F70001200EEFF1F00ECFF3C00E4FFC000BAFFD0
:100F80001EFF3E00B7FF0E00D5FF0700E1FF010086
:100F9000E9FF0100F3FF0200FAFF070083002E01C2
:100FA000F5FFE3FFFEFFEAFF0300E9FF0B00E8FFA8
:100FB0001700E3FF2E00D7FF8F009CFF25FF7D0069
:100FC000BFFF1F00DAFF1000E8FF0A00F1FF090071
:100FD000FAFF0B000B001400DA00F800DDFFD2FF6F
:100FE000EFFFE2FFFAFFE3FF0200E3FF0B00DBFF8E
:100FF0001D00CCFF600087FF3BFFCA00CBFF2F0026
:10100000E3FF1900F0FF1000FAFF0C0006000E00CD
:101010001B0017000A01B000BDFFCDFFE0FFE1FF9C
:10102000EBFFE2FFF5FFE1FF0000DAFF0A00C8FF77
:101030002D0084FF74FF1101DEFF3900EFFF1F0058
:10104000FAFF120001000E000F000D002C0011002D
:1010500025015C0098FFDAFFD1FFE9FFE1FFE8FF1F
:10106000E9FFE5FFF3FFDEFFFAFFCDFF080092FF87
:10107000BAFF4A01F2FF3900FAFF1C00020011001A
:1010800009000B00180007003A00060034011A009E
:101090006FFFF0FFBFFFF3FFD5FFF0FFDFFFECFFB7
:1010A000E6FFE8FFEAFFDCFFEDFFB2FF11003F01C2
:1010B000FFFF280001000F00050004000F000000E2
:1010C0001E00F7FF4000EBFF1B01B0FF52FF2300A3
:1010D000B6FF0900CEFF0000DAFFF7FFDFFFF2FFE7
:1010E000E2FFE7FFDCFFCFFF7A004D0106001A00A8
:1010F000050006000700FDFF0E00F5FF1B00EAFFDC
:101100003900D6FFE6006AFF48FF6100B5FF1E0008
:10111000CDFF0E00D9FF0400E0FFFEFFE2FFF8FF65
:10112000E0FFEAFFE1003501030008000200FBFFD9
:101130000500F2FF0C00EAFF1500DCFF2D00C1FFE7
:10114000AB0032FF4FFFB200BBFF3A00D3FF1E00DF
:10115000DFFF1400E5FF0B00E8FF0400EDFFFFFFD9
:101160005F01E700F4FFF5FFF7FFF0FFFBFFEAFF89
:101170000300E1FF0B00D2FF1E00AEFF730011FF62
:1011800063FF0B01C5FF5200DCFF2E00E4FF1C00D3
:10119000EBFF1300F3FF0C0001000A009F01780031
:1011A000D4FFF0FFE3FFEFFFECFFE6FFF0FFDDFF12
:1011B000F7FFC9FFFEFFA3FF180003FFB6FF6C0196
:1011C000E2FF6800EDFF3900F5FF2700FBFF190083
:1011D00008000F0021000A00F3010900A7FFFAFF31
:1011E000CEFFF3FFDAFFEBFFDFFFDEFFE2FFCCFF16
:1011F000E3FFA4FFD8FF0DFF1900C4010000740035
:10120000FEFF3E00020026000A0016001A000A0037
:101210004400F8FF49026DFF65FF2300AAFF0900A3
:10122000BEFFFBFFC7FFEFFFC7FFDBFFC3FFB9FF39
:1012300099FF46FFA400CF011700660009003300A4
:1012400008001C000F000A001B00F7FF4400D3FF3A
:10125000DB01BEFE47FF6D009AFF2A00B2FF1300BC
:10126000B7FFFFFFB7FFECFFA9FFCEFF6DFF6FFFDA
:10127000550101022D00600010002C000A00110031
:101280000D00FBFF1600DDFF3D009DFF7401DAFD40
:101290002CFF05018EFF7600A2FF4B00A7FF360052
:1012A000A2FF24008FFF13003FFFF8FF6A02C00077
:1012B0003300260004001200F3FF0400E7FFF2FFF2
:1012C000DDFFDAFFD3FFA4FFADFF54FEEAFF090103
:1012D000D6FF7100C7FF4900BBFF3800A5FF3200F1
:1012E0007DFF360001FF640082067FFC8A0076FFE6
:1012F0002C008DFF050081FFE4FF5DFFB9FF18FFA3
:1013000060FF6DFE82FD8CFAF301D003C90062011B
:101310008600CF0068008700560054004E00200071
:101320004C00C2FFC7FF05093800A5003D0054006E
:10133000410024004A00F8FF5D00B8FF8D0033FF34
:1013400090019FFCBDFEA8039AFF7501C8FFF9003C
:10135000DAFFC100E6FF9C00EDFF8300F3FF6D00A4
:101360000000FF7F6EFEFD7FDCFCF57F4AFBE97F1E
:10137000B8F9D87F27F8C17F96F6A67F05F5867F56
:1013800074F3617FE4F1377F55F0097FC6EED57EB7
:1013900038ED9C7EABEB5F7E1EEA1D7E92E8D57D2C
:1013A00007E7897D7EE5397DF5E3E37C6DE2887CA6
:1013B000E6E0297C61DFC57BDDDD5C7B5ADCEE7A13
:1013C000D8DA7C7A58D9057ADAD789795DD609795D
:1013D000E1D4847867D3FA77EFD16B7779D0D87678
:1013E00005CF417692CDA57521CC0475B3CA5F7443
:1013F00046C9B573DCC7077374C654720EC59D71B8
:10140000AAC3E27048C22270E9C05E6F8DBF966EBB
:1014100032BEC96DDBBCF86C86BB236C33BA4A6B39
:10142000E4B86D6A97B78B694CB6A66805B5BC671A
:10143000C1B3CF667FB2DD6541B1E86405B0EE634C
:10144000CDAEF16298ADF06165ACEB6037ABE35FB8
:101450000BAAD75EE3A8C75DBEA7B35C9CA69C5B46
:101460007EA5825A64A464594DA3425839A21D57DF
:1014700029A1F5551DA0C954159F9B53109E685274
:101480000F9D3351129CFB4F189BBF4E239A814DE9
:1014900031993F4C4498FB4A5A97B449759669482C
:1014A00093951C47B694CD45DD937A440893254324
:1014B0003792CE416A917340A290173FDE8FB83DBC
:1014C0001E8F563C638EF23AAC8D8C39F98C2438E1
:1014D0004B8CBA36A18B4D35FC8ADF335B8A6E327A
:1014E000BF89FB302889872F9588112E0688992C73
:1014F0007C871F2BF786A32977862628FB85A826BD
:10150000848528251285A623A48423223B849F203A
:10151000D7831A1F7883931D1D830B1CC782821AE1
:101520007782F9182B826E17E381E215A181551499
:101530006481C8122B813A11F780AB0FC9801C0E51
:101540009F808C0C7A80FB0A5A806A093F80D907F9
:10155000288048061780B6040B802403038092017C
:101560000180000003806EFE0B80DCFC17804AFBCC
:101570002880B8F93F8027F85A8096F67A8005F5DA
:101580009F8074F3C980E4F1F78055F02B81C6EE9B
:10159000648138EDA181ABEBE3811EEA2B8292E8F6
:1015A000778207E7C7827EE51D83F5E378836DE2E6
:1015B000D783E6E03B8461DFA484DDDD12855ADC5D
:1015C0008485D8DAFB8558D97786DAD7F7865DD651
:1015D0007C87E1D4068867D39588EFD1288979D0B4
:1015E000BF8905CF5B8A92CDFC8A21CCA18BB3CA7F
:1015F0004B8C46C9F98CDCC7AC8D74C6638E0EC5A6
:101600001E8FAAC3DE8F48C2A290E9C06A918DBF27
:10161000379232BE0893DBBCDD9386BBB69433BAF7
:101620009395E4B8759697B75A974CB6449805B514
:101630003199C1B3239A7FB2189B41B1129C05B076
:101640000F9DCDAE109E98AD159F65AC1DA037AB1C
:1016500029A10BAA39A2E3A84DA3BEA764A49CA606
:101660007EA57EA59CA664A4BEA74DA3E3A839A22F
:101670000BAA29A137AB1DA065AC159F98AD109E94
:10168000CDAE0F9D05B0129C41B1189B7FB2239A3D
:10169000C1B3319905B544984CB65A9797B775962A
:1016A000E4B8939533BAB69486BBDD93DBBC08935C
:1016B00032BE37928DBF6A91E9C0A29048C2DE8FD8
:1016C000AAC31E8F0EC5638E74C6AC8DDCC7F98CA1
:1016D00046C94B8CB3CAA18B21CCFC8A92CD5B8AC4
:1016E00005CFBF8979D02889EFD1958867D306883F
:1016F000E1D47C875DD6F786DAD7778658D9FB8523
:10170000D8DA84855ADC1285DDDDA48461DF3B8470
:10171000E6E0D7836DE27883F5E31D837EE5C7823B
:1017200007E7778292E82B821EEAE381ABEBA18187
:1017300038ED6481C6EE2B8155F0F780E4F1C98065
:1017400074F39F8005F57A8096F65A8027F83F80DB
:10175000B8F928804AFB1780DCFC0B806EFE038002
:10176000000001809201038024030B80B6041780DF
:1017700048062880D9073F806A095A80FB0A7A8088
:101780008C0C9F801C0EC980AB0FF7803A112B8107
:10179000C81264815514A181E215E3816E172B8272
:1017A000F9187782821AC7820B1C1D83931D7883D8
:1017B0001A1FD7839F203B842322A484A62312854B
:1017C00028258485A826FB8526287786A329F786E1
:1017D0001F2B7C87992C0688112E9588872F2889A6
:1017E000FB30BF896E325B8ADF33FC8A4D35A18BBB
:1017F000BA364B8C2438F98C8C39AC8DF23A638E26
:10180000563C1E8FB83DDE8F173FA29073406A9101
:10181000CE413792254308937A44DD93CD45B69463
:101820001C47939569487596B4495A97FB4A449862
:101830003F4C3199814D239ABF4E189BFB4F129C10
:1018400033510F9D6852109E9B53159FC9541DA084
:10185000F55529A11D5739A242584DA3645964A4D6
:10186000825A7EA59C5B9CA6B35CBEA7C75DE3A81D
:10187000D75E0BAAE35F37ABEB6065ACF06198AD68
:10188000F162CDAEEE6305B0E86441B1DD657FB2D3
:10189000CF66C1B3BC6705B5A6684CB68B6997B770
:1018A0006D6AE4B84A6B33BA236C86BBF86CDBBC58
:1018B000C96D32BE966E8DBF5E6FE9C0227048C2A0
:1018C000E270AAC39D710EC5547274C60773DCC75B
:1018D000B57346C95F74B3CA047521CCA57592CDA2
:1018E000417605CFD87679D06B77EFD1FA7767D389
:1018F0008478E1D409795DD68979DAD7057A58D91F
:101900007C7AD8DAEE7A5ADC5C7BDDDDC57B61DF80
:10191000297CE6E0887C6DE2E37CF5E3397D7EE5B9
:10192000897D07E7D57D92E81D7E1EEA5F7EABEBE1
:101930009C7E38EDD57EC6EE097F55F0377FE4F109
:10194000617F74F3867F05F5A67F96F6C17F27F841
:10195000D87FB8F9E97F4AFBF57FDCFCFD7F6EFE9E
:10196000FF7F0000FD7F9201F57F2403E97FB6042D
:10197000D87F4806C17FD907A67F6A09867FFB0A00
:10198000617F8C0C377F1C0E097FAB0FD57E3A111F
:101990009C7EC8125F7E55141D7EE215D57D6E17A4
:1019A000897DF918397D821AE37C0B1C887C931D94
:1019B000297C1A1FC57B9F205C7B2322EE7AA623FD
:1019C0007C7A2825057AA826897926280979A329E9
:1019D00084781F2BFA77992C6B77112ED876872F66
:1019E0004176FB30A5756E320475DF335F744D357B
:1019F000B573BA360773243854728C399D71F23A34
:101A0000E270563C2270B83D5E6F173F966E734091
:101A1000C96DCE41F86C2543236C7A444A6BCD45A1
:101A20006D6A1C478B696948A668B449BC67FB4A64
:101A3000CF663F4CDD65814DE864BF4EEE63FB4FE2
:101A4000F1623351F0616852EB609B53E35FC9541C
:101A5000D75EF555C75D1D57B35C42589C5B645912
:101A6000825A825A64599C5B4258B35C1D57C75DC9
:101A7000F555D75EC954E35F9B53EB606852F06144
:101A80003351F162FB4FEE63BF4EE864814DDD657B
:101A90003F4CCF66FB4ABC67B449A66869488B696E
:101AA0001C476D6ACD454A6B7A44236C2543F86C1C
:101AB000CE41C96D7340966E173F5E6FB83D227080
:101AC000563CE270F23A9D718C3954722438077397
:101AD000BA36B5734D355F74DF3304756E32A57554
:101AE000FB304176872FD876112E6B77992CFA77B9
:101AF0001F2B8478A329097926288979A826057AB5
:101B000028257C7AA623EE7A23225C7B9F20C57B46
:101B10001A1F297C931D887C0B1CE37C821A397D5B
:101B2000F918897D6E17D57DE2151D7E55145F7EEF
:101B3000C8129C7E3A11D57EAB0F097F1C0E377FF1
:101B40008C0C617FFB0A867F6A09A67FD907C17F5B
:101B50004806D87FB604E97F2403F57F9201FD7F14
:101B600004000000800000000400000020000000CD
:101B70000400000008000000040000000200000053
:101B800002000000010000005B4552524F525D20F0
:101B90006B6973735F6666742E633A343336200064
:101BA000666F757420627566666572204E554C4C82
:101BB0002E0000005B4552524F525D206B697373DB
:101BC0005F6666742E633A34343220004D656D6F63
:101BD000727920616C6C6F636174696F6E206572DD
:101BE000726F722E00000000000102020303030363
:101BF000040404040404040405050505050505059D
:101C0000050505050505050506060606060606067C
:101C10000606060606060606060606060606060664
:101C2000060606060606060607070707070707074C
:101C30000707070707070707070707070707070734
:101C40000707070707070707070707070707070724
:101C50000707070707070707070707070707070714
:101C600007070707070707070808080808080808FC
:101C700008080808080808080808080808080808E4
:101C800008080808080808080808080808080808D4
:101C900008080808080808080808080808080808C4
:101CA00008080808080808080808080808080808B4
:101CB00008080808080808080808080808080808A4
:101CC0000808080808080808080808080808080894
:101CD0000808080808080808080808080808080884
:101CE00008080808080808080A000000494E4600CD
:101CF000696E66004E414E006E616E0030313233C7
:101D000034353637383941424344454600000000F7
:101D10003031323334353637383961626364656661
:101D200000000000286E756C6C2900003000000077
:101D3000306200806C5C00806C5C008024620080FB
:101D40006C5C00806C5C00806C5C00806C5C008073
:101D50006C5C00806C5C00802861008014620080F4
:101D60006C5C0080406100804C6100806C5C008095
:101D7000D4610080385C0080385C0080385C008072
:101D8000385C0080385C0080385C0080385C008003
:101D9000385C0080385C00806C5C00806C5C00808B
:101DA0006C5C00806C5C00806C5C00806C5C008013
:101DB0006C5C00806C5C00806C5C00806C5C008003
:101DC000A8610080945F00806C5C0080945F00805C
:101DD0006C5C00806C5C00806C5C00806C5C0080E3
:101DE000486200806C5C00806C5C00802C6300802A
:101DF0006C5C00806C5C00806C5C00806C5C0080C3
:101E00006C5C0080546200806C5C00806C5C0080C4
:101E1000406E00806C5C00806C5C00806C5C0080BC
:101E20006C5C00806C5C00806C5C00806C5C008092
:101E30006C5C00806C5C00806C5C0080EC610080FD
:101E400084600080945F0080945F0080945F0080D5
:101E5000E0610080846000806C5C00806C5C0080CD
:101E6000445E00806C5C00804864008018640080E0
:101E7000E0630080445E00806C5C008078630080DA
:101E80006C5C0080486300806C5C00806C5C00804F
:101E9000986E00802020202020202020202020203C
:101EA0002020202030303030303030303030303072
:101EB00030303030D8810080387E0080387E00801D
:101EC000CC810080387E0080387E0080387E0080A3
:101ED000387E0080387E0080387E00802C81008033
:101EE000BC810080387E00803C8100804881008079
:101EF000387E0080B0810080047E0080047E0080F7
:101F0000047E0080047E0080047E0080047E0080C9
:101F1000047E0080047E0080047E0080387E008085
:101F2000387E0080387E0080387E0080387E0080D9
:101F3000387E0080387E0080387E0080387E0080C9
:101F4000387E00809C810080387E0080387E008052
:101F5000387E0080387E0080387E0080387E0080A9
:101F6000387E0080387E0080387E0080387E008099
:101F70005C820080387E0080387E0080387E008061
:101F8000387E0080387E008010820080387E00809D
:101F9000387E0080F4880080387E0080387E0080A3
:101FA000387E0080387E0080387E0080387E008059
:101FB000387E0080387E0080387E0080387E008049
:101FC000F081008088800080387E0080387E00802C
:101FD000387E00802483008088800080387E0080E6
:101FE000387E0080907F0080387E0080EC82008008
:101FF000C4820080B8830080907F0080387E00809B
:1020000058830080387E008030830080387E0080D6
:10201000387E008048890080202020202020202039
:102020002020202020202020303030303030303030
:10203000303030303030303043000000504F5349A2
:1020400058000000496E66696E69747900000000EE
:102050004E614E0042616C6C6F6320737563636503
:1020600065646564000000002E2E2F2E2E2F2E2E6C
:102070002F2E2E2F2E2E2F2E2E2F7372632F6E6546
:10208000776C69622F6E65776C69622F6C69626329
:102090002F7374646C69622F64746F612E63000027
:1020A0002E2E2F2E2E2F2E2E2F2E2E2F2E2E2F2E4B
:1020B0002E2F7372632F6E65776C69622F6E657752
:1020C0006C69622F6C6962632F7374646C69622F30
:1020D0006D707265632E630005000000190000003A
:1020E0007D00000000000000000000000000F03F44
:1020F00000000000000024400000000000005940E3
:102100000000000000408F40000000000088C34035
:1021100000000000006AF8400000000080842E41AA
:1021200000000000D01263410000000084D79741F6
:102130000000000065CDCD41000000205FA00242FC
:10214000000000E876483742000000A2941A6D4271
:10215000000040E59C30A2420000901EC4BCD64264
:1021600000003426F56B0C430080E03779C341430F
:1021700000A0D8855734764300C84E676DC1AB4385
:10218000003D9160E458E143408CB5781DAF1544A3
:1021900050EFE2D6E41A4B4492D54D06CFF080447E
:1021A000F64AE1C7022DB544B49DD9794378EA4493
:1021B000BC89D897B2D29C3C33A7A8D523F649391D
:1021C0003DA7F444FD0FA5329D978CCF08BA5B253F
:1021D000436FAC642806C80A0080E03779C34143E6
:1021E000176E05B5B5B89346F5F93FE9034F384D7D
:1021F000321D30F94877825A3CBF737FDD4F157529
:1022000000202020202020202020282828282820C6
:1022100020202020202020202020202020202020BE
:102220002088101010101010101010101010101026
:102230001004040404040404040404101010101016
:1022400010104141414141410101010101010101E0
:102250000101010101010101010101011010101032
:1022600010104242424242420202020202020202B2
:102270000202020202020202020202021010101006
:10228000200000000000000000000000000000002E
:10229000000000000000000000000000000000003E
:1022A000000000000000000000000000000000002E
:1022B000000000000000000000000000000000001E
:1022C000000000000000000000000000000000000E
:1022D00000000000000000000000000000000000FE
:1022E00000000000000000000000000000000000EE
:1022F00000000000000000000000000000000000DE
:10230000000000002C2066756E6374696F6E3A20C1
:1023100000000000617373657274696F6E2022257E
:102320007322206661696C65643A2066696C652079
:10233000222573222C206C696E6520256425732567
:10234000730A000074E2008020E10080CCE000808D
:1023500020E20080CCE0008030E10080CCE0008012
:1023600020E2008020E1008020E1008030E1008058
:1023700020E20080ACE10080ACE10080ACE10080B4
:0423800030E10080C8
:102384001000000000000000037A5200017C0101EB
:102394001B0D02001000000018000000CC0AFFFF13
:1023A400DC04000000000000100000002C0000000D
:0C23B400940FFFFF9004000000000000E8
:1023C00000000010000000000000000000000000FD
:1023D00000000000000000000000000000000000FD
:1023E00000000000000000000000000000000000ED
:1023F000E8230180E8230180F0230180F02301809D
:10240000F8230180F823018000240180002401804A
:1024100008240180082401801024018010240180F8
:1024200018240180182401802024018020240180A8
:102430002824018028240180302401803024018058
:102440003824018038240180402401804024018008
:1024500048240180482401805024018050240180B8
:102460005824018058240180602401806024018068
:102470006824018068240180702401807024018018
:1024800078240180782401808024018080240180C8
:102490008824018088240180902401809024018078
:1024A0009824018098240180A0240180A024018028
:1024B000A8240180A8240180B0240180B0240180D8
:1024C000B8240180B8240180C0240180C024018088
:1024D000C8240180C8240180D0240180D024018038
:1024E000D8240180D8240180E0240180E0240180E8
:1024F000E8240180E8240180F0240180F024018098
:10250000F8240180F8240180002501800025018045
:1025100008250180082501801025018010250180F3
:1025200018250180182501802025018020250180A3
:102530002825018028250180302501803025018053
:102540003825018038250180402501804025018003
:1025500048250180482501805025018050250180B3
:102560005825018058250180602501806025018063
:102570006825018068250180702501807025018013
:1025800078250180782501808025018080250180C3
:102590008825018088250180902501809025018073
:1025A0009825018098250180A0250180A025018023
:1025B000A8250180A8250180B0250180B0250180D3
:1025C000B8250180B8250180C0250180C025018083
:1025D000C8250180C8250180D0250180D025018033
:1025E000D8250180D8250180E0250180E0250180E3
:1025F000E8250180E8250180F0250180F025018093
:10260000F8250180F8250180002601800026018040
:1026100008260180082601801026018010260180EE
:10262000182601801826018020260180202601809E
:10263000282601802826018030260180302601804E
:1026400038260180382601804026018040260180FE
:1026500048260180482601805026018050260180AE
:10266000582601805826018060260180602601805E
:10267000682601806826018070260180702601800E
:1026800078260180782601808026018080260180BE
:10269000882601808826018090260180902601806E
:1026A0009826018098260180A0260180A02601801E
:1026B000A8260180A8260180B0260180B0260180CE
:1026C000B8260180B8260180C0260180C02601807E
:1026D000C8260180C8260180D0260180D02601802E
:1026E000D8260180D8260180E0260180E0260180DE
:1026F000E8260180E8260180F0260180F02601808E
:10270000F8260180F826018000270180002701803B
:1027100008270180082701801027018010270180E9
:102720001827018018270180202701802027018099
:102730002827018028270180302701803027018049
:1027400038270180382701804027018040270180F9
:1027500048270180482701805027018050270180A9
:102760005827018058270180602701806027018059
:102770006827018068270180702701807027018009
:1027800078270180782701808027018080270180B9
:102790008827018088270180902701809027018069
:1027A0009827018098270180A0270180A027018019
:1027B000A8270180A8270180B0270180B0270180C9
:1027C000B8270180B8270180C0270180C027018079
:1027D000C8270180C8270180D0270180D027018029
:1027E000D8270180D8270180E0270180E0270180D9
:1027F0000000000003000000502B018000000000DA
:1028000000000000502B0180B82B0180202C01809B
:1028100000000000000000000000000000000000B8
:1028200000000000000000000000000000000000A8
:102830000000000000000000000000000000000098
:102840000000000000000000000000000000000088
:102850000000000000000000000000000000000078
:102860000000000000000000000000000000000068
:102870000000000000000000000000000000000058
:102880000000000000000000000000000000000048
:102890000000000000000000010000000000000037
:1028A0000E33CDAB34126DE6ECDE05000B000000FC
:1028B0000000000000000000000000000000000018
:1028C0000000000000000000000000000000000008
:1028D00000000000000000000000000000000000F8
:1028E00000000000000000000000000000000000E8
:1028F00000000000000000000000000000000000D8
:1029000000000000000000000000000000000000C7
:1029100000000000000000000000000000000000B7
:102920004300000000000000000000000000000064
:102930000000000000000000000000000000000097
:102940004300000000000000000000000000000044
:102950000000000000000000000000000000000077
:102960004300000000000000000000000000000024
:102970000000000000000000000000000000000057
:102980004300000000000000000000000000000004
:102990000000000000000000000000000000000037
:1029A00043000000000000000000000000000000E4
:1029B0000000000000000000000000000000000017
:1029C00043000000000000000000000000000000C4
:1029D00000000000000000000000000000000000F7
:1029E00043000000000000000000000000000000A4
:1029F00000000000000000000000000000000000D7
:102A0000D0CD0080DCB500800000000000220180F5
:102A1000B01B018038030180380301803803018036
:102A200038030180380301803803018038030180B6
:102A30003803018038030180FFFFFFFFFFFFFFFF26
:102A4000FFFFFFFFFFFF0000010041534349490022
:102A50000000000000000000000000000000000076
:102A600000000000000000000000415343494900FD
:102A70000000000000000000000000000000000056
:0C2A80000000000000000000000000004A
:102A8C00FFFFFFFF0000000000000000601301804A
:082A9C00042B0180601B018086
:102AA800FFFFFFFFFFFFEF7F000000000000F83F7F
:102AB80061436F63A787D23FB3C8608B288AC63F3C
:102AC800FB799F501344D33F000000000000F03F03
:102AD80000000000000024400000000000001C402E
:102AE8000000000000001440000000000000E03F6B
:102AF800202E0180FFFFFFFF000002000028018058
:0400000580000080F7
:00000001FF
